source,source_id,source_rule_title,target_id,target_type,parent_sr,foundational_requirement,target_title,rank,raw_cosine,relative_score,human_label,human_confidence,human_notes
hadolint,DL1001,Please refrain from using inline ignore pragmas # hadolint ignore=DLxxxx.,SR 1.11,SR,,1,Unsuccessful login attempts,1,0.508833,1.0,,,
hadolint,DL1001,Please refrain from using inline ignore pragmas # hadolint ignore=DLxxxx.,SR 4.2,SR,,4,Information persistence,2,0.501355,0.921798,,,
hadolint,DL1001,Please refrain from using inline ignore pragmas # hadolint ignore=DLxxxx.,SR 3.6,SR,,3,Deterministic output,3,0.499486,0.90306,,,
hadolint,DL1001,Please refrain from using inline ignore pragmas # hadolint ignore=DLxxxx.,SR 3.7,SR,,3,Error handling,4,0.498655,0.894824,,,
hadolint,DL1001,Please refrain from using inline ignore pragmas # hadolint ignore=DLxxxx.,SR 5.3 RE 1,RE,SR 5.3,5,Prohibit all general purpose person-to-person communications,5,0.497253,0.881075,,,
hadolint,DL1001,Please refrain from using inline ignore pragmas # hadolint ignore=DLxxxx.,SR 3.8,SR,,3,Session integrity,6,0.496083,0.869729,,,
hadolint,DL1001,Please refrain from using inline ignore pragmas # hadolint ignore=DLxxxx.,SR 7.7,SR,,7,Least functionality,7,0.494929,0.858662,,,
hadolint,DL1001,Please refrain from using inline ignore pragmas # hadolint ignore=DLxxxx.,SR 5.3,SR,,5,General purpose person-to-person communication restrictions,8,0.494238,0.852093,,,
hadolint,DL1001,Please refrain from using inline ignore pragmas # hadolint ignore=DLxxxx.,SR 1.10,SR,,1,Authenticator feedback,9,0.493067,0.841045,,,
hadolint,DL1001,Please refrain from using inline ignore pragmas # hadolint ignore=DLxxxx.,SR 5.2 RE 1,RE,SR 5.2,5,"Deny by default, allow by exception",10,0.49071,0.819172,,,
hadolint,DL3000,Use absolute WORKDIR.,SR 7.3,SR,,7,Control system backup,1,0.494736,1.0,,,
hadolint,DL3000,Use absolute WORKDIR.,SR 3.2 RE 1,RE,SR 3.2,3,Malicious code protection on entry and exit points,2,0.490041,0.948899,,,
hadolint,DL3000,Use absolute WORKDIR.,SR 2.3,SR,,2,Use control for portable and mobile devices,3,0.487362,0.920722,,,
hadolint,DL3000,Use absolute WORKDIR.,SR 1.5 RE 1,RE,SR 1.5,1,Hardware security for software process identity credentials,4,0.486672,0.913572,,,
hadolint,DL3000,Use absolute WORKDIR.,SR 3.7,SR,,3,Error handling,5,0.483662,0.882927,,,
hadolint,DL3000,Use absolute WORKDIR.,SR 1.4,SR,,1,Identifier management,6,0.482867,0.874979,,,
hadolint,DL3000,Use absolute WORKDIR.,SR 1.2,SR,,1,Software process and device identification and authentication,7,0.481619,0.862606,,,
hadolint,DL3000,Use absolute WORKDIR.,SR 3.2 RE 2,RE,SR 3.2,3,Central management and reporting for malicious code protection,8,0.480382,0.850489,,,
hadolint,DL3000,Use absolute WORKDIR.,SR 3.8 RE 3,RE,SR 3.8,3,Randomness of session IDs,9,0.478188,0.829345,,,
hadolint,DL3000,Use absolute WORKDIR.,SR 5.4,SR,,5,Application partitioning,10,0.477277,0.820691,,,
hadolint,DL3001,Command does not make sense in a container.,SR 7.1 RE 1,RE,SR 7.1,7,Manage communication loads,1,0.490865,1.0,,,
hadolint,DL3001,Command does not make sense in a container.,SR 3.2 RE 1,RE,SR 3.2,3,Malicious code protection on entry and exit points,2,0.480609,0.89035,,,
hadolint,DL3001,Command does not make sense in a container.,SR 3.7,SR,,3,Error handling,3,0.480575,0.890005,,,
hadolint,DL3001,Command does not make sense in a container.,SR 4.2,SR,,4,Information persistence,4,0.478707,0.871146,,,
hadolint,DL3001,Command does not make sense in a container.,SR 5.2 RE 3,RE,SR 5.2,5,Fail close,5,0.477005,0.854243,,,
hadolint,DL3001,Command does not make sense in a container.,SR 1.4,SR,,1,Identifier management,6,0.472056,0.806628,,,
hadolint,DL3001,Command does not make sense in a container.,SR 3.6,SR,,3,Deterministic output,7,0.47132,0.799727,,,
hadolint,DL3001,Command does not make sense in a container.,SR 7.6 RE 1,RE,SR 7.6,7,Machine-readable reporting of current security settings,8,0.468109,0.770225,,,
hadolint,DL3001,Command does not make sense in a container.,SR 7.7,SR,,7,Least functionality,9,0.466216,0.753243,,,
hadolint,DL3001,Command does not make sense in a container.,SR 1.11,SR,,1,Unsuccessful login attempts,10,0.465518,0.747061,,,
hadolint,DL3002,Last user should not be root.,SR 1.11,SR,,1,Unsuccessful login attempts,1,0.525013,1.0,,,
hadolint,DL3002,Last user should not be root.,SR 2.5,SR,,2,Session lock,2,0.523563,0.984912,,,
hadolint,DL3002,Last user should not be root.,SR 1.7 RE 1,RE,SR 1.7,1,Password generation and lifetime restrictions for human users,3,0.515753,0.906767,,,
hadolint,DL3002,Last user should not be root.,SR 3.8 RE 1,RE,SR 3.8,3,Invalidation of session IDs after session termination,4,0.510787,0.859773,,,
hadolint,DL3002,Last user should not be root.,SR 2.12 RE 1,RE,SR 2.12,2,Non-repudiation for all users,5,0.503441,0.79393,,,
hadolint,DL3002,Last user should not be root.,SR 2.1 RE 1,RE,SR 2.1,2,Authorization enforcement for all users,6,0.501668,0.778673,,,
hadolint,DL3002,Last user should not be root.,SR 1.7 RE 2,RE,SR 1.7,1,Password lifetime restrictions for all users,7,0.497898,0.747034,,,
hadolint,DL3002,Last user should not be root.,SR 3.2 RE 1,RE,SR 3.2,3,Malicious code protection on entry and exit points,8,0.497225,0.741491,,,
hadolint,DL3002,Last user should not be root.,SR 3.8 RE 3,RE,SR 3.8,3,Randomness of session IDs,9,0.497129,0.740709,,,
hadolint,DL3002,Last user should not be root.,SR 5.2 RE 2,RE,SR 5.2,5,Island mode,10,0.49119,0.693331,,,
hadolint,DL3003,"Use absolute paths, or use WORKDIR to switch to a directory.",SR 7.3,SR,,7,Control system backup,1,0.510417,1.0,,,
hadolint,DL3003,"Use absolute paths, or use WORKDIR to switch to a directory.",SR 7.3 RE 2,RE,SR 7.3,7,Backup automation,2,0.497138,0.865038,,,
hadolint,DL3003,"Use absolute paths, or use WORKDIR to switch to a directory.",SR 3.6,SR,,3,Deterministic output,3,0.481419,0.724923,,,
hadolint,DL3004,Do not use sudo.,SR 2.4,SR,,2,Mobile code,1,0.456336,1.0,,,
hadolint,DL3004,Do not use sudo.,SR 1.11,SR,,1,Unsuccessful login attempts,2,0.440363,0.822032,,,
hadolint,DL3004,Do not use sudo.,SR 4.2,SR,,4,Information persistence,3,0.439951,0.817819,,,
hadolint,DL3004,Do not use sudo.,SR 1.13 RE 1,RE,SR 1.13,1,Explicit access request approval,4,0.426161,0.686417,,,
hadolint,DL3005,Do not use apt-get dist-upgrade.,SR 3.2,SR,,3,Malicious code protection,1,0.390129,1.0,,,
hadolint,DL3005,Do not use apt-get dist-upgrade.,SR 1.5 RE 1,RE,SR 1.5,1,Hardware security for software process identity credentials,2,0.38848,0.976962,,,
hadolint,DL3005,Do not use apt-get dist-upgrade.,SR 7.1,SR,,7,Denial of service protection,3,0.385315,0.933986,,,
hadolint,DL3005,Do not use apt-get dist-upgrade.,SR 7.5,SR,,7,Emergency power,4,0.383186,0.905949,,,
hadolint,DL3005,Do not use apt-get dist-upgrade.,SR 5.2 RE 1,RE,SR 5.2,5,"Deny by default, allow by exception",5,0.381578,0.885237,,,
hadolint,DL3005,Do not use apt-get dist-upgrade.,SR 7.7,SR,,7,Least functionality,6,0.380931,0.877015,,,
hadolint,DL3005,Do not use apt-get dist-upgrade.,SR 5.3 RE 1,RE,SR 5.3,5,Prohibit all general purpose person-to-person communications,7,0.375191,0.806753,,,
hadolint,DL3005,Do not use apt-get dist-upgrade.,SR 1.8,SR,,1,Public key infrastructure (PKI) certificates,8,0.372416,0.774482,,,
hadolint,DL3005,Do not use apt-get dist-upgrade.,SR 1.11,SR,,1,Unsuccessful login attempts,9,0.372193,0.771932,,,
hadolint,DL3005,Do not use apt-get dist-upgrade.,SR 2.4,SR,,2,Mobile code,10,0.371513,0.764202,,,
hadolint,DL3006,Always tag the version of an image explicitly.,SR 3.8 RE 3,RE,SR 3.8,3,Randomness of session IDs,1,0.461041,1.0,,,
hadolint,DL3006,Always tag the version of an image explicitly.,SR 3.6,SR,,3,Deterministic output,2,0.4576,0.959638,,,
hadolint,DL3006,Always tag the version of an image explicitly.,SR 2.12 RE 1,RE,SR 2.12,2,Non-repudiation for all users,3,0.449525,0.870117,,,
hadolint,DL3006,Always tag the version of an image explicitly.,SR 2.11,SR,,2,Timestamps,4,0.44603,0.83356,,,
hadolint,DL3006,Always tag the version of an image explicitly.,SR 1.4,SR,,1,Identifier management,5,0.441631,0.789329,,,
hadolint,DL3006,Always tag the version of an image explicitly.,SR 1.2 RE 1,RE,SR 1.2,1,Unique identification and authentication,6,0.44145,0.78756,,,
hadolint,DL3006,Always tag the version of an image explicitly.,SR 1.2,SR,,1,Software process and device identification and authentication,7,0.441176,0.784871,,,
hadolint,DL3006,Always tag the version of an image explicitly.,SR 3.8 RE 2,RE,SR 3.8,3,Unique session ID generation,8,0.438831,0.762194,,,
hadolint,DL3006,Always tag the version of an image explicitly.,SR 3.7,SR,,3,Error handling,9,0.437911,0.753452,,,
hadolint,DL3006,Always tag the version of an image explicitly.,SR 3.8 RE 1,RE,SR 3.8,3,Invalidation of session IDs after session termination,10,0.435761,0.733333,,,
hadolint,DL3007,Using latest is prone to errors if the image will ever update. Pin the version explicitly to a release tag.,SR 7.1,SR,,7,Denial of service protection,1,0.47121,1.0,,,
hadolint,DL3007,Using latest is prone to errors if the image will ever update. Pin the version explicitly to a release tag.,SR 3.7,SR,,3,Error handling,2,0.468176,0.965091,,,
hadolint,DL3007,Using latest is prone to errors if the image will ever update. Pin the version explicitly to a release tag.,SR 7.3 RE 1,RE,SR 7.3,7,Backup verification,3,0.458249,0.857778,,,
hadolint,DL3007,Using latest is prone to errors if the image will ever update. Pin the version explicitly to a release tag.,SR 1.11,SR,,1,Unsuccessful login attempts,4,0.454337,0.818271,,,
hadolint,DL3007,Using latest is prone to errors if the image will ever update. Pin the version explicitly to a release tag.,SR 3.6,SR,,3,Deterministic output,5,0.449469,0.771199,,,
hadolint,DL3007,Using latest is prone to errors if the image will ever update. Pin the version explicitly to a release tag.,SR 1.7 RE 1,RE,SR 1.7,1,Password generation and lifetime restrictions for human users,6,0.446697,0.745402,,,
hadolint,DL3007,Using latest is prone to errors if the image will ever update. Pin the version explicitly to a release tag.,SR 5.2 RE 3,RE,SR 5.2,5,Fail close,7,0.444228,0.723023,,,
hadolint,DL3007,Using latest is prone to errors if the image will ever update. Pin the version explicitly to a release tag.,SR 2.12 RE 1,RE,SR 2.12,2,Non-repudiation for all users,8,0.443684,0.718167,,,
hadolint,DL3007,Using latest is prone to errors if the image will ever update. Pin the version explicitly to a release tag.,SR 3.8 RE 3,RE,SR 3.8,3,Randomness of session IDs,9,0.439432,0.681119,,,
hadolint,DL3008,Pin versions in apt-get install.,SR 3.8 RE 3,RE,SR 3.8,3,Randomness of session IDs,1,0.443424,1.0,,,
hadolint,DL3008,Pin versions in apt-get install.,SR 7.7,SR,,7,Least functionality,2,0.435353,0.903905,,,
hadolint,DL3008,Pin versions in apt-get install.,SR 3.3,SR,,3,Security functionality verification,3,0.429733,0.841557,,,
hadolint,DL3008,Pin versions in apt-get install.,SR 1.8,SR,,1,Public key infrastructure (PKI) certificates,4,0.422978,0.771335,,,
hadolint,DL3008,Pin versions in apt-get install.,SR 3.2,SR,,3,Malicious code protection,5,0.421987,0.761448,,,
hadolint,DL3008,Pin versions in apt-get install.,SR 1.7 RE 1,RE,SR 1.7,1,Password generation and lifetime restrictions for human users,6,0.421939,0.760963,,,
hadolint,DL3008,Pin versions in apt-get install.,SR 3.6,SR,,3,Deterministic output,7,0.421525,0.756871,,,
hadolint,DL3008,Pin versions in apt-get install.,SR 1.11,SR,,1,Unsuccessful login attempts,8,0.41772,0.720046,,,
hadolint,DL3008,Pin versions in apt-get install.,SR 1.7 RE 2,RE,SR 1.7,1,Password lifetime restrictions for all users,9,0.416023,0.704105,,,
hadolint,DL3008,Pin versions in apt-get install.,SR 1.13 RE 1,RE,SR 1.13,1,Explicit access request approval,10,0.415107,0.69562,,,
hadolint,DL3009,Delete the apt-get lists after installing something.,SR 4.2,SR,,4,Information persistence,1,0.457532,1.0,,,
hadolint,DL3009,Delete the apt-get lists after installing something.,SR 4.2 RE 1,RE,SR 4.2,4,Purging of shared memory resources,2,0.433175,0.740169,,,
hadolint,DL3010,Use ADD for extracting archives into an image.,SR 2.11,SR,,2,Timestamps,1,0.50825,1.0,,,
hadolint,DL3011,Valid UNIX ports range from 0 to 65535.,SR 1.11,SR,,1,Unsuccessful login attempts,1,0.52786,1.0,,,
hadolint,DL3011,Valid UNIX ports range from 0 to 65535.,SR 7.1,SR,,7,Denial of service protection,2,0.512906,0.853799,,,
hadolint,DL3011,Valid UNIX ports range from 0 to 65535.,SR 3.7,SR,,3,Error handling,3,0.506637,0.797964,,,
hadolint,DL3011,Valid UNIX ports range from 0 to 65535.,SR 7.7,SR,,7,Least functionality,4,0.499217,0.735764,,,
hadolint,DL3011,Valid UNIX ports range from 0 to 65535.,SR 7.1 RE 1,RE,SR 7.1,7,Manage communication loads,5,0.497036,0.718256,,,
hadolint,DL3012,Multiple HEALTHCHECK instructions,SR 3.2,SR,,3,Malicious code protection,1,0.502444,1.0,,,
hadolint,DL3012,Multiple HEALTHCHECK instructions,SR 3.2 RE 1,RE,SR 3.2,3,Malicious code protection on entry and exit points,2,0.491525,0.886175,,,
hadolint,DL3012,Multiple HEALTHCHECK instructions,SR 3.3 RE 1,RE,SR 3.3,3,Automated mechanisms for security functionality verification,3,0.484886,0.822315,,,
hadolint,DL3012,Multiple HEALTHCHECK instructions,SR 2.4 RE 1,RE,SR 2.4,2,Mobile code integrity check,4,0.484729,0.82085,,,
hadolint,DL3012,Multiple HEALTHCHECK instructions,SR 3.3,SR,,3,Security functionality verification,5,0.481025,0.786934,,,
hadolint,DL3012,Multiple HEALTHCHECK instructions,SR 7.7,SR,,7,Least functionality,6,0.478788,0.767022,,,
hadolint,DL3012,Multiple HEALTHCHECK instructions,SR 3.2 RE 2,RE,SR 3.2,3,Central management and reporting for malicious code protection,7,0.4772,0.753127,,,
hadolint,DL3012,Multiple HEALTHCHECK instructions,SR 1.11,SR,,1,Unsuccessful login attempts,8,0.476983,0.751245,,,
hadolint,DL3012,Multiple HEALTHCHECK instructions,SR 1.7 RE 1,RE,SR 1.7,1,Password generation and lifetime restrictions for human users,9,0.471223,0.702691,,,
hadolint,DL3013,Pin versions in pip.,SR 3.2,SR,,3,Malicious code protection,1,0.440326,1.0,,,
hadolint,DL3013,Pin versions in pip.,SR 3.3,SR,,3,Security functionality verification,2,0.43874,0.980349,,,
hadolint,DL3013,Pin versions in pip.,SR 1.7 RE 1,RE,SR 1.7,1,Password generation and lifetime restrictions for human users,3,0.43738,0.963756,,,
hadolint,DL3013,Pin versions in pip.,SR 1.11,SR,,1,Unsuccessful login attempts,4,0.436877,0.95768,,,
hadolint,DL3013,Pin versions in pip.,SR 3.8 RE 3,RE,SR 3.8,3,Randomness of session IDs,5,0.436849,0.957337,,,
hadolint,DL3013,Pin versions in pip.,SR 1.13 RE 1,RE,SR 1.13,1,Explicit access request approval,6,0.426475,0.838795,,,
hadolint,DL3013,Pin versions in pip.,SR 3.7,SR,,3,Error handling,7,0.426061,0.834331,,,
hadolint,DL3013,Pin versions in pip.,SR 5.2 RE 1,RE,SR 5.2,5,"Deny by default, allow by exception",8,0.425849,0.832046,,,
hadolint,DL3013,Pin versions in pip.,SR 5.2 RE 3,RE,SR 5.2,5,Fail close,9,0.425005,0.823016,,,
hadolint,DL3013,Pin versions in pip.,SR 3.6,SR,,3,Deterministic output,10,0.423933,0.811664,,,
hadolint,DL3014,Use the -y switch.,SR 7.5,SR,,7,Emergency power,1,0.448165,1.0,,,
hadolint,DL3014,Use the -y switch.,SR 3.7,SR,,3,Error handling,2,0.444906,0.960658,,,
hadolint,DL3014,Use the -y switch.,SR 7.1,SR,,7,Denial of service protection,3,0.423814,0.735456,,,
hadolint,DL3014,Use the -y switch.,SR 7.3 RE 2,RE,SR 7.3,7,Backup automation,4,0.423535,0.732793,,,
hadolint,DL3014,Use the -y switch.,SR 3.2,SR,,3,Malicious code protection,5,0.421611,0.714675,,,
hadolint,DL3014,Use the -y switch.,SR 2.4 RE 1,RE,SR 2.4,2,Mobile code integrity check,6,0.421226,0.711091,,,
hadolint,DL3014,Use the -y switch.,SR 2.4,SR,,2,Mobile code,7,0.418229,0.683704,,,
hadolint,DL3015,Avoid additional packages by specifying --no-install-recommends.,SR 7.7,SR,,7,Least functionality,1,0.487693,1.0,,,
hadolint,DL3015,Avoid additional packages by specifying --no-install-recommends.,SR 1.13 RE 1,RE,SR 1.13,1,Explicit access request approval,2,0.468089,0.798001,,,
hadolint,DL3015,Avoid additional packages by specifying --no-install-recommends.,SR 2.4,SR,,2,Mobile code,3,0.464292,0.763035,,,
hadolint,DL3015,Avoid additional packages by specifying --no-install-recommends.,SR 2.3,SR,,2,Use control for portable and mobile devices,4,0.460187,0.726665,,,
hadolint,DL3016,Pin versions in npm.,SR 1.9,SR,,1,Strength of public key authentication,1,0.453884,1.0,,,
hadolint,DL3016,Pin versions in npm.,SR 3.8 RE 3,RE,SR 3.8,3,Randomness of session IDs,2,0.442173,0.866092,,,
hadolint,DL3016,Pin versions in npm.,SR 1.8,SR,,1,Public key infrastructure (PKI) certificates,3,0.433685,0.778506,,,
hadolint,DL3016,Pin versions in npm.,SR 2.8 RE 1,RE,SR 2.8,2,"Centrally managed, system-wide audit trail",4,0.431654,0.758667,,,
hadolint,DL3016,Pin versions in npm.,SR 1.5 RE 1,RE,SR 1.5,1,Hardware security for software process identity credentials,5,0.431378,0.755998,,,
hadolint,DL3016,Pin versions in npm.,SR 1.7 RE 1,RE,SR 1.7,1,Password generation and lifetime restrictions for human users,6,0.429235,0.735573,,,
hadolint,DL3016,Pin versions in npm.,SR 2.12 RE 1,RE,SR 2.12,2,Non-repudiation for all users,7,0.428332,0.727101,,,
hadolint,DL3016,Pin versions in npm.,SR 2.11,SR,,2,Timestamps,8,0.427269,0.71724,,,
hadolint,DL3016,Pin versions in npm.,SR 1.5,SR,,1,Authenticator management,9,0.425969,0.705311,,,
hadolint,DL3016,Pin versions in npm.,SR 7.6,SR,,7,Network and security configuration settings,10,0.423452,0.682696,,,
hadolint,DL3017,Do not use apk upgrade,SR 1.11,SR,,1,Unsuccessful login attempts,1,0.447496,1.0,,,
hadolint,DL3017,Do not use apk upgrade,SR 3.7,SR,,3,Error handling,2,0.436247,0.869343,,,
hadolint,DL3017,Do not use apk upgrade,SR 1.5 RE 1,RE,SR 1.5,1,Hardware security for software process identity credentials,3,0.433915,0.844081,,,
hadolint,DL3017,Do not use apk upgrade,SR 7.7,SR,,7,Least functionality,4,0.433256,0.837061,,,
hadolint,DL3017,Do not use apk upgrade,SR 2.3,SR,,2,Use control for portable and mobile devices,5,0.431597,0.819582,,,
hadolint,DL3017,Do not use apk upgrade,SR 2.4,SR,,2,Mobile code,6,0.429531,0.798234,,,
hadolint,DL3017,Do not use apk upgrade,SR 7.5,SR,,7,Emergency power,7,0.423555,0.739037,,,
hadolint,DL3017,Do not use apk upgrade,SR 1.12,SR,,1,System use notification,8,0.42279,0.731728,,,
hadolint,DL3017,Do not use apk upgrade,SR 1.13 RE 1,RE,SR 1.13,1,Explicit access request approval,9,0.42133,0.717933,,,
hadolint,DL3017,Do not use apk upgrade,SR 1.7 RE 1,RE,SR 1.7,1,Password generation and lifetime restrictions for human users,10,0.421304,0.717692,,,
hadolint,DL3018,Pin versions in apk add,SR 1.5 RE 1,RE,SR 1.5,1,Hardware security for software process identity credentials,1,0.492956,1.0,,,
hadolint,DL3018,Pin versions in apk add,SR 1.11,SR,,1,Unsuccessful login attempts,2,0.473862,0.80471,,,
hadolint,DL3018,Pin versions in apk add,SR 2.5,SR,,2,Session lock,3,0.470806,0.776574,,,
hadolint,DL3018,Pin versions in apk add,SR 3.8 RE 3,RE,SR 3.8,3,Randomness of session IDs,4,0.464374,0.719988,,,
hadolint,DL3018,Pin versions in apk add,SR 1.7 RE 1,RE,SR 1.7,1,Password generation and lifetime restrictions for human users,5,0.461902,0.699163,,,
hadolint,DL3018,Pin versions in apk add,SR 3.3,SR,,3,Security functionality verification,6,0.46016,0.684781,,,
hadolint,DL3019,Use the --no-cache switch,SR 7.5,SR,,7,Emergency power,1,0.471018,1.0,,,
hadolint,DL3019,Use the --no-cache switch,SR 3.7,SR,,3,Error handling,2,0.464798,0.929497,,,
hadolint,DL3019,Use the --no-cache switch,SR 1.5 RE 1,RE,SR 1.5,1,Hardware security for software process identity credentials,3,0.459959,0.877498,,,
hadolint,DL3019,Use the --no-cache switch,SR 1.11,SR,,1,Unsuccessful login attempts,4,0.454919,0.825904,,,
hadolint,DL3019,Use the --no-cache switch,SR 7.7,SR,,7,Least functionality,5,0.451454,0.791889,,,
hadolint,DL3019,Use the --no-cache switch,SR 7.3,SR,,7,Control system backup,6,0.449697,0.775091,,,
hadolint,DL3019,Use the --no-cache switch,SR 5.2 RE 2,RE,SR 5.2,5,Island mode,7,0.449265,0.771006,,,
hadolint,DL3019,Use the --no-cache switch,SR 2.5,SR,,2,Session lock,8,0.445846,0.739284,,,
hadolint,DL3019,Use the --no-cache switch,SR 2.3,SR,,2,Use control for portable and mobile devices,9,0.444025,0.72282,,,
hadolint,DL3019,Use the --no-cache switch,SR 3.3,SR,,3,Security functionality verification,10,0.439349,0.681937,,,
hadolint,DL3020,Use COPY instead of ADD for files and folders,SR 7.3,SR,,7,Control system backup,1,0.529806,1.0,,,
hadolint,DL3020,Use COPY instead of ADD for files and folders,SR 3.4,SR,,3,Software and information integrity,2,0.514403,0.850205,,,
hadolint,DL3020,Use COPY instead of ADD for files and folders,SR 3.2,SR,,3,Malicious code protection,3,0.497019,0.70373,,,
hadolint,DL3021,COPY with more than 2 arguments requires the last argument to end with /,SR 1.7 RE 1,RE,SR 1.7,1,Password generation and lifetime restrictions for human users,1,0.520413,1.0,,,
hadolint,DL3021,COPY with more than 2 arguments requires the last argument to end with /,SR 1.11,SR,,1,Unsuccessful login attempts,2,0.51665,0.960867,,,
hadolint,DL3021,COPY with more than 2 arguments requires the last argument to end with /,SR 7.7,SR,,7,Least functionality,3,0.507417,0.870145,,,
hadolint,DL3021,COPY with more than 2 arguments requires the last argument to end with /,SR 3.6,SR,,3,Deterministic output,4,0.507172,0.867838,,,
hadolint,DL3021,COPY with more than 2 arguments requires the last argument to end with /,SR 2.4,SR,,2,Mobile code,5,0.50549,0.852125,,,
hadolint,DL3021,COPY with more than 2 arguments requires the last argument to end with /,SR 3.2 RE 1,RE,SR 3.2,3,Malicious code protection on entry and exit points,6,0.501549,0.816216,,,
hadolint,DL3021,COPY with more than 2 arguments requires the last argument to end with /,SR 5.2 RE 3,RE,SR 5.2,5,Fail close,7,0.499469,0.797773,,,
hadolint,DL3021,COPY with more than 2 arguments requires the last argument to end with /,SR 3.8 RE 3,RE,SR 3.8,3,Randomness of session IDs,8,0.494906,0.758501,,,
hadolint,DL3021,COPY with more than 2 arguments requires the last argument to end with /,SR 1.7 RE 2,RE,SR 1.7,1,Password lifetime restrictions for all users,9,0.493612,0.74766,,,
hadolint,DL3021,COPY with more than 2 arguments requires the last argument to end with /,SR 2.11 RE 2,RE,SR 2.11,2,Protection of time source integrity,10,0.4934,0.745898,,,
hadolint,DL3022,COPY --from should reference a previously defined FROM alias,SR 2.11,SR,,2,Timestamps,1,0.487943,1.0,,,
hadolint,DL3022,COPY --from should reference a previously defined FROM alias,SR 3.5,SR,,3,Input validation,2,0.487388,0.993753,,,
hadolint,DL3022,COPY --from should reference a previously defined FROM alias,SR 7.3,SR,,7,Control system backup,3,0.483248,0.948209,,,
hadolint,DL3022,COPY --from should reference a previously defined FROM alias,SR 3.6,SR,,3,Deterministic output,4,0.477077,0.883497,,,
hadolint,DL3022,COPY --from should reference a previously defined FROM alias,SR 2.11 RE 2,RE,SR 2.11,2,Protection of time source integrity,5,0.476724,0.879906,,,
hadolint,DL3022,COPY --from should reference a previously defined FROM alias,SR 1.4,SR,,1,Identifier management,6,0.474648,0.859035,,,
hadolint,DL3022,COPY --from should reference a previously defined FROM alias,SR 7.3 RE 1,RE,SR 7.3,7,Backup verification,7,0.47288,0.84159,,,
hadolint,DL3022,COPY --from should reference a previously defined FROM alias,SR 4.2,SR,,4,Information persistence,8,0.471155,0.824843,,,
hadolint,DL3022,COPY --from should reference a previously defined FROM alias,SR 3.9,SR,,3,Protection of audit information,9,0.470937,0.822746,,,
hadolint,DL3022,COPY --from should reference a previously defined FROM alias,SR 2.12 RE 1,RE,SR 2.12,2,Non-repudiation for all users,10,0.466811,0.783875,,,
hadolint,DL3023,COPY --from cannot reference its own FROM alias,SR 7.3,SR,,7,Control system backup,1,0.46323,1.0,,,
hadolint,DL3023,COPY --from cannot reference its own FROM alias,SR 1.4,SR,,1,Identifier management,2,0.46317,0.999291,,,
hadolint,DL3023,COPY --from cannot reference its own FROM alias,SR 7.1 RE 2,RE,SR 7.1,7,Limit DoS effects to other systems or networks,3,0.45706,0.928899,,,
hadolint,DL3023,COPY --from cannot reference its own FROM alias,SR 5.1 RE 2,RE,SR 5.1,5,Independence from non-control system networks,4,0.454422,0.899797,,,
hadolint,DL3023,COPY --from cannot reference its own FROM alias,SR 3.5,SR,,3,Input validation,5,0.453929,0.894444,,,
hadolint,DL3023,COPY --from cannot reference its own FROM alias,SR 5.2 RE 1,RE,SR 5.2,5,"Deny by default, allow by exception",6,0.453634,0.891252,,,
hadolint,DL3023,COPY --from cannot reference its own FROM alias,SR 2.11,SR,,2,Timestamps,7,0.453628,0.891186,,,
hadolint,DL3023,COPY --from cannot reference its own FROM alias,SR 5.1 RE 3,RE,SR 5.1,5,Logical and physical isolation of critical networks,8,0.453224,0.88683,,,
hadolint,DL3023,COPY --from cannot reference its own FROM alias,SR 2.12 RE 1,RE,SR 2.12,2,Non-repudiation for all users,9,0.450037,0.853069,,,
hadolint,DL3023,COPY --from cannot reference its own FROM alias,SR 3.6,SR,,3,Deterministic output,10,0.44998,0.852467,,,
hadolint,DL3024,FROM aliases (stage names) must be unique,SR 1.4,SR,,1,Identifier management,1,0.487354,1.0,,,
hadolint,DL3024,FROM aliases (stage names) must be unique,SR 1.2 RE 1,RE,SR 1.2,1,Unique identification and authentication,2,0.478514,0.904224,,,
hadolint,DL3024,FROM aliases (stage names) must be unique,SR 3.8 RE 3,RE,SR 3.8,3,Randomness of session IDs,3,0.478036,0.899265,,,
hadolint,DL3024,FROM aliases (stage names) must be unique,SR 1.5 RE 1,RE,SR 1.5,1,Hardware security for software process identity credentials,4,0.466792,0.788919,,,
hadolint,DL3024,FROM aliases (stage names) must be unique,SR 1.2,SR,,1,Software process and device identification and authentication,5,0.463346,0.757417,,,
hadolint,DL3024,FROM aliases (stage names) must be unique,SR 7.1 RE 1,RE,SR 7.1,7,Manage communication loads,6,0.455356,0.688313,,,
hadolint,DL3024,FROM aliases (stage names) must be unique,SR 3.6,SR,,3,Deterministic output,7,0.454862,0.684217,,,
hadolint,DL3025,Use arguments JSON notation for CMD and ENTRYPOINT arguments,SR 3.2 RE 1,RE,SR 3.2,3,Malicious code protection on entry and exit points,1,0.528187,1.0,,,
hadolint,DL3025,Use arguments JSON notation for CMD and ENTRYPOINT arguments,SR 3.5,SR,,3,Input validation,2,0.517061,0.889511,,,
hadolint,DL3025,Use arguments JSON notation for CMD and ENTRYPOINT arguments,SR 3.7,SR,,3,Error handling,3,0.511355,0.836842,,,
hadolint,DL3025,Use arguments JSON notation for CMD and ENTRYPOINT arguments,SR 3.3 RE 2,RE,SR 3.3,3,Security functionality verification during normal operation,4,0.504616,0.777953,,,
hadolint,DL3025,Use arguments JSON notation for CMD and ENTRYPOINT arguments,SR 1.4,SR,,1,Identifier management,5,0.502624,0.761215,,,
hadolint,DL3025,Use arguments JSON notation for CMD and ENTRYPOINT arguments,SR 7.6,SR,,7,Network and security configuration settings,6,0.493233,0.686209,,,
hadolint,DL3025,Use arguments JSON notation for CMD and ENTRYPOINT arguments,SR 5.2 RE 3,RE,SR 5.2,5,Fail close,7,0.492709,0.682211,,,
hadolint,DL3026,Use only an allowed registry in the FROM image,SR 3.8 RE 3,RE,SR 3.8,3,Randomness of session IDs,1,0.552813,1.0,,,
hadolint,DL3026,Use only an allowed registry in the FROM image,SR 5.2 RE 1,RE,SR 5.2,5,"Deny by default, allow by exception",2,0.517784,0.697656,,,
hadolint,DL3027,"Do not use apt as it is meant to be an end-user tool, use apt-get or apt-cache instead.",SR 1.11,SR,,1,Unsuccessful login attempts,1,0.460841,1.0,,,
hadolint,DL3027,"Do not use apt as it is meant to be an end-user tool, use apt-get or apt-cache instead.",SR 1.8,SR,,1,Public key infrastructure (PKI) certificates,2,0.443359,0.808395,,,
hadolint,DL3027,"Do not use apt as it is meant to be an end-user tool, use apt-get or apt-cache instead.",SR 2.4,SR,,2,Mobile code,3,0.433615,0.715393,,,
hadolint,DL3027,"Do not use apt as it is meant to be an end-user tool, use apt-get or apt-cache instead.",SR 1.13 RE 1,RE,SR 1.13,1,Explicit access request approval,4,0.431374,0.695288,,,
hadolint,DL3027,"Do not use apt as it is meant to be an end-user tool, use apt-get or apt-cache instead.",SR 2.4 RE 1,RE,SR 2.4,2,Mobile code integrity check,5,0.430676,0.689127,,,
hadolint,DL3028,Pin versions in gem install,SR 3.8 RE 3,RE,SR 3.8,3,Randomness of session IDs,1,0.451715,1.0,,,
hadolint,DL3028,Pin versions in gem install,SR 1.7 RE 1,RE,SR 1.7,1,Password generation and lifetime restrictions for human users,2,0.434793,0.810585,,,
hadolint,DL3028,Pin versions in gem install,SR 3.2,SR,,3,Malicious code protection,3,0.42992,0.76187,,,
hadolint,DL3028,Pin versions in gem install,SR 3.2 RE 1,RE,SR 3.2,3,Malicious code protection on entry and exit points,4,0.426684,0.730854,,,
hadolint,DL3028,Pin versions in gem install,SR 1.5 RE 1,RE,SR 1.5,1,Hardware security for software process identity credentials,5,0.42216,0.689236,,,
hadolint,DL3029,Problematic code:,SR 2.4,SR,,2,Mobile code,1,0.48719,1.0,,,
hadolint,DL3029,Problematic code:,SR 3.2 RE 1,RE,SR 3.2,3,Malicious code protection on entry and exit points,2,0.485022,0.975772,,,
hadolint,DL3029,Problematic code:,SR 3.7,SR,,3,Error handling,3,0.481639,0.938919,,,
hadolint,DL3029,Problematic code:,SR 1.11,SR,,1,Unsuccessful login attempts,4,0.474696,0.866849,,,
hadolint,DL3029,Problematic code:,SR 3.8 RE 3,RE,SR 3.8,3,Randomness of session IDs,5,0.474265,0.862532,,,
hadolint,DL3029,Problematic code:,SR 7.1 RE 1,RE,SR 7.1,7,Manage communication loads,6,0.473322,0.853143,,,
hadolint,DL3029,Problematic code:,SR 3.2,SR,,3,Malicious code protection,7,0.472846,0.848436,,,
hadolint,DL3029,Problematic code:,SR 3.6,SR,,3,Deterministic output,8,0.463226,0.757742,,,
hadolint,DL3029,Problematic code:,SR 1.5 RE 1,RE,SR 1.5,1,Hardware security for software process identity credentials,9,0.463007,0.755774,,,
hadolint,DL3029,Problematic code:,SR 7.1,SR,,7,Denial of service protection,10,0.461157,0.739317,,,
hadolint,DL3030,Use the -y switch to avoid manual input yum install -y <package>,SR 3.2,SR,,3,Malicious code protection,1,0.500226,1.0,,,
hadolint,DL3030,Use the -y switch to avoid manual input yum install -y <package>,SR 3.2 RE 2,RE,SR 3.2,3,Central management and reporting for malicious code protection,2,0.473756,0.741545,,,
hadolint,DL3030,Use the -y switch to avoid manual input yum install -y <package>,SR 3.2 RE 1,RE,SR 3.2,3,Malicious code protection on entry and exit points,3,0.473426,0.738705,,,
hadolint,DL3030,Use the -y switch to avoid manual input yum install -y <package>,SR 2.4 RE 1,RE,SR 2.4,2,Mobile code integrity check,4,0.470236,0.711738,,,
hadolint,DL3031,Do not use yum update,SR 3.2,SR,,3,Malicious code protection,1,0.444581,1.0,,,
hadolint,DL3031,Do not use yum update,SR 1.11,SR,,1,Unsuccessful login attempts,2,0.438992,0.932792,,,
hadolint,DL3031,Do not use yum update,SR 3.3,SR,,3,Security functionality verification,3,0.42878,0.819524,,,
hadolint,DL3031,Do not use yum update,SR 3.8 RE 3,RE,SR 3.8,3,Randomness of session IDs,4,0.425447,0.785096,,,
hadolint,DL3031,Do not use yum update,SR 2.4,SR,,2,Mobile code,5,0.422826,0.758862,,,
hadolint,DL3031,Do not use yum update,SR 3.2 RE 2,RE,SR 3.2,3,Central management and reporting for malicious code protection,6,0.420028,0.73165,,,
hadolint,DL3031,Do not use yum update,SR 3.8,SR,,3,Session integrity,7,0.416608,0.699475,,,
hadolint,DL3031,Do not use yum update,SR 3.2 RE 1,RE,SR 3.2,3,Malicious code protection on entry and exit points,8,0.414699,0.682024,,,
hadolint,DL3032,yum clean all missing after yum command.,SR 3.3,SR,,3,Security functionality verification,1,0.429606,1.0,,,
hadolint,DL3032,yum clean all missing after yum command.,SR 3.2,SR,,3,Malicious code protection,2,0.423532,0.924666,,,
hadolint,DL3032,yum clean all missing after yum command.,SR 3.2 RE 2,RE,SR 3.2,3,Central management and reporting for malicious code protection,3,0.417336,0.852676,,,
hadolint,DL3032,yum clean all missing after yum command.,SR 3.3 RE 1,RE,SR 3.3,3,Automated mechanisms for security functionality verification,4,0.416684,0.845378,,,
hadolint,DL3032,yum clean all missing after yum command.,SR 7.1,SR,,7,Denial of service protection,5,0.416183,0.839794,,,
hadolint,DL3032,yum clean all missing after yum command.,SR 7.3 RE 1,RE,SR 7.3,7,Backup verification,6,0.41551,0.832356,,,
hadolint,DL3032,yum clean all missing after yum command.,SR 7.4,SR,,7,Control system recovery and reconstitution,7,0.412592,0.800706,,,
hadolint,DL3032,yum clean all missing after yum command.,SR 4.2,SR,,4,Information persistence,8,0.411312,0.787143,,,
hadolint,DL3032,yum clean all missing after yum command.,SR 7.3,SR,,7,Control system backup,9,0.409574,0.769023,,,
hadolint,DL3032,yum clean all missing after yum command.,SR 3.3 RE 2,RE,SR 3.3,3,Security functionality verification during normal operation,10,0.409124,0.764389,,,
hadolint,DL3033,Specify version with yum install -y <package>-<version>,SR 3.2,SR,,3,Malicious code protection,1,0.468587,1.0,,,
hadolint,DL3033,Specify version with yum install -y <package>-<version>,SR 3.8 RE 3,RE,SR 3.8,3,Randomness of session IDs,2,0.443478,0.738666,,,
hadolint,DL3034,Non-interactive switch missing from zypper command: zypper install -y,SR 7.5,SR,,7,Emergency power,1,0.429532,1.0,,,
hadolint,DL3034,Non-interactive switch missing from zypper command: zypper install -y,SR 3.7,SR,,3,Error handling,2,0.42294,0.918464,,,
hadolint,DL3034,Non-interactive switch missing from zypper command: zypper install -y,SR 5.2 RE 3,RE,SR 5.2,5,Fail close,3,0.412877,0.804524,,,
hadolint,DL3034,Non-interactive switch missing from zypper command: zypper install -y,SR 2.12 RE 1,RE,SR 2.12,2,Non-repudiation for all users,4,0.411608,0.791023,,,
hadolint,DL3034,Non-interactive switch missing from zypper command: zypper install -y,SR 3.2,SR,,3,Malicious code protection,5,0.409518,0.76918,,,
hadolint,DL3034,Non-interactive switch missing from zypper command: zypper install -y,SR 7.1,SR,,7,Denial of service protection,6,0.409123,0.765107,,,
hadolint,DL3034,Non-interactive switch missing from zypper command: zypper install -y,SR 7.7,SR,,7,Least functionality,7,0.408663,0.760392,,,
hadolint,DL3034,Non-interactive switch missing from zypper command: zypper install -y,SR 3.8,SR,,3,Session integrity,8,0.406164,0.735165,,,
hadolint,DL3034,Non-interactive switch missing from zypper command: zypper install -y,SR 3.6,SR,,3,Deterministic output,9,0.406076,0.734287,,,
hadolint,DL3034,Non-interactive switch missing from zypper command: zypper install -y,SR 2.12,SR,,2,Non-repudiation,10,0.405674,0.730295,,,
hadolint,DL3035,Do not use zypper update,SR 3.2,SR,,3,Malicious code protection,1,0.473734,1.0,,,
hadolint,DL3035,Do not use zypper update,SR 2.4,SR,,2,Mobile code,2,0.452278,0.77498,,,
hadolint,DL3035,Do not use zypper update,SR 3.2 RE 1,RE,SR 3.2,3,Malicious code protection on entry and exit points,3,0.445152,0.710159,,,
hadolint,DL3036,zypper clean missing after zypper use,SR 3.2,SR,,3,Malicious code protection,1,0.430886,1.0,,,
hadolint,DL3036,zypper clean missing after zypper use,SR 3.4,SR,,3,Software and information integrity,2,0.411147,0.772667,,,
hadolint,DL3036,zypper clean missing after zypper use,SR 3.3,SR,,3,Security functionality verification,3,0.410018,0.761071,,,
hadolint,DL3036,zypper clean missing after zypper use,SR 2.4 RE 1,RE,SR 2.4,2,Mobile code integrity check,4,0.406663,0.727446,,,
hadolint,DL3037,Specify version with zypper install -y <package>[=]<version>,SR 3.2,SR,,3,Malicious code protection,1,0.434726,1.0,,,
hadolint,DL3037,Specify version with zypper install -y <package>[=]<version>,SR 2.4,SR,,2,Mobile code,2,0.43269,0.974504,,,
hadolint,DL3037,Specify version with zypper install -y <package>[=]<version>,SR 2.12 RE 1,RE,SR 2.12,2,Non-repudiation for all users,3,0.431749,0.9629,,,
hadolint,DL3037,Specify version with zypper install -y <package>[=]<version>,SR 3.8 RE 3,RE,SR 3.8,3,Randomness of session IDs,4,0.428586,0.924742,,,
hadolint,DL3037,Specify version with zypper install -y <package>[=]<version>,SR 2.4 RE 1,RE,SR 2.4,2,Mobile code integrity check,5,0.427415,0.910934,,,
hadolint,DL3037,Specify version with zypper install -y <package>[=]<version>,SR 2.3,SR,,2,Use control for portable and mobile devices,6,0.423558,0.86663,,,
hadolint,DL3037,Specify version with zypper install -y <package>[=]<version>,SR 1.11,SR,,1,Unsuccessful login attempts,7,0.42092,0.837357,,,
hadolint,DL3037,Specify version with zypper install -y <package>[=]<version>,SR 1.5 RE 1,RE,SR 1.5,1,Hardware security for software process identity credentials,8,0.420141,0.828864,,,
hadolint,DL3037,Specify version with zypper install -y <package>[=]<version>,SR 3.4,SR,,3,Software and information integrity,9,0.416246,0.787471,,,
hadolint,DL3037,Specify version with zypper install -y <package>[=]<version>,SR 1.7 RE 1,RE,SR 1.7,1,Password generation and lifetime restrictions for human users,10,0.415642,0.781207,,,
hadolint,DL3038,Use the -y switch to avoid manual input dnf install -y <package>,SR 3.2,SR,,3,Malicious code protection,1,0.495785,1.0,,,
hadolint,DL3038,Use the -y switch to avoid manual input dnf install -y <package>,SR 3.6,SR,,3,Deterministic output,2,0.486432,0.900551,,,
hadolint,DL3038,Use the -y switch to avoid manual input dnf install -y <package>,SR 2.12 RE 1,RE,SR 2.12,2,Non-repudiation for all users,3,0.476228,0.801433,,,
hadolint,DL3038,Use the -y switch to avoid manual input dnf install -y <package>,SR 3.2 RE 1,RE,SR 3.2,3,Malicious code protection on entry and exit points,4,0.47563,0.795916,,,
hadolint,DL3038,Use the -y switch to avoid manual input dnf install -y <package>,SR 7.1,SR,,7,Denial of service protection,5,0.474636,0.786807,,,
hadolint,DL3038,Use the -y switch to avoid manual input dnf install -y <package>,SR 5.2 RE 1,RE,SR 5.2,5,"Deny by default, allow by exception",6,0.474115,0.782074,,,
hadolint,DL3038,Use the -y switch to avoid manual input dnf install -y <package>,SR 2.4 RE 1,RE,SR 2.4,2,Mobile code integrity check,7,0.47187,0.761916,,,
hadolint,DL3038,Use the -y switch to avoid manual input dnf install -y <package>,SR 5.2 RE 3,RE,SR 5.2,5,Fail close,8,0.471374,0.757524,,,
hadolint,DL3038,Use the -y switch to avoid manual input dnf install -y <package>,SR 1.11,SR,,1,Unsuccessful login attempts,9,0.471296,0.756835,,,
hadolint,DL3038,Use the -y switch to avoid manual input dnf install -y <package>,SR 2.4,SR,,2,Mobile code,10,0.470999,0.754218,,,
hadolint,DL3039,Do not use dnf update,SR 1.11,SR,,1,Unsuccessful login attempts,1,0.458216,1.0,,,
hadolint,DL3039,Do not use dnf update,SR 3.6,SR,,3,Deterministic output,2,0.447795,0.881148,,,
hadolint,DL3039,Do not use dnf update,SR 3.2,SR,,3,Malicious code protection,3,0.434919,0.750517,,,
hadolint,DL3039,Do not use dnf update,SR 3.8 RE 3,RE,SR 3.8,3,Randomness of session IDs,4,0.427469,0.682482,,,
hadolint,DL3040,dnf clean all missing after dnf command.,SR 4.2,SR,,4,Information persistence,1,0.444051,1.0,,,
hadolint,DL3040,dnf clean all missing after dnf command.,SR 2.12 RE 1,RE,SR 2.12,2,Non-repudiation for all users,2,0.443516,0.9934,,,
hadolint,DL3040,dnf clean all missing after dnf command.,SR 7.3 RE 1,RE,SR 7.3,7,Backup verification,3,0.43543,0.89778,,,
hadolint,DL3040,dnf clean all missing after dnf command.,SR 7.1,SR,,7,Denial of service protection,4,0.431889,0.858361,,,
hadolint,DL3040,dnf clean all missing after dnf command.,SR 5.2 RE 1,RE,SR 5.2,5,"Deny by default, allow by exception",5,0.430909,0.847697,,,
hadolint,DL3040,dnf clean all missing after dnf command.,SR 3.2,SR,,3,Malicious code protection,6,0.430695,0.845381,,,
hadolint,DL3040,dnf clean all missing after dnf command.,SR 7.4,SR,,7,Control system recovery and reconstitution,7,0.426533,0.801415,,,
hadolint,DL3040,dnf clean all missing after dnf command.,SR 3.3 RE 1,RE,SR 3.3,3,Automated mechanisms for security functionality verification,8,0.421963,0.75532,,,
hadolint,DL3040,dnf clean all missing after dnf command.,SR 3.3 RE 2,RE,SR 3.3,3,Security functionality verification during normal operation,9,0.421064,0.746507,,,
hadolint,DL3040,dnf clean all missing after dnf command.,SR 1.1 RE 3,RE,SR 1.1,1,Multifactor authentication for all networks,10,0.420857,0.744491,,,
hadolint,DL3041,Specify version with dnf install -y <package>-<version>,SR 1.11,SR,,1,Unsuccessful login attempts,1,0.459882,1.0,,,
hadolint,DL3041,Specify version with dnf install -y <package>-<version>,SR 3.2,SR,,3,Malicious code protection,2,0.456826,0.964002,,,
hadolint,DL3041,Specify version with dnf install -y <package>-<version>,SR 2.4,SR,,2,Mobile code,3,0.451748,0.906522,,,
hadolint,DL3041,Specify version with dnf install -y <package>-<version>,SR 2.12 RE 1,RE,SR 2.12,2,Non-repudiation for all users,4,0.451607,0.90496,,,
hadolint,DL3041,Specify version with dnf install -y <package>-<version>,SR 3.6,SR,,3,Deterministic output,5,0.444558,0.829957,,,
hadolint,DL3041,Specify version with dnf install -y <package>-<version>,SR 5.2 RE 1,RE,SR 5.2,5,"Deny by default, allow by exception",6,0.440152,0.785706,,,
hadolint,DL3041,Specify version with dnf install -y <package>-<version>,SR 2.4 RE 1,RE,SR 2.4,2,Mobile code integrity check,7,0.438693,0.77149,,,
hadolint,DL3041,Specify version with dnf install -y <package>-<version>,SR 7.6,SR,,7,Network and security configuration settings,8,0.437373,0.758809,,,
hadolint,DL3041,Specify version with dnf install -y <package>-<version>,SR 3.4,SR,,3,Software and information integrity,9,0.435252,0.738792,,,
hadolint,DL3041,Specify version with dnf install -y <package>-<version>,SR 1.7 RE 1,RE,SR 1.7,1,Password generation and lifetime restrictions for human users,10,0.434871,0.735242,,,
hadolint,DL3042,Avoid cache directory with pip install --no-cache-dir <package>,SR 3.2,SR,,3,Malicious code protection,1,0.444818,1.0,,,
hadolint,DL3042,Avoid cache directory with pip install --no-cache-dir <package>,SR 7.3,SR,,7,Control system backup,2,0.435795,0.893407,,,
hadolint,DL3042,Avoid cache directory with pip install --no-cache-dir <package>,SR 3.7,SR,,3,Error handling,3,0.433358,0.866276,,,
hadolint,DL3042,Avoid cache directory with pip install --no-cache-dir <package>,SR 3.2 RE 1,RE,SR 3.2,3,Malicious code protection on entry and exit points,4,0.425048,0.77877,,,
hadolint,DL3042,Avoid cache directory with pip install --no-cache-dir <package>,SR 5.4,SR,,5,Application partitioning,5,0.423745,0.765725,,,
hadolint,DL3042,Avoid cache directory with pip install --no-cache-dir <package>,SR 3.2 RE 2,RE,SR 3.2,3,Central management and reporting for malicious code protection,6,0.422164,0.750148,,,
hadolint,DL3042,Avoid cache directory with pip install --no-cache-dir <package>,SR 3.8 RE 3,RE,SR 3.8,3,Randomness of session IDs,7,0.420185,0.731003,,,
hadolint,DL3042,Avoid cache directory with pip install --no-cache-dir <package>,SR 3.4,SR,,3,Software and information integrity,8,0.420161,0.730774,,,
hadolint,DL3042,Avoid cache directory with pip install --no-cache-dir <package>,SR 1.11,SR,,1,Unsuccessful login attempts,9,0.419167,0.72132,,,
hadolint,DL3042,Avoid cache directory with pip install --no-cache-dir <package>,SR 1.5 RE 1,RE,SR 1.5,1,Hardware security for software process identity credentials,10,0.418934,0.719114,,,
hadolint,DL3043,DL3043,SR 3.2 RE 1,RE,SR 3.2,3,Malicious code protection on entry and exit points,1,0.443939,1.0,,,
hadolint,DL3043,DL3043,SR 5.2 RE 2,RE,SR 5.2,5,Island mode,2,0.443761,0.997803,,,
hadolint,DL3043,DL3043,SR 3.3,SR,,3,Security functionality verification,3,0.442918,0.987422,,,
hadolint,DL3043,DL3043,SR 3.2,SR,,3,Malicious code protection,4,0.440362,0.956481,,,
hadolint,DL3043,DL3043,SR 3.2 RE 2,RE,SR 3.2,3,Central management and reporting for malicious code protection,5,0.434849,0.892455,,,
hadolint,DL3043,DL3043,SR 3.7,SR,,3,Error handling,6,0.433809,0.880779,,,
hadolint,DL3043,DL3043,SR 7.1,SR,,7,Denial of service protection,7,0.433458,0.876866,,,
hadolint,DL3043,DL3043,SR 3.6,SR,,3,Deterministic output,8,0.432074,0.861581,,,
hadolint,DL3043,DL3043,SR 5.2 RE 3,RE,SR 5.2,5,Fail close,9,0.43049,0.844342,,,
hadolint,DL3043,DL3043,SR 3.3 RE 1,RE,SR 3.3,3,Automated mechanisms for security functionality verification,10,0.427773,0.815449,,,
hadolint,DL3044,DL3044,SR 3.7,SR,,3,Error handling,1,0.554353,1.0,,,
hadolint,DL3045,DL3045,SR 3.2 RE 1,RE,SR 3.2,3,Malicious code protection on entry and exit points,1,0.475803,1.0,,,
hadolint,DL3045,DL3045,SR 3.2,SR,,3,Malicious code protection,2,0.468114,0.914288,,,
hadolint,DL3045,DL3045,SR 5.2 RE 2,RE,SR 5.2,5,Island mode,3,0.45967,0.827188,,,
hadolint,DL3045,DL3045,SR 3.8 RE 3,RE,SR 3.8,3,Randomness of session IDs,4,0.458743,0.818053,,,
hadolint,DL3045,DL3045,SR 7.1,SR,,7,Denial of service protection,5,0.454237,0.774825,,,
hadolint,DL3045,DL3045,SR 3.2 RE 2,RE,SR 3.2,3,Central management and reporting for malicious code protection,6,0.453568,0.768569,,,
hadolint,DL3045,DL3045,SR 3.7,SR,,3,Error handling,7,0.452209,0.755988,,,
hadolint,DL3045,DL3045,SR 3.6,SR,,3,Deterministic output,8,0.451215,0.746897,,,
hadolint,DL3045,DL3045,SR 7.3 RE 1,RE,SR 7.3,7,Backup verification,9,0.451014,0.745068,,,
hadolint,DL3045,DL3045,SR 1.5 RE 1,RE,SR 1.5,1,Hardware security for software process identity credentials,10,0.450529,0.740669,,,
hadolint,DL3046,DL3046,SR 1.11,SR,,1,Unsuccessful login attempts,1,0.525811,1.0,,,
hadolint,DL3047,Use wget --progress to avoid excessively bloated build logs,SR 2.11,SR,,2,Timestamps,1,0.465638,1.0,,,
hadolint,DL3047,Use wget --progress to avoid excessively bloated build logs,SR 2.9 RE 1,RE,SR 2.9,2,Warn when audit record storage capacity threshold reached,2,0.457268,0.90505,,,
hadolint,DL3047,Use wget --progress to avoid excessively bloated build logs,SR 7.1 RE 1,RE,SR 7.1,7,Manage communication loads,3,0.457246,0.904818,,,
hadolint,DL3047,Use wget --progress to avoid excessively bloated build logs,SR 1.11,SR,,1,Unsuccessful login attempts,4,0.452378,0.853088,,,
hadolint,DL3047,Use wget --progress to avoid excessively bloated build logs,SR 2.12 RE 1,RE,SR 2.12,2,Non-repudiation for all users,5,0.450384,0.832606,,,
hadolint,DL3047,Use wget --progress to avoid excessively bloated build logs,SR 5.2 RE 1,RE,SR 5.2,5,"Deny by default, allow by exception",6,0.449337,0.822018,,,
hadolint,DL3047,Use wget --progress to avoid excessively bloated build logs,SR 7.6 RE 1,RE,SR 7.6,7,Machine-readable reporting of current security settings,7,0.443375,0.763794,,,
hadolint,DL3047,Use wget --progress to avoid excessively bloated build logs,SR 3.2,SR,,3,Malicious code protection,8,0.44304,0.760627,,,
hadolint,DL3047,Use wget --progress to avoid excessively bloated build logs,SR 6.1 RE 1,RE,SR 6.1,6,Programmatic access to audit logs,9,0.441293,0.744278,,,
hadolint,DL3047,Use wget --progress to avoid excessively bloated build logs,SR 1.5 RE 1,RE,SR 1.5,1,Hardware security for software process identity credentials,10,0.437563,0.710326,,,
hadolint,DL3048,Invalid Label Key,SR 3.7,SR,,3,Error handling,1,0.506238,1.0,,,
hadolint,DL3048,Invalid Label Key,SR 1.4,SR,,1,Identifier management,2,0.501525,0.949857,,,
hadolint,DL3048,Invalid Label Key,SR 3.5,SR,,3,Input validation,3,0.498215,0.91589,,,
hadolint,DL3048,Invalid Label Key,SR 1.11,SR,,1,Unsuccessful login attempts,4,0.493489,0.869116,,,
hadolint,DL3048,Invalid Label Key,SR 3.8,SR,,3,Session integrity,5,0.481432,0.758563,,,
hadolint,DL3048,Invalid Label Key,SR 3.8 RE 1,RE,SR 3.8,3,Invalidation of session IDs after session termination,6,0.473504,0.692356,,,
hadolint,DL3049,Label <label> is missing,SR 1.4,SR,,1,Identifier management,1,0.503224,1.0,,,
hadolint,DL3050,Superfluous label(s) present.,SR 7.7,SR,,7,Least functionality,1,0.520335,1.0,,,
hadolint,DL3050,Superfluous label(s) present.,SR 3.7,SR,,3,Error handling,2,0.496754,0.774855,,,
hadolint,DL3050,Superfluous label(s) present.,SR 5.2 RE 3,RE,SR 5.2,5,Fail close,3,0.487719,0.70045,,,
hadolint,DL3050,Superfluous label(s) present.,SR 1.4,SR,,1,Identifier management,4,0.485612,0.683966,,,
hadolint,DL3051,Label <label> is empty.,SR 3.7,SR,,3,Error handling,1,0.499665,1.0,,,
hadolint,DL3051,Label <label> is empty.,SR 1.4,SR,,1,Identifier management,2,0.497347,0.974744,,,
hadolint,DL3051,Label <label> is empty.,SR 5.2 RE 3,RE,SR 5.2,5,Fail close,3,0.484436,0.843466,,,
hadolint,DL3052,Label <label> is not a valid URL.,SR 3.7,SR,,3,Error handling,1,0.514783,1.0,,,
hadolint,DL3052,Label <label> is not a valid URL.,SR 1.11,SR,,1,Unsuccessful login attempts,2,0.51203,0.970931,,,
hadolint,DL3052,Label <label> is not a valid URL.,SR 3.2 RE 1,RE,SR 3.2,3,Malicious code protection on entry and exit points,3,0.500035,0.852251,,,
hadolint,DL3052,Label <label> is not a valid URL.,SR 3.2,SR,,3,Malicious code protection,4,0.499913,0.851109,,,
hadolint,DL3052,Label <label> is not a valid URL.,SR 2.12 RE 1,RE,SR 2.12,2,Non-repudiation for all users,5,0.489431,0.757476,,,
hadolint,DL3052,Label <label> is not a valid URL.,SR 1.4,SR,,1,Identifier management,6,0.487764,0.743392,,,
hadolint,DL3052,Label <label> is not a valid URL.,SR 5.2 RE 1,RE,SR 5.2,5,"Deny by default, allow by exception",7,0.48434,0.715138,,,
hadolint,DL3052,Label <label> is not a valid URL.,SR 2.4,SR,,2,Mobile code,8,0.48413,0.71344,,,
hadolint,DL3052,Label <label> is not a valid URL.,SR 3.8 RE 1,RE,SR 3.8,3,Invalidation of session IDs after session termination,9,0.483841,0.711101,,,
hadolint,DL3052,Label <label> is not a valid URL.,SR 3.8,SR,,3,Session integrity,10,0.483576,0.708958,,,
hadolint,DL3053,Label <label> is not a valid time format - must be conform to RFC3339.,SR 2.11,SR,,2,Timestamps,1,0.600301,1.0,,,
hadolint,DL3054,Label <label> is not a valid SPDX license identifier.,SR 1.4,SR,,1,Identifier management,1,0.505005,1.0,,,
hadolint,DL3054,Label <label> is not a valid SPDX license identifier.,SR 2.12 RE 1,RE,SR 2.12,2,Non-repudiation for all users,2,0.49887,0.934975,,,
hadolint,DL3054,Label <label> is not a valid SPDX license identifier.,SR 3.2,SR,,3,Malicious code protection,3,0.489443,0.841845,,,
hadolint,DL3054,Label <label> is not a valid SPDX license identifier.,SR 1.2,SR,,1,Software process and device identification and authentication,4,0.484147,0.792952,,,
hadolint,DL3054,Label <label> is not a valid SPDX license identifier.,SR 1.11,SR,,1,Unsuccessful login attempts,5,0.482951,0.78224,,,
hadolint,DL3054,Label <label> is not a valid SPDX license identifier.,SR 1.5 RE 1,RE,SR 1.5,1,Hardware security for software process identity credentials,6,0.482338,0.776788,,,
hadolint,DL3054,Label <label> is not a valid SPDX license identifier.,SR 3.4,SR,,3,Software and information integrity,7,0.481721,0.771346,,,
hadolint,DL3054,Label <label> is not a valid SPDX license identifier.,SR 5.2 RE 3,RE,SR 5.2,5,Fail close,8,0.47957,0.752592,,,
hadolint,DL3054,Label <label> is not a valid SPDX license identifier.,SR 1.2 RE 1,RE,SR 1.2,1,Unique identification and authentication,9,0.474637,0.710982,,,
hadolint,DL3054,Label <label> is not a valid SPDX license identifier.,SR 3.7,SR,,3,Error handling,10,0.473929,0.705168,,,
hadolint,DL3055,Label <label> is not a valid git hash.,SR 2.12 RE 1,RE,SR 2.12,2,Non-repudiation for all users,1,0.476917,1.0,,,
hadolint,DL3055,Label <label> is not a valid git hash.,SR 5.2 RE 3,RE,SR 5.2,5,Fail close,2,0.473951,0.966263,,,
hadolint,DL3055,Label <label> is not a valid git hash.,SR 1.4,SR,,1,Identifier management,3,0.471417,0.938193,,,
hadolint,DL3055,Label <label> is not a valid git hash.,SR 2.4 RE 1,RE,SR 2.4,2,Mobile code integrity check,4,0.47051,0.928306,,,
hadolint,DL3055,Label <label> is not a valid git hash.,SR 3.7,SR,,3,Error handling,5,0.468489,0.906589,,,
hadolint,DL3055,Label <label> is not a valid git hash.,SR 1.11,SR,,1,Unsuccessful login attempts,6,0.466819,0.888951,,,
hadolint,DL3055,Label <label> is not a valid git hash.,SR 3.2,SR,,3,Malicious code protection,7,0.463382,0.853549,,,
hadolint,DL3055,Label <label> is not a valid git hash.,SR 3.2 RE 1,RE,SR 3.2,3,Malicious code protection on entry and exit points,8,0.460481,0.824565,,,
hadolint,DL3055,Label <label> is not a valid git hash.,SR 3.8,SR,,3,Session integrity,9,0.456658,0.787615,,,
hadolint,DL3055,Label <label> is not a valid git hash.,SR 1.9,SR,,1,Strength of public key authentication,10,0.456055,0.781914,,,
hadolint,DL3056,Label <label> does not conform to semantic versioning.,SR 1.4,SR,,1,Identifier management,1,0.51035,1.0,,,
hadolint,DL3056,Label <label> does not conform to semantic versioning.,SR 3.7,SR,,3,Error handling,2,0.494672,0.842304,,,
hadolint,DL3056,Label <label> does not conform to semantic versioning.,SR 3.2,SR,,3,Malicious code protection,3,0.482227,0.732161,,,
hadolint,DL3056,Label <label> does not conform to semantic versioning.,SR 5.2 RE 3,RE,SR 5.2,5,Fail close,4,0.481028,0.722208,,,
hadolint,DL3056,Label <label> does not conform to semantic versioning.,SR 3.8 RE 3,RE,SR 3.8,3,Randomness of session IDs,5,0.480112,0.714676,,,
hadolint,DL3057,HEALTHCHECK instruction missing.,SR 3.2,SR,,3,Malicious code protection,1,0.480388,1.0,,,
hadolint,DL3057,HEALTHCHECK instruction missing.,SR 3.3,SR,,3,Security functionality verification,2,0.47555,0.945852,,,
hadolint,DL3057,HEALTHCHECK instruction missing.,SR 3.3 RE 1,RE,SR 3.3,3,Automated mechanisms for security functionality verification,3,0.473847,0.927367,,,
hadolint,DL3057,HEALTHCHECK instruction missing.,SR 2.4 RE 1,RE,SR 2.4,2,Mobile code integrity check,4,0.468414,0.87038,,,
hadolint,DL3057,HEALTHCHECK instruction missing.,SR 3.7,SR,,3,Error handling,5,0.45708,0.760677,,,
hadolint,DL3057,HEALTHCHECK instruction missing.,SR 1.5 RE 1,RE,SR 1.5,1,Hardware security for software process identity credentials,6,0.452807,0.722379,,,
hadolint,DL3057,HEALTHCHECK instruction missing.,SR 1.11,SR,,1,Unsuccessful login attempts,7,0.452684,0.721303,,,
hadolint,DL3057,HEALTHCHECK instruction missing.,SR 3.4 RE 1,RE,SR 3.4,3,Automated notification about integrity violations,8,0.450142,0.699306,,,
hadolint,DL3057,HEALTHCHECK instruction missing.,SR 3.3 RE 2,RE,SR 3.3,3,Security functionality verification during normal operation,9,0.449316,0.692279,,,
hadolint,DL3057,HEALTHCHECK instruction missing.,SR 3.2 RE 1,RE,SR 3.2,3,Malicious code protection on entry and exit points,10,0.448909,0.688833,,,
hadolint,DL3058,Label <label> is not a valid email format - must be conform to RFC5322.,SR 1.4,SR,,1,Identifier management,1,0.560281,1.0,,,
hadolint,DL3058,Label <label> is not a valid email format - must be conform to RFC5322.,SR 3.5,SR,,3,Input validation,2,0.529466,0.732622,,,
hadolint,DL3059,Multiple consecutive RUN instructions. Consider consolidation.,SR 4.2,SR,,4,Information persistence,1,0.544268,1.0,,,
hadolint,DL3059,Multiple consecutive RUN instructions. Consider consolidation.,SR 4.2 RE 1,RE,SR 4.2,4,Purging of shared memory resources,2,0.524627,0.816975,,,
hadolint,DL3059,Multiple consecutive RUN instructions. Consider consolidation.,SR 5.4,SR,,5,Application partitioning,3,0.51708,0.75439,,,
hadolint,DL3059,Multiple consecutive RUN instructions. Consider consolidation.,SR 7.3,SR,,7,Control system backup,4,0.511974,0.714316,,,
hadolint,DL3059,Multiple consecutive RUN instructions. Consider consolidation.,SR 3.8 RE 3,RE,SR 3.8,3,Randomness of session IDs,5,0.509713,0.697137,,,
hadolint,DL3060,yarn cache clean missing after yarn install was run.,SR 4.2,SR,,4,Information persistence,1,0.393922,1.0,,,
hadolint,DL3060,yarn cache clean missing after yarn install was run.,SR 3.8 RE 3,RE,SR 3.8,3,Randomness of session IDs,2,0.393083,0.988339,,,
hadolint,DL3060,yarn cache clean missing after yarn install was run.,SR 5.1 RE 3,RE,SR 5.1,5,Logical and physical isolation of critical networks,3,0.388857,0.931289,,,
hadolint,DL3060,yarn cache clean missing after yarn install was run.,SR 2.4 RE 1,RE,SR 2.4,2,Mobile code integrity check,4,0.384014,0.869268,,,
hadolint,DL3060,yarn cache clean missing after yarn install was run.,SR 3.8 RE 2,RE,SR 3.8,3,Unique session ID generation,5,0.383707,0.865445,,,
hadolint,DL3060,yarn cache clean missing after yarn install was run.,SR 3.7,SR,,3,Error handling,6,0.382291,0.848023,,,
hadolint,DL3060,yarn cache clean missing after yarn install was run.,SR 3.3,SR,,3,Security functionality verification,7,0.379454,0.813984,,,
hadolint,DL3060,yarn cache clean missing after yarn install was run.,SR 4.2 RE 1,RE,SR 4.2,4,Purging of shared memory resources,8,0.378087,0.797991,,,
hadolint,DL3060,yarn cache clean missing after yarn install was run.,SR 2.11,SR,,2,Timestamps,9,0.377142,0.787078,,,
hadolint,DL3060,yarn cache clean missing after yarn install was run.,SR 3.2,SR,,3,Malicious code protection,10,0.376342,0.777943,,,
hadolint,DL3061,"Invalid instruction order. Dockerfile must begin with FROM, ARG or comment.",SR 3.5,SR,,3,Input validation,1,0.448931,1.0,,,
hadolint,DL3061,"Invalid instruction order. Dockerfile must begin with FROM, ARG or comment.",SR 6.1 RE 1,RE,SR 6.1,6,Programmatic access to audit logs,2,0.446741,0.973465,,,
hadolint,DL3061,"Invalid instruction order. Dockerfile must begin with FROM, ARG or comment.",SR 1.11,SR,,1,Unsuccessful login attempts,3,0.441487,0.912138,,,
hadolint,DL3061,"Invalid instruction order. Dockerfile must begin with FROM, ARG or comment.",SR 3.6,SR,,3,Deterministic output,4,0.439928,0.894561,,,
hadolint,DL3061,"Invalid instruction order. Dockerfile must begin with FROM, ARG or comment.",SR 5.2 RE 1,RE,SR 5.2,5,"Deny by default, allow by exception",5,0.43432,0.833622,,,
hadolint,DL3061,"Invalid instruction order. Dockerfile must begin with FROM, ARG or comment.",SR 3.7,SR,,3,Error handling,6,0.430804,0.79717,,,
hadolint,DL3061,"Invalid instruction order. Dockerfile must begin with FROM, ARG or comment.",SR 3.2 RE 1,RE,SR 3.2,3,Malicious code protection on entry and exit points,7,0.43025,0.791553,,,
hadolint,DL3061,"Invalid instruction order. Dockerfile must begin with FROM, ARG or comment.",SR 7.3 RE 1,RE,SR 7.3,7,Backup verification,8,0.427056,0.759768,,,
hadolint,DL3061,"Invalid instruction order. Dockerfile must begin with FROM, ARG or comment.",SR 5.2 RE 3,RE,SR 5.2,5,Fail close,9,0.42703,0.759509,,,
hadolint,DL3061,"Invalid instruction order. Dockerfile must begin with FROM, ARG or comment.",SR 1.5 RE 1,RE,SR 1.5,1,Hardware security for software process identity credentials,10,0.424379,0.733939,,,
hadolint,DL3062,Problematic code:,SR 3.2,SR,,3,Malicious code protection,1,0.514541,1.0,,,
hadolint,DL3062,Problematic code:,SR 3.2 RE 1,RE,SR 3.2,3,Malicious code protection on entry and exit points,2,0.510615,0.958751,,,
hadolint,DL3062,Problematic code:,SR 3.2 RE 2,RE,SR 3.2,3,Central management and reporting for malicious code protection,3,0.498679,0.841792,,,
hadolint,DL3062,Problematic code:,SR 2.4,SR,,2,Mobile code,4,0.494259,0.80157,,,
hadolint,DL3062,Problematic code:,SR 2.4 RE 1,RE,SR 2.4,2,Mobile code integrity check,5,0.492909,0.789596,,,
hadolint,DL3062,Problematic code:,SR 1.11,SR,,1,Unsuccessful login attempts,6,0.485756,0.728598,,,
hadolint,DL3062,Problematic code:,SR 5.2 RE 2,RE,SR 5.2,5,Island mode,7,0.484307,0.716725,,,
hadolint,DL3063,Stage name should not be a reserved word,SR 3.2 RE 1,RE,SR 3.2,3,Malicious code protection on entry and exit points,1,0.493786,1.0,,,
hadolint,DL3063,Stage name should not be a reserved word,SR 3.3,SR,,3,Security functionality verification,2,0.49306,0.991939,,,
hadolint,DL3063,Stage name should not be a reserved word,SR 3.7,SR,,3,Error handling,3,0.491474,0.974515,,,
hadolint,DL3063,Stage name should not be a reserved word,SR 1.4,SR,,1,Identifier management,4,0.49086,0.967841,,,
hadolint,DL3063,Stage name should not be a reserved word,SR 3.3 RE 1,RE,SR 3.3,3,Automated mechanisms for security functionality verification,5,0.485582,0.911964,,,
hadolint,DL3063,Stage name should not be a reserved word,SR 3.6,SR,,3,Deterministic output,6,0.485041,0.906398,,,
hadolint,DL3063,Stage name should not be a reserved word,SR 7.1,SR,,7,Denial of service protection,7,0.480989,0.865522,,,
hadolint,DL3063,Stage name should not be a reserved word,SR 3.8 RE 3,RE,SR 3.8,3,Randomness of session IDs,8,0.471433,0.775081,,,
hadolint,DL3063,Stage name should not be a reserved word,SR 3.2,SR,,3,Malicious code protection,9,0.466021,0.727386,,,
hadolint,DL3063,Stage name should not be a reserved word,SR 7.7,SR,,7,Least functionality,10,0.464211,0.711983,,,
hadolint,DL3064,Potentially sensitive data should not be used in the ARG or ENV commands,SR 3.2 RE 1,RE,SR 3.2,3,Malicious code protection on entry and exit points,1,0.545811,1.0,,,
hadolint,DL3064,Potentially sensitive data should not be used in the ARG or ENV commands,SR 3.7,SR,,3,Error handling,2,0.538053,0.924284,,,
hadolint,DL3064,Potentially sensitive data should not be used in the ARG or ENV commands,SR 3.9,SR,,3,Protection of audit information,3,0.530489,0.855047,,,
hadolint,DL3064,Potentially sensitive data should not be used in the ARG or ENV commands,SR 3.2,SR,,3,Malicious code protection,4,0.523908,0.798308,,,
hadolint,DL3064,Potentially sensitive data should not be used in the ARG or ENV commands,SR 3.3 RE 2,RE,SR 3.3,3,Security functionality verification during normal operation,5,0.523827,0.797632,,,
hadolint,DL3064,Potentially sensitive data should not be used in the ARG or ENV commands,SR 1.13 RE 1,RE,SR 1.13,1,Explicit access request approval,6,0.523245,0.792768,,,
hadolint,DL3064,Potentially sensitive data should not be used in the ARG or ENV commands,SR 4.1,SR,,4,Information confidentiality,7,0.52254,0.786912,,,
hadolint,DL3064,Potentially sensitive data should not be used in the ARG or ENV commands,SR 1.9,SR,,1,Strength of public key authentication,8,0.522411,0.78584,,,
hadolint,DL3064,Potentially sensitive data should not be used in the ARG or ENV commands,SR 1.7 RE 1,RE,SR 1.7,1,Password generation and lifetime restrictions for human users,9,0.520885,0.773299,,,
hadolint,DL3064,Potentially sensitive data should not be used in the ARG or ENV commands,SR 7.3,SR,,7,Control system backup,10,0.518267,0.752164,,,
hadolint,DL3065,Setting FROM --platform to predefined $TARGETPLATFORM in is redundant as this is the default behavior,SR 3.6,SR,,3,Deterministic output,1,0.505612,1.0,,,
hadolint,DL3065,Setting FROM --platform to predefined $TARGETPLATFORM in is redundant as this is the default behavior,SR 1.5 RE 1,RE,SR 1.5,1,Hardware security for software process identity credentials,2,0.487876,0.821684,,,
hadolint,DL3065,Setting FROM --platform to predefined $TARGETPLATFORM in is redundant as this is the default behavior,SR 3.2 RE 1,RE,SR 3.2,3,Malicious code protection on entry and exit points,3,0.483317,0.780335,,,
hadolint,DL3065,Setting FROM --platform to predefined $TARGETPLATFORM in is redundant as this is the default behavior,SR 5.3,SR,,5,General purpose person-to-person communication restrictions,4,0.48183,0.767221,,,
hadolint,DL3065,Setting FROM --platform to predefined $TARGETPLATFORM in is redundant as this is the default behavior,SR 2.12 RE 1,RE,SR 2.12,2,Non-repudiation for all users,5,0.479773,0.749377,,,
hadolint,DL3065,Setting FROM --platform to predefined $TARGETPLATFORM in is redundant as this is the default behavior,SR 3.5,SR,,3,Input validation,6,0.479578,0.747698,,,
hadolint,DL3065,Setting FROM --platform to predefined $TARGETPLATFORM in is redundant as this is the default behavior,SR 3.7,SR,,3,Error handling,7,0.478996,0.742727,,,
hadolint,DL3065,Setting FROM --platform to predefined $TARGETPLATFORM in is redundant as this is the default behavior,SR 7.1 RE 1,RE,SR 7.1,7,Manage communication loads,8,0.477967,0.733995,,,
hadolint,DL3065,Setting FROM --platform to predefined $TARGETPLATFORM in is redundant as this is the default behavior,SR 7.6,SR,,7,Network and security configuration settings,9,0.474756,0.70728,,,
hadolint,DL3065,Setting FROM --platform to predefined $TARGETPLATFORM in is redundant as this is the default behavior,SR 5.3 RE 1,RE,SR 5.3,5,Prohibit all general purpose person-to-person communications,10,0.474347,0.703932,,,
hadolint,DL3066,Non-numeric user-id may not be resolvable by host system,SR 1.11,SR,,1,Unsuccessful login attempts,1,0.563961,1.0,,,
hadolint,DL3066,Non-numeric user-id may not be resolvable by host system,SR 3.8 RE 1,RE,SR 3.8,3,Invalidation of session IDs after session termination,2,0.563078,0.991415,,,
hadolint,DL3066,Non-numeric user-id may not be resolvable by host system,SR 3.8 RE 3,RE,SR 3.8,3,Randomness of session IDs,3,0.547226,0.847316,,,
hadolint,DL3066,Non-numeric user-id may not be resolvable by host system,SR 1.1 RE 2,RE,SR 1.1,1,Multifactor authentication for untrusted networks,4,0.542301,0.806213,,,
hadolint,DL3066,Non-numeric user-id may not be resolvable by host system,SR 2.12 RE 1,RE,SR 2.12,2,Non-repudiation for all users,5,0.539634,0.784652,,,
hadolint,DL3066,Non-numeric user-id may not be resolvable by host system,SR 3.8 RE 2,RE,SR 3.8,3,Unique session ID generation,6,0.539427,0.782998,,,
hadolint,DL3066,Non-numeric user-id may not be resolvable by host system,SR 1.1,SR,,1,Human user identification and authentication,7,0.533061,0.733502,,,
hadolint,DL3066,Non-numeric user-id may not be resolvable by host system,SR 3.8,SR,,3,Session integrity,8,0.528232,0.697693,,,
hadolint,DL3066,Non-numeric user-id may not be resolvable by host system,SR 1.1 RE 1,RE,SR 1.1,1,Unique identification and authentication,9,0.526429,0.684698,,,
hadolint,DL3067,Do not copy an entire filesystem from another stage,SR 7.3,SR,,7,Control system backup,1,0.576489,1.0,,,
hadolint,DL4000,MAINTAINER is deprecated,SR 1.4,SR,,1,Identifier management,1,0.514533,1.0,,,
hadolint,DL4000,MAINTAINER is deprecated,SR 4.2,SR,,4,Information persistence,2,0.506099,0.91311,,,
hadolint,DL4000,MAINTAINER is deprecated,SR 7.6 RE 1,RE,SR 7.6,7,Machine-readable reporting of current security settings,3,0.496466,0.821522,,,
hadolint,DL4000,MAINTAINER is deprecated,SR 5.2 RE 3,RE,SR 5.2,5,Fail close,4,0.48589,0.729775,,,
hadolint,DL4000,MAINTAINER is deprecated,SR 3.3,SR,,3,Security functionality verification,5,0.484422,0.717727,,,
hadolint,DL4000,MAINTAINER is deprecated,SR 3.8 RE 1,RE,SR 3.8,3,Invalidation of session IDs after session termination,6,0.484053,0.714725,,,
hadolint,DL4000,MAINTAINER is deprecated,SR 7.3,SR,,7,Control system backup,7,0.483566,0.710778,,,
hadolint,DL4000,MAINTAINER is deprecated,SR 1.5 RE 1,RE,SR 1.5,1,Hardware security for software process identity credentials,8,0.482278,0.700428,,,
hadolint,DL4000,MAINTAINER is deprecated,SR 7.3 RE 1,RE,SR 7.3,7,Backup verification,9,0.480091,0.683135,,,
hadolint,DL4001,Either use Wget or Curl but not both.,SR 7.1 RE 1,RE,SR 7.1,7,Manage communication loads,1,0.457312,1.0,,,
hadolint,DL4001,Either use Wget or Curl but not both.,SR 1.11,SR,,1,Unsuccessful login attempts,2,0.456104,0.985549,,,
hadolint,DL4001,Either use Wget or Curl but not both.,SR 5.2 RE 1,RE,SR 5.2,5,"Deny by default, allow by exception",3,0.454881,0.971111,,,
hadolint,DL4001,Either use Wget or Curl but not both.,SR 1.8,SR,,1,Public key infrastructure (PKI) certificates,4,0.446332,0.874878,,,
hadolint,DL4001,Either use Wget or Curl but not both.,SR 6.1 RE 1,RE,SR 6.1,6,Programmatic access to audit logs,5,0.441888,0.828029,,,
hadolint,DL4001,Either use Wget or Curl but not both.,SR 5.3 RE 1,RE,SR 5.3,5,Prohibit all general purpose person-to-person communications,6,0.434371,0.753464,,,
hadolint,DL4001,Either use Wget or Curl but not both.,SR 1.1 RE 3,RE,SR 1.1,1,Multifactor authentication for all networks,7,0.431494,0.726426,,,
hadolint,DL4003,Multiple CMD instructions found. If you list more than one CMD then only the last CMD will take effect.,SR 7.1 RE 1,RE,SR 7.1,7,Manage communication loads,1,0.502108,1.0,,,
hadolint,DL4003,Multiple CMD instructions found. If you list more than one CMD then only the last CMD will take effect.,SR 3.2 RE 1,RE,SR 3.2,3,Malicious code protection on entry and exit points,2,0.501968,0.998471,,,
hadolint,DL4003,Multiple CMD instructions found. If you list more than one CMD then only the last CMD will take effect.,SR 3.2,SR,,3,Malicious code protection,3,0.500324,0.980617,,,
hadolint,DL4003,Multiple CMD instructions found. If you list more than one CMD then only the last CMD will take effect.,SR 5.2 RE 3,RE,SR 5.2,5,Fail close,4,0.495995,0.934848,,,
hadolint,DL4003,Multiple CMD instructions found. If you list more than one CMD then only the last CMD will take effect.,SR 3.3 RE 1,RE,SR 3.3,3,Automated mechanisms for security functionality verification,5,0.493764,0.911955,,,
hadolint,DL4003,Multiple CMD instructions found. If you list more than one CMD then only the last CMD will take effect.,SR 1.11,SR,,1,Unsuccessful login attempts,6,0.491606,0.890247,,,
hadolint,DL4003,Multiple CMD instructions found. If you list more than one CMD then only the last CMD will take effect.,SR 7.3 RE 1,RE,SR 7.3,7,Backup verification,7,0.489798,0.872395,,,
hadolint,DL4003,Multiple CMD instructions found. If you list more than one CMD then only the last CMD will take effect.,SR 5.2 RE 1,RE,SR 5.2,5,"Deny by default, allow by exception",8,0.484584,0.822524,,,
hadolint,DL4003,Multiple CMD instructions found. If you list more than one CMD then only the last CMD will take effect.,SR 3.7,SR,,3,Error handling,9,0.483288,0.810499,,,
hadolint,DL4003,Multiple CMD instructions found. If you list more than one CMD then only the last CMD will take effect.,SR 3.3 RE 2,RE,SR 3.3,3,Security functionality verification during normal operation,10,0.483263,0.810266,,,
hadolint,DL4004,Multiple ENTRYPOINT instructions found. If you list more than one ENTRYPOINT then only the last ENTRYPOINT will take effect.,SR 3.2 RE 1,RE,SR 3.2,3,Malicious code protection on entry and exit points,1,0.569088,1.0,,,
hadolint,DL4005,Use SHELL to change the default shell,SR 5.2 RE 1,RE,SR 5.2,5,"Deny by default, allow by exception",1,0.435516,1.0,,,
hadolint,DL4005,Use SHELL to change the default shell,SR 1.5,SR,,1,Authenticator management,2,0.427869,0.907171,,,
hadolint,DL4005,Use SHELL to change the default shell,SR 1.5 RE 1,RE,SR 1.5,1,Hardware security for software process identity credentials,3,0.420451,0.823973,,,
hadolint,DL4005,Use SHELL to change the default shell,SR 6.1 RE 1,RE,SR 6.1,6,Programmatic access to audit logs,4,0.415311,0.770072,,,
hadolint,DL4005,Use SHELL to change the default shell,SR 1.12,SR,,1,System use notification,5,0.409629,0.713886,,,
hadolint,DL4005,Use SHELL to change the default shell,SR 1.11,SR,,1,Unsuccessful login attempts,6,0.409549,0.713116,,,
hadolint,DL4006,Set the SHELL option -o pipefail before RUN with a pipe in,SR 5.2 RE 3,RE,SR 5.2,5,Fail close,1,0.509595,1.0,,,
hadolint,DL4006,Set the SHELL option -o pipefail before RUN with a pipe in,SR 1.11,SR,,1,Unsuccessful login attempts,2,0.505732,0.95901,,,
hadolint,DL4006,Set the SHELL option -o pipefail before RUN with a pipe in,SR 5.2 RE 1,RE,SR 5.2,5,"Deny by default, allow by exception",3,0.493245,0.835812,,,
hadolint,DL4006,Set the SHELL option -o pipefail before RUN with a pipe in,SR 7.1,SR,,7,Denial of service protection,4,0.488458,0.792154,,,
hadolint,DL4006,Set the SHELL option -o pipefail before RUN with a pipe in,SR 7.3,SR,,7,Control system backup,5,0.485866,0.769316,,,
hadolint,DL4006,Set the SHELL option -o pipefail before RUN with a pipe in,SR 3.6,SR,,3,Deterministic output,6,0.48445,0.757058,,,
shellcheck,SC1000,SC1000,SR 3.5,SR,,3,Input validation,1,0.501468,1.0,,,
shellcheck,SC1000,SC1000,SR 3.7,SR,,3,Error handling,2,0.483275,0.816076,,,
shellcheck,SC1000,SC1000,SR 7.1 RE 1,RE,SR 7.1,7,Manage communication loads,3,0.482757,0.811272,,,
shellcheck,SC1000,SC1000,SR 7.1,SR,,7,Denial of service protection,4,0.472457,0.720531,,,
shellcheck,SC1001,This \o will be a regular 'o' in this context.,SR 3.5,SR,,3,Input validation,1,0.521938,1.0,,,
shellcheck,SC1001,This \o will be a regular 'o' in this context.,SR 7.1,SR,,7,Denial of service protection,2,0.497667,0.769591,,,
shellcheck,SC1001,This \o will be a regular 'o' in this context.,SR 5.2 RE 3,RE,SR 5.2,5,Fail close,3,0.495036,0.747476,,,
shellcheck,SC1001,This \o will be a regular 'o' in this context.,SR 1.4,SR,,1,Identifier management,4,0.492679,0.728113,,,
shellcheck,SC1001,This \o will be a regular 'o' in this context.,SR 1.7 RE 1,RE,SR 1.7,1,Password generation and lifetime restrictions for human users,5,0.492119,0.723575,,,
shellcheck,SC1001,This \o will be a regular 'o' in this context.,SR 3.6,SR,,3,Deterministic output,6,0.489117,0.699629,,,
shellcheck,SC1003,Want to escape a single quote? echo 'This is how it'\''s done'.,SR 3.5,SR,,3,Input validation,1,0.511621,1.0,,,
shellcheck,SC1003,Want to escape a single quote? echo 'This is how it'\''s done'.,SR 3.7,SR,,3,Error handling,2,0.506298,0.944103,,,
shellcheck,SC1003,Want to escape a single quote? echo 'This is how it'\''s done'.,SR 3.2 RE 1,RE,SR 3.2,3,Malicious code protection on entry and exit points,3,0.505965,0.940692,,,
shellcheck,SC1003,Want to escape a single quote? echo 'This is how it'\''s done'.,SR 7.6 RE 1,RE,SR 7.6,7,Machine-readable reporting of current security settings,4,0.495174,0.835516,,,
shellcheck,SC1003,Want to escape a single quote? echo 'This is how it'\''s done'.,SR 1.11,SR,,1,Unsuccessful login attempts,5,0.490254,0.790865,,,
shellcheck,SC1003,Want to escape a single quote? echo 'This is how it'\''s done'.,SR 1.7 RE 1,RE,SR 1.7,1,Password generation and lifetime restrictions for human users,6,0.489538,0.784534,,,
shellcheck,SC1003,Want to escape a single quote? echo 'This is how it'\''s done'.,SR 3.8,SR,,3,Session integrity,7,0.489322,0.782628,,,
shellcheck,SC1003,Want to escape a single quote? echo 'This is how it'\''s done'.,SR 3.8 RE 2,RE,SR 3.8,3,Unique session ID generation,8,0.489278,0.782245,,,
shellcheck,SC1003,Want to escape a single quote? echo 'This is how it'\''s done'.,SR 5.2 RE 3,RE,SR 5.2,5,Fail close,9,0.486238,0.755879,,,
shellcheck,SC1003,Want to escape a single quote? echo 'This is how it'\''s done'.,SR 3.8 RE 3,RE,SR 3.8,3,Randomness of session IDs,10,0.482579,0.725126,,,
shellcheck,SC1004,This backslash+linefeed is literal. Break outside single quotes if you just want to break the line.,SR 3.5,SR,,3,Input validation,1,0.564532,1.0,,,
shellcheck,SC1007,SC1007,SR 3.7,SR,,3,Error handling,1,0.535291,1.0,,,
shellcheck,SC1007,SC1007,SR 7.6 RE 1,RE,SR 7.6,7,Machine-readable reporting of current security settings,2,0.524541,0.894418,,,
shellcheck,SC1007,SC1007,SR 3.5,SR,,3,Input validation,3,0.519499,0.848147,,,
shellcheck,SC1007,SC1007,SR 7.1 RE 1,RE,SR 7.1,7,Manage communication loads,4,0.516498,0.821544,,,
shellcheck,SC1007,SC1007,SR 3.3,SR,,3,Security functionality verification,5,0.505413,0.729136,,,
shellcheck,SC1007,SC1007,SR 5.2 RE 3,RE,SR 5.2,5,Fail close,6,0.500607,0.691812,,,
shellcheck,SC1007,SC1007,SR 5.3,SR,,5,General purpose person-to-person communication restrictions,7,0.499682,0.684811,,,
shellcheck,SC1008,This shebang was unrecognized. ShellCheck only supports sh/bash/dash/ksh. Add a 'shell' directive to specify.,SR 3.3,SR,,3,Security functionality verification,1,0.493621,1.0,,,
shellcheck,SC1008,This shebang was unrecognized. ShellCheck only supports sh/bash/dash/ksh. Add a 'shell' directive to specify.,SR 2.12 RE 1,RE,SR 2.12,2,Non-repudiation for all users,2,0.492576,0.988419,,,
shellcheck,SC1008,This shebang was unrecognized. ShellCheck only supports sh/bash/dash/ksh. Add a 'shell' directive to specify.,SR 3.5,SR,,3,Input validation,3,0.491257,0.973943,,,
shellcheck,SC1008,This shebang was unrecognized. ShellCheck only supports sh/bash/dash/ksh. Add a 'shell' directive to specify.,SR 5.2 RE 3,RE,SR 5.2,5,Fail close,4,0.484338,0.900854,,,
shellcheck,SC1008,This shebang was unrecognized. ShellCheck only supports sh/bash/dash/ksh. Add a 'shell' directive to specify.,SR 2.4 RE 1,RE,SR 2.4,2,Mobile code integrity check,5,0.483834,0.895711,,,
shellcheck,SC1008,This shebang was unrecognized. ShellCheck only supports sh/bash/dash/ksh. Add a 'shell' directive to specify.,SR 1.5 RE 1,RE,SR 1.5,1,Hardware security for software process identity credentials,6,0.47574,0.816337,,,
shellcheck,SC1008,This shebang was unrecognized. ShellCheck only supports sh/bash/dash/ksh. Add a 'shell' directive to specify.,SR 1.2,SR,,1,Software process and device identification and authentication,7,0.473668,0.796976,,,
shellcheck,SC1008,This shebang was unrecognized. ShellCheck only supports sh/bash/dash/ksh. Add a 'shell' directive to specify.,SR 3.7,SR,,3,Error handling,8,0.472279,0.784207,,,
shellcheck,SC1008,This shebang was unrecognized. ShellCheck only supports sh/bash/dash/ksh. Add a 'shell' directive to specify.,SR 1.2 RE 1,RE,SR 1.2,1,Unique identification and authentication,9,0.470312,0.766405,,,
shellcheck,SC1008,This shebang was unrecognized. ShellCheck only supports sh/bash/dash/ksh. Add a 'shell' directive to specify.,SR 3.2 RE 1,RE,SR 3.2,3,Malicious code protection on entry and exit points,10,0.466873,0.736085,,,
shellcheck,SC1009,SC1009,SR 6.2,SR,,6,Continuous monitoring,1,0.476592,1.0,,,
shellcheck,SC1009,SC1009,SR 7.6 RE 1,RE,SR 7.6,7,Machine-readable reporting of current security settings,2,0.472169,0.950011,,,
shellcheck,SC1009,SC1009,SR 7.6,SR,,7,Network and security configuration settings,3,0.470258,0.929055,,,
shellcheck,SC1009,SC1009,SR 3.3,SR,,3,Security functionality verification,4,0.467239,0.896717,,,
shellcheck,SC1009,SC1009,SR 1.5 RE 1,RE,SR 1.5,1,Hardware security for software process identity credentials,5,0.465017,0.87352,,,
shellcheck,SC1009,SC1009,SR 1.3 RE 1,RE,SR 1.3,1,Unified account management,6,0.463709,0.860092,,,
shellcheck,SC1009,SC1009,SR 1.9 RE 1,RE,SR 1.9,1,Hardware security for public key authentication,7,0.463388,0.856818,,,
shellcheck,SC1009,SC1009,SR 5.4,SR,,5,Application partitioning,8,0.461569,0.838487,,,
shellcheck,SC1009,SC1009,SR 2.11 RE 1,RE,SR 2.11,2,Internal time synchronization,9,0.461289,0.835688,,,
shellcheck,SC1009,SC1009,SR 1.2 RE 1,RE,SR 1.2,1,Unique identification and authentication,10,0.458814,0.811324,,,
shellcheck,SC1011,This apostrophe terminated the single quoted string!,SR 3.5,SR,,3,Input validation,1,0.51433,1.0,,,
shellcheck,SC1011,This apostrophe terminated the single quoted string!,SR 1.11,SR,,1,Unsuccessful login attempts,2,0.48427,0.718047,,,
shellcheck,SC1012,"\t is just literal t here. For tab, use ""$(printf '\t')"" instead.",SR 3.5,SR,,3,Input validation,1,0.544697,1.0,,,
shellcheck,SC1012,"\t is just literal t here. For tab, use ""$(printf '\t')"" instead.",SR 2.11,SR,,2,Timestamps,2,0.529095,0.852277,,,
shellcheck,SC1012,"\t is just literal t here. For tab, use ""$(printf '\t')"" instead.",SR 3.3,SR,,3,Security functionality verification,3,0.509672,0.693815,,,
shellcheck,SC1014,"Use if cmd; then .. to check exit code, or if [ ""$(cmd)"" = .. ] to check output.",SR 5.2 RE 3,RE,SR 5.2,5,Fail close,1,0.548185,1.0,,,
shellcheck,SC1014,"Use if cmd; then .. to check exit code, or if [ ""$(cmd)"" = .. ] to check output.",SR 3.7,SR,,3,Error handling,2,0.538304,0.904805,,,
shellcheck,SC1014,"Use if cmd; then .. to check exit code, or if [ ""$(cmd)"" = .. ] to check output.",SR 3.2 RE 1,RE,SR 3.2,3,Malicious code protection on entry and exit points,3,0.531502,0.84368,,,
shellcheck,SC1014,"Use if cmd; then .. to check exit code, or if [ ""$(cmd)"" = .. ] to check output.",SR 3.5,SR,,3,Input validation,4,0.531423,0.84299,,,
shellcheck,SC1014,"Use if cmd; then .. to check exit code, or if [ ""$(cmd)"" = .. ] to check output.",SR 3.3,SR,,3,Security functionality verification,5,0.521733,0.761847,,,
shellcheck,SC1014,"Use if cmd; then .. to check exit code, or if [ ""$(cmd)"" = .. ] to check output.",SR 2.10,SR,,2,Response to audit processing failures,6,0.517831,0.731035,,,
shellcheck,SC1014,"Use if cmd; then .. to check exit code, or if [ ""$(cmd)"" = .. ] to check output.",SR 1.11,SR,,1,Unsuccessful login attempts,7,0.514811,0.707887,,,
shellcheck,SC1014,"Use if cmd; then .. to check exit code, or if [ ""$(cmd)"" = .. ] to check output.",SR 2.4 RE 1,RE,SR 2.4,2,Mobile code integrity check,8,0.514699,0.707044,,,
shellcheck,SC1014,"Use if cmd; then .. to check exit code, or if [ ""$(cmd)"" = .. ] to check output.",SR 2.12 RE 1,RE,SR 2.12,2,Non-repudiation for all users,9,0.514051,0.702158,,,
shellcheck,SC1014,"Use if cmd; then .. to check exit code, or if [ ""$(cmd)"" = .. ] to check output.",SR 1.2,SR,,1,Software process and device identification and authentication,10,0.513149,0.695411,,,
shellcheck,SC1015,This is a Unicode double quote. Delete and retype it.,SR 3.5,SR,,3,Input validation,1,0.503824,1.0,,,
shellcheck,SC1015,This is a Unicode double quote. Delete and retype it.,SR 3.2 RE 1,RE,SR 3.2,3,Malicious code protection on entry and exit points,2,0.481267,0.777301,,,
shellcheck,SC1016,This is a Unicode single quote. Delete and retype it.,SR 3.5,SR,,3,Input validation,1,0.502731,1.0,,,
shellcheck,SC1016,This is a Unicode single quote. Delete and retype it.,SR 3.2 RE 1,RE,SR 3.2,3,Malicious code protection on entry and exit points,2,0.484119,0.812625,,,
shellcheck,SC1016,This is a Unicode single quote. Delete and retype it.,SR 7.6 RE 1,RE,SR 7.6,7,Machine-readable reporting of current security settings,3,0.482371,0.796625,,,
shellcheck,SC1016,This is a Unicode single quote. Delete and retype it.,SR 1.7 RE 1,RE,SR 1.7,1,Password generation and lifetime restrictions for human users,4,0.469424,0.685906,,,
shellcheck,SC1017,Literal carriage return. Run script through tr -d '\r' .,SR 3.5,SR,,3,Input validation,1,0.531361,1.0,,,
shellcheck,SC1017,Literal carriage return. Run script through tr -d '\r' .,SR 3.2 RE 1,RE,SR 3.2,3,Malicious code protection on entry and exit points,2,0.507888,0.779976,,,
shellcheck,SC1018,SC1018,SR 3.3,SR,,3,Security functionality verification,1,0.506719,1.0,,,
shellcheck,SC1018,SC1018,SR 1.11,SR,,1,Unsuccessful login attempts,2,0.502089,0.950758,,,
shellcheck,SC1018,SC1018,SR 7.1,SR,,7,Denial of service protection,3,0.500755,0.936952,,,
shellcheck,SC1018,SC1018,SR 1.5 RE 1,RE,SR 1.5,1,Hardware security for software process identity credentials,4,0.497941,0.908355,,,
shellcheck,SC1018,SC1018,SR 2.11 RE 1,RE,SR 2.11,2,Internal time synchronization,5,0.495461,0.88375,,,
shellcheck,SC1018,SC1018,SR 7.6 RE 1,RE,SR 7.6,7,Machine-readable reporting of current security settings,6,0.49545,0.88364,,,
shellcheck,SC1018,SC1018,SR 2.11,SR,,2,Timestamps,7,0.49443,0.87368,,,
shellcheck,SC1018,SC1018,SR 2.11 RE 2,RE,SR 2.11,2,Protection of time source integrity,8,0.494359,0.872991,,,
shellcheck,SC1018,SC1018,SR 2.3 RE 1,RE,SR 2.3,2,Enforcement of security status of portable and mobile devices,9,0.487899,0.812067,,,
shellcheck,SC1018,SC1018,SR 5.2,SR,,5,Zone boundary protection,10,0.486255,0.797131,,,
shellcheck,SC1019,Expected this to be an argument to the unary condition.,SR 3.7,SR,,3,Error handling,1,0.531957,1.0,,,
shellcheck,SC1019,Expected this to be an argument to the unary condition.,SR 3.6,SR,,3,Deterministic output,2,0.53004,0.980332,,,
shellcheck,SC1019,Expected this to be an argument to the unary condition.,SR 2.12 RE 1,RE,SR 2.12,2,Non-repudiation for all users,3,0.512771,0.817066,,,
shellcheck,SC1019,Expected this to be an argument to the unary condition.,SR 5.2 RE 1,RE,SR 5.2,5,"Deny by default, allow by exception",4,0.502447,0.730588,,,
shellcheck,SC1019,Expected this to be an argument to the unary condition.,SR 7.1,SR,,7,Denial of service protection,5,0.500036,0.711512,,,
shellcheck,SC1019,Expected this to be an argument to the unary condition.,SR 5.2 RE 3,RE,SR 5.2,5,Fail close,6,0.499095,0.704182,,,
shellcheck,SC1019,Expected this to be an argument to the unary condition.,SR 3.2 RE 1,RE,SR 3.2,3,Malicious code protection on entry and exit points,7,0.497107,0.688895,,,
shellcheck,SC1020,You need a space before the ] or ]],SR 3.5,SR,,3,Input validation,1,0.540279,1.0,,,
shellcheck,SC1020,You need a space before the ] or ]],SR 2.4 RE 1,RE,SR 2.4,2,Mobile code integrity check,2,0.515053,0.768757,,,
shellcheck,SC1020,You need a space before the ] or ]],SR 3.3,SR,,3,Security functionality verification,3,0.504359,0.684969,,,
shellcheck,SC1026,"If grouping expressions inside [[..]], use ( .. ).",SR 3.5,SR,,3,Input validation,1,0.550272,1.0,,,
shellcheck,SC1026,"If grouping expressions inside [[..]], use ( .. ).",SR 2.4,SR,,2,Mobile code,2,0.531713,0.828039,,,
shellcheck,SC1026,"If grouping expressions inside [[..]], use ( .. ).",SR 5.2 RE 3,RE,SR 5.2,5,Fail close,3,0.528437,0.800365,,,
shellcheck,SC1026,"If grouping expressions inside [[..]], use ( .. ).",SR 3.2 RE 1,RE,SR 3.2,3,Malicious code protection on entry and exit points,4,0.526327,0.782945,,,
shellcheck,SC1026,"If grouping expressions inside [[..]], use ( .. ).",SR 2.4 RE 1,RE,SR 2.4,2,Mobile code integrity check,5,0.525111,0.773048,,,
shellcheck,SC1027,Expected another argument for this operator.,SR 3.2 RE 1,RE,SR 3.2,3,Malicious code protection on entry and exit points,1,0.513304,1.0,,,
shellcheck,SC1027,Expected another argument for this operator.,SR 3.7,SR,,3,Error handling,2,0.499233,0.858236,,,
shellcheck,SC1027,Expected another argument for this operator.,SR 3.6,SR,,3,Deterministic output,3,0.489496,0.770126,,,
shellcheck,SC1027,Expected another argument for this operator.,SR 3.5,SR,,3,Input validation,4,0.484896,0.731154,,,
shellcheck,SC1027,Expected another argument for this operator.,SR 5.2 RE 3,RE,SR 5.2,5,Fail close,5,0.484075,0.724369,,,
shellcheck,SC1027,Expected another argument for this operator.,SR 2.12 RE 1,RE,SR 2.12,2,Non-repudiation for all users,6,0.483872,0.722701,,,
shellcheck,SC1028,In [..] you have to escape \( \) or preferably combine [..] expressions.,SR 3.2 RE 1,RE,SR 3.2,3,Malicious code protection on entry and exit points,1,0.564133,1.0,,,
shellcheck,SC1028,In [..] you have to escape \( \) or preferably combine [..] expressions.,SR 3.7,SR,,3,Error handling,2,0.548271,0.854819,,,
shellcheck,SC1028,In [..] you have to escape \( \) or preferably combine [..] expressions.,SR 5.2 RE 3,RE,SR 5.2,5,Fail close,3,0.536263,0.756796,,,
shellcheck,SC1028,In [..] you have to escape \( \) or preferably combine [..] expressions.,SR 3.5,SR,,3,Input validation,4,0.535016,0.747172,,,
shellcheck,SC1028,In [..] you have to escape \( \) or preferably combine [..] expressions.,SR 4.1 RE 2,RE,SR 4.1,4,Protection of confidentiality across zone boundaries,5,0.53327,0.733853,,,
shellcheck,SC1028,In [..] you have to escape \( \) or preferably combine [..] expressions.,SR 1.11,SR,,1,Unsuccessful login attempts,6,0.528759,0.700358,,,
shellcheck,SC1029,In [[..]] you shouldn't escape ( or ).,SR 3.2 RE 1,RE,SR 3.2,3,Malicious code protection on entry and exit points,1,0.572109,1.0,,,
shellcheck,SC1029,In [[..]] you shouldn't escape ( or ).,SR 3.7,SR,,3,Error handling,2,0.557043,0.863485,,,
shellcheck,SC1029,In [[..]] you shouldn't escape ( or ).,SR 1.11,SR,,1,Unsuccessful login attempts,3,0.543702,0.755702,,,
shellcheck,SC1029,In [[..]] you shouldn't escape ( or ).,SR 5.2 RE 3,RE,SR 5.2,5,Fail close,4,0.542966,0.750094,,,
shellcheck,SC1029,In [[..]] you shouldn't escape ( or ).,SR 3.5,SR,,3,Input validation,5,0.536047,0.699006,,,
shellcheck,SC1029,In [[..]] you shouldn't escape ( or ).,SR 4.1 RE 2,RE,SR 4.1,4,Protection of confidentiality across zone boundaries,6,0.534686,0.6893,,,
shellcheck,SC1029,In [[..]] you shouldn't escape ( or ).,SR 1.7 RE 1,RE,SR 1.7,1,Password generation and lifetime restrictions for human users,7,0.534672,0.689202,,,
shellcheck,SC1033,Test expression was opened with double [[ but closed with single ]. Make sure they match.,SR 5.2 RE 3,RE,SR 5.2,5,Fail close,1,0.515238,1.0,,,
shellcheck,SC1033,Test expression was opened with double [[ but closed with single ]. Make sure they match.,SR 3.5,SR,,3,Input validation,2,0.511384,0.959552,,,
shellcheck,SC1033,Test expression was opened with double [[ but closed with single ]. Make sure they match.,SR 3.6,SR,,3,Deterministic output,3,0.506135,0.906617,,,
shellcheck,SC1033,Test expression was opened with double [[ but closed with single ]. Make sure they match.,SR 3.2 RE 1,RE,SR 3.2,3,Malicious code protection on entry and exit points,4,0.48861,0.746875,,,
shellcheck,SC1033,Test expression was opened with double [[ but closed with single ]. Make sure they match.,SR 1.11,SR,,1,Unsuccessful login attempts,5,0.486382,0.72834,,,
shellcheck,SC1033,Test expression was opened with double [[ but closed with single ]. Make sure they match.,SR 3.7,SR,,3,Error handling,6,0.482615,0.697849,,,
shellcheck,SC1033,Test expression was opened with double [[ but closed with single ]. Make sure they match.,SR 7.1,SR,,7,Denial of service protection,7,0.482127,0.69398,,,
shellcheck,SC1033,Test expression was opened with double [[ but closed with single ]. Make sure they match.,SR 3.3,SR,,3,Security functionality verification,8,0.481967,0.69271,,,
shellcheck,SC1034,Test expression was opened with single [ but closed with double ]]. Make sure they match.,SR 5.2 RE 3,RE,SR 5.2,5,Fail close,1,0.487784,1.0,,,
shellcheck,SC1034,Test expression was opened with single [ but closed with double ]]. Make sure they match.,SR 3.5,SR,,3,Input validation,2,0.486898,0.990046,,,
shellcheck,SC1034,Test expression was opened with single [ but closed with double ]]. Make sure they match.,SR 3.3,SR,,3,Security functionality verification,3,0.480227,0.917705,,,
shellcheck,SC1034,Test expression was opened with single [ but closed with double ]]. Make sure they match.,SR 2.11,SR,,2,Timestamps,4,0.474637,0.860476,,,
shellcheck,SC1034,Test expression was opened with single [ but closed with double ]]. Make sure they match.,SR 2.11 RE 2,RE,SR 2.11,2,Protection of time source integrity,5,0.470314,0.818242,,,
shellcheck,SC1034,Test expression was opened with single [ but closed with double ]]. Make sure they match.,SR 1.11,SR,,1,Unsuccessful login attempts,6,0.468431,0.800391,,,
shellcheck,SC1034,Test expression was opened with single [ but closed with double ]]. Make sure they match.,SR 2.4 RE 1,RE,SR 2.4,2,Mobile code integrity check,7,0.464367,0.762932,,,
shellcheck,SC1034,Test expression was opened with single [ but closed with double ]]. Make sure they match.,SR 2.1 RE 4,RE,SR 2.1,2,Dual approval,8,0.462579,0.746913,,,
shellcheck,SC1034,Test expression was opened with single [ but closed with double ]]. Make sure they match.,SR 3.6,SR,,3,Deterministic output,9,0.459503,0.719999,,,
shellcheck,SC1034,Test expression was opened with single [ but closed with double ]]. Make sure they match.,SR 2.9 RE 1,RE,SR 2.9,2,Warn when audit record storage capacity threshold reached,10,0.45837,0.710294,,,
shellcheck,SC1035,You need a space here,SR 5.2 RE 3,RE,SR 5.2,5,Fail close,1,0.58564,1.0,,,
shellcheck,SC1035,You need a space here,SR 3.5,SR,,3,Input validation,2,0.57456,0.900271,,,
shellcheck,SC1036,( is invalid here. Did you forget to escape it?,SR 3.5,SR,,3,Input validation,1,0.53375,1.0,,,
shellcheck,SC1036,( is invalid here. Did you forget to escape it?,SR 5.2 RE 3,RE,SR 5.2,5,Fail close,2,0.519471,0.861441,,,
shellcheck,SC1036,( is invalid here. Did you forget to escape it?,SR 1.11,SR,,1,Unsuccessful login attempts,3,0.507591,0.758518,,,
shellcheck,SC1037,"Braces are required for positionals over 9, e.g. ${10}.",SR 3.5,SR,,3,Input validation,1,0.540874,1.0,,,
shellcheck,SC1037,"Braces are required for positionals over 9, e.g. ${10}.",SR 7.3,SR,,7,Control system backup,2,0.522992,0.831179,,,
shellcheck,SC1037,"Braces are required for positionals over 9, e.g. ${10}.",SR 3.7,SR,,3,Error handling,3,0.522281,0.824983,,,
shellcheck,SC1037,"Braces are required for positionals over 9, e.g. ${10}.",SR 7.7,SR,,7,Least functionality,4,0.521979,0.822356,,,
shellcheck,SC1037,"Braces are required for positionals over 9, e.g. ${10}.",SR 1.11,SR,,1,Unsuccessful login attempts,5,0.520249,0.807476,,,
shellcheck,SC1037,"Braces are required for positionals over 9, e.g. ${10}.",SR 5.2 RE 3,RE,SR 5.2,5,Fail close,6,0.520167,0.806784,,,
shellcheck,SC1037,"Braces are required for positionals over 9, e.g. ${10}.",SR 3.2 RE 1,RE,SR 3.2,3,Malicious code protection on entry and exit points,7,0.518104,0.78934,,,
shellcheck,SC1037,"Braces are required for positionals over 9, e.g. ${10}.",SR 1.4,SR,,1,Identifier management,8,0.517609,0.785197,,,
shellcheck,SC1037,"Braces are required for positionals over 9, e.g. ${10}.",SR 2.9 RE 1,RE,SR 2.9,2,Warn when audit record storage capacity threshold reached,9,0.513752,0.753554,,,
shellcheck,SC1037,"Braces are required for positionals over 9, e.g. ${10}.",SR 2.11,SR,,2,Timestamps,10,0.513128,0.748531,,,
shellcheck,SC1038,"Shells are space sensitive. Use < <(cmd), not <<(cmd).",SR 3.5,SR,,3,Input validation,1,0.516166,1.0,,,
shellcheck,SC1038,"Shells are space sensitive. Use < <(cmd), not <<(cmd).",SR 5.2 RE 3,RE,SR 5.2,5,Fail close,2,0.487461,0.730002,,,
shellcheck,SC1038,"Shells are space sensitive. Use < <(cmd), not <<(cmd).",SR 7.6 RE 1,RE,SR 7.6,7,Machine-readable reporting of current security settings,3,0.486114,0.718978,,,
shellcheck,SC1038,"Shells are space sensitive. Use < <(cmd), not <<(cmd).",SR 7.3,SR,,7,Control system backup,4,0.483811,0.700444,,,
shellcheck,SC1038,"Shells are space sensitive. Use < <(cmd), not <<(cmd).",SR 4.2,SR,,4,Information persistence,5,0.481788,0.684486,,,
shellcheck,SC1039,Remove indentation before end token (or use <<- and indent with tabs).,SR 3.8 RE 1,RE,SR 3.8,3,Invalidation of session IDs after session termination,1,0.512076,1.0,,,
shellcheck,SC1039,Remove indentation before end token (or use <<- and indent with tabs).,SR 2.11,SR,,2,Timestamps,2,0.494872,0.828649,,,
shellcheck,SC1039,Remove indentation before end token (or use <<- and indent with tabs).,SR 3.5,SR,,3,Input validation,3,0.490391,0.788214,,,
shellcheck,SC1039,Remove indentation before end token (or use <<- and indent with tabs).,SR 1.4,SR,,1,Identifier management,4,0.481657,0.714033,,,
shellcheck,SC1039,Remove indentation before end token (or use <<- and indent with tabs).,SR 2.4 RE 1,RE,SR 2.4,2,Mobile code integrity check,5,0.481513,0.71286,,,
shellcheck,SC1040,"When using <<-, you can only indent with tabs.",SR 3.5,SR,,3,Input validation,1,0.516014,1.0,,,
shellcheck,SC1040,"When using <<-, you can only indent with tabs.",SR 5.2 RE 3,RE,SR 5.2,5,Fail close,2,0.504809,0.886258,,,
shellcheck,SC1040,"When using <<-, you can only indent with tabs.",SR 2.11,SR,,2,Timestamps,3,0.491789,0.767617,,,
shellcheck,SC1040,"When using <<-, you can only indent with tabs.",SR 3.7,SR,,3,Error handling,4,0.48403,0.703336,,,
shellcheck,SC1041,"Found eof further down, but not on a separate line.",SR 5.2 RE 3,RE,SR 5.2,5,Fail close,1,0.481436,1.0,,,
shellcheck,SC1041,"Found eof further down, but not on a separate line.",SR 3.7,SR,,3,Error handling,2,0.460117,0.779494,,,
shellcheck,SC1041,"Found eof further down, but not on a separate line.",SR 3.2 RE 1,RE,SR 3.2,3,Malicious code protection on entry and exit points,3,0.453424,0.719143,,,
shellcheck,SC1041,"Found eof further down, but not on a separate line.",SR 7.1,SR,,7,Denial of service protection,4,0.449391,0.68466,,,
shellcheck,SC1043,"Found EOF further down, but with wrong casing.",SR 5.2 RE 3,RE,SR 5.2,5,Fail close,1,0.502319,1.0,,,
shellcheck,SC1043,"Found EOF further down, but with wrong casing.",SR 3.7,SR,,3,Error handling,2,0.479125,0.771047,,,
shellcheck,SC1043,"Found EOF further down, but with wrong casing.",SR 3.2 RE 1,RE,SR 3.2,3,Malicious code protection on entry and exit points,3,0.469352,0.688427,,,
shellcheck,SC1044,Couldn't find end token EOF in the here document.,SR 5.2 RE 3,RE,SR 5.2,5,Fail close,1,0.495188,1.0,,,
shellcheck,SC1044,Couldn't find end token EOF in the here document.,SR 3.7,SR,,3,Error handling,2,0.471435,0.763105,,,
shellcheck,SC1044,Couldn't find end token EOF in the here document.,SR 3.8 RE 1,RE,SR 3.8,3,Invalidation of session IDs after session termination,3,0.469769,0.748394,,,
shellcheck,SC1044,Couldn't find end token EOF in the here document.,SR 2.11,SR,,2,Timestamps,4,0.468176,0.734537,,,
shellcheck,SC1044,Couldn't find end token EOF in the here document.,SR 1.11,SR,,1,Unsuccessful login attempts,5,0.465109,0.70846,,,
shellcheck,SC1045,SC1045,SR 3.2 RE 1,RE,SR 3.2,3,Malicious code protection on entry and exit points,1,0.519017,1.0,,,
shellcheck,SC1045,SC1045,SR 1.11,SR,,1,Unsuccessful login attempts,2,0.514285,0.950873,,,
shellcheck,SC1045,SC1045,SR 3.7,SR,,3,Error handling,3,0.511967,0.927538,,,
shellcheck,SC1045,SC1045,SR 7.1 RE 1,RE,SR 7.1,7,Manage communication loads,4,0.500919,0.822665,,,
shellcheck,SC1045,SC1045,SR 3.5,SR,,3,Input validation,5,0.499786,0.812482,,,
shellcheck,SC1045,SC1045,SR 5.2 RE 1,RE,SR 5.2,5,"Deny by default, allow by exception",6,0.499509,0.810011,,,
shellcheck,SC1045,SC1045,SR 2.4,SR,,2,Mobile code,7,0.492983,0.753491,,,
shellcheck,SC1045,SC1045,SR 2.4 RE 1,RE,SR 2.4,2,Mobile code integrity check,8,0.489416,0.723992,,,
shellcheck,SC1045,SC1045,SR 5.2 RE 3,RE,SR 5.2,5,Fail close,9,0.488074,0.713134,,,
shellcheck,SC1045,SC1045,SR 7.7,SR,,7,Least functionality,10,0.485907,0.695894,,,
shellcheck,SC1046,Couldn't find fi for this if.,SR 3.5,SR,,3,Input validation,1,0.498037,1.0,,,
shellcheck,SC1046,Couldn't find fi for this if.,SR 2.4 RE 1,RE,SR 2.4,2,Mobile code integrity check,2,0.483555,0.850188,,,
shellcheck,SC1046,Couldn't find fi for this if.,SR 2.12 RE 1,RE,SR 2.12,2,Non-repudiation for all users,3,0.477603,0.7942,,,
shellcheck,SC1046,Couldn't find fi for this if.,SR 3.3,SR,,3,Security functionality verification,4,0.471708,0.741765,,,
shellcheck,SC1046,Couldn't find fi for this if.,SR 1.11,SR,,1,Unsuccessful login attempts,5,0.4692,0.720325,,,
shellcheck,SC1046,Couldn't find fi for this if.,SR 5.2 RE 3,RE,SR 5.2,5,Fail close,6,0.465424,0.689017,,,
shellcheck,SC1047,Expected fi matching previously mentioned if.,SR 3.3,SR,,3,Security functionality verification,1,0.555895,1.0,,,
shellcheck,SC1047,Expected fi matching previously mentioned if.,SR 1.1 RE 3,RE,SR 1.1,1,Multifactor authentication for all networks,2,0.522304,0.709768,,,
shellcheck,SC1047,Expected fi matching previously mentioned if.,SR 2.4 RE 1,RE,SR 2.4,2,Mobile code integrity check,3,0.520451,0.69603,,,
shellcheck,SC1048,Can't have empty then clauses (use true as a no-op).,SR 2.12 RE 1,RE,SR 2.12,2,Non-repudiation for all users,1,0.525447,1.0,,,
shellcheck,SC1048,Can't have empty then clauses (use true as a no-op).,SR 5.2 RE 3,RE,SR 5.2,5,Fail close,2,0.524901,0.994303,,,
shellcheck,SC1048,Can't have empty then clauses (use true as a no-op).,SR 3.7,SR,,3,Error handling,3,0.520125,0.945554,,,
shellcheck,SC1048,Can't have empty then clauses (use true as a no-op).,SR 3.5,SR,,3,Input validation,4,0.512265,0.869588,,,
shellcheck,SC1048,Can't have empty then clauses (use true as a no-op).,SR 7.7,SR,,7,Least functionality,5,0.510933,0.857227,,,
shellcheck,SC1048,Can't have empty then clauses (use true as a no-op).,SR 3.3 RE 2,RE,SR 3.3,3,Security functionality verification during normal operation,6,0.509497,0.844056,,,
shellcheck,SC1048,Can't have empty then clauses (use true as a no-op).,SR 2.12,SR,,2,Non-repudiation,7,0.505645,0.80955,,,
shellcheck,SC1048,Can't have empty then clauses (use true as a no-op).,SR 3.3,SR,,3,Security functionality verification,8,0.504882,0.802853,,,
shellcheck,SC1048,Can't have empty then clauses (use true as a no-op).,SR 3.3 RE 1,RE,SR 3.3,3,Automated mechanisms for security functionality verification,9,0.5023,0.780532,,,
shellcheck,SC1048,Can't have empty then clauses (use true as a no-op).,SR 4.2,SR,,4,Information persistence,10,0.499736,0.758865,,,
shellcheck,SC1049,Did you forget the then for this if?,SR 3.5,SR,,3,Input validation,1,0.512612,1.0,,,
shellcheck,SC1049,Did you forget the then for this if?,SR 3.7,SR,,3,Error handling,2,0.489042,0.771914,,,
shellcheck,SC1049,Did you forget the then for this if?,SR 2.12 RE 1,RE,SR 2.12,2,Non-repudiation for all users,3,0.482504,0.716833,,,
shellcheck,SC1049,Did you forget the then for this if?,SR 2.4 RE 1,RE,SR 2.4,2,Mobile code integrity check,4,0.479663,0.693922,,,
shellcheck,SC1049,Did you forget the then for this if?,SR 3.6,SR,,3,Deterministic output,5,0.478139,0.681885,,,
shellcheck,SC1050,Expected then.,SR 3.5,SR,,3,Input validation,1,0.520285,1.0,,,
shellcheck,SC1050,Expected then.,SR 3.7,SR,,3,Error handling,2,0.507287,0.870098,,,
shellcheck,SC1050,Expected then.,SR 2.12 RE 1,RE,SR 2.12,2,Non-repudiation for all users,3,0.491271,0.729356,,,
shellcheck,SC1050,Expected then.,SR 3.6,SR,,3,Deterministic output,4,0.488821,0.709569,,,
shellcheck,SC1050,Expected then.,SR 5.2 RE 3,RE,SR 5.2,5,Fail close,5,0.488283,0.705287,,,
shellcheck,SC1050,Expected then.,SR 2.4 RE 1,RE,SR 2.4,2,Mobile code integrity check,6,0.487395,0.698256,,,
shellcheck,SC1051,Semicolons directly after then are not allowed. Just remove it.,SR 3.5,SR,,3,Input validation,1,0.535486,1.0,,,
shellcheck,SC1051,Semicolons directly after then are not allowed. Just remove it.,SR 3.7,SR,,3,Error handling,2,0.501996,0.70103,,,
shellcheck,SC1052,Semicolons directly after then are not allowed. Just remove it.,SR 3.5,SR,,3,Input validation,1,0.536392,1.0,,,
shellcheck,SC1052,Semicolons directly after then are not allowed. Just remove it.,SR 3.7,SR,,3,Error handling,2,0.501738,0.692583,,,
shellcheck,SC1053,Semicolons directly after else are not allowed. Just remove it.,SR 3.5,SR,,3,Input validation,1,0.533382,1.0,,,
shellcheck,SC1053,Semicolons directly after else are not allowed. Just remove it.,SR 3.7,SR,,3,Error handling,2,0.51708,0.843063,,,
shellcheck,SC1054,You need a space after the {.,SR 3.5,SR,,3,Input validation,1,0.508893,1.0,,,
shellcheck,SC1054,You need a space after the {.,SR 5.2 RE 3,RE,SR 5.2,5,Fail close,2,0.498059,0.888387,,,
shellcheck,SC1055,You need at least one command here. Use true; as a no-op.,SR 2.12 RE 1,RE,SR 2.12,2,Non-repudiation for all users,1,0.577484,1.0,,,
shellcheck,SC1055,You need at least one command here. Use true; as a no-op.,SR 1.11,SR,,1,Unsuccessful login attempts,2,0.56765,0.909863,,,
shellcheck,SC1055,You need at least one command here. Use true; as a no-op.,SR 5.2 RE 3,RE,SR 5.2,5,Fail close,3,0.559727,0.842174,,,
shellcheck,SC1055,You need at least one command here. Use true; as a no-op.,SR 3.7,SR,,3,Error handling,4,0.554716,0.801526,,,
shellcheck,SC1055,You need at least one command here. Use true; as a no-op.,SR 2.12,SR,,2,Non-repudiation,5,0.554602,0.80062,,,
shellcheck,SC1055,You need at least one command here. Use true; as a no-op.,SR 7.1,SR,,7,Denial of service protection,6,0.5515,0.776303,,,
shellcheck,SC1055,You need at least one command here. Use true; as a no-op.,SR 3.2 RE 1,RE,SR 3.2,3,Malicious code protection on entry and exit points,7,0.551044,0.772777,,,
shellcheck,SC1055,You need at least one command here. Use true; as a no-op.,SR 3.3,SR,,3,Security functionality verification,8,0.548299,0.751842,,,
shellcheck,SC1055,You need at least one command here. Use true; as a no-op.,SR 3.2,SR,,3,Malicious code protection,9,0.546784,0.740491,,,
shellcheck,SC1055,You need at least one command here. Use true; as a no-op.,SR 5.2 RE 1,RE,SR 5.2,5,"Deny by default, allow by exception",10,0.546124,0.735583,,,
shellcheck,SC1056,"Expected a }. If you have one, try a ; or \n in front of it.",SR 3.5,SR,,3,Input validation,1,0.498215,1.0,,,
shellcheck,SC1056,"Expected a }. If you have one, try a ; or \n in front of it.",SR 5.2 RE 3,RE,SR 5.2,5,Fail close,2,0.492526,0.938793,,,
shellcheck,SC1056,"Expected a }. If you have one, try a ; or \n in front of it.",SR 3.7,SR,,3,Error handling,3,0.481794,0.831661,,,
shellcheck,SC1056,"Expected a }. If you have one, try a ; or \n in front of it.",SR 1.11,SR,,1,Unsuccessful login attempts,4,0.474721,0.766688,,,
shellcheck,SC1057,Did you forget the do for this loop?,SR 3.5,SR,,3,Input validation,1,0.504889,1.0,,,
shellcheck,SC1057,Did you forget the do for this loop?,SR 1.11,SR,,1,Unsuccessful login attempts,2,0.500428,0.952362,,,
shellcheck,SC1057,Did you forget the do for this loop?,SR 4.2,SR,,4,Information persistence,3,0.491352,0.861156,,,
shellcheck,SC1057,Did you forget the do for this loop?,SR 7.1 RE 1,RE,SR 7.1,7,Manage communication loads,4,0.490434,0.852346,,,
shellcheck,SC1057,Did you forget the do for this loop?,SR 7.1,SR,,7,Denial of service protection,5,0.480789,0.764138,,,
shellcheck,SC1057,Did you forget the do for this loop?,SR 2.9 RE 1,RE,SR 2.9,2,Warn when audit record storage capacity threshold reached,6,0.47599,0.723121,,,
shellcheck,SC1057,Did you forget the do for this loop?,SR 2.11,SR,,2,Timestamps,7,0.475766,0.721247,,,
shellcheck,SC1057,Did you forget the do for this loop?,SR 5.2 RE 3,RE,SR 5.2,5,Fail close,8,0.473666,0.703911,,,
shellcheck,SC1057,Did you forget the do for this loop?,SR 3.7,SR,,3,Error handling,9,0.473648,0.703766,,,
shellcheck,SC1057,Did you forget the do for this loop?,SR 2.4 RE 1,RE,SR 2.4,2,Mobile code integrity check,10,0.472625,0.695447,,,
shellcheck,SC1058,Expected do.,SR 3.5,SR,,3,Input validation,1,0.467138,1.0,,,
shellcheck,SC1058,Expected do.,SR 3.9 RE 1,RE,SR 3.9,3,Audit records on write-once media,2,0.464064,0.964338,,,
shellcheck,SC1058,Expected do.,SR 7.1 RE 1,RE,SR 7.1,7,Manage communication loads,3,0.461587,0.936376,,,
shellcheck,SC1058,Expected do.,SR 7.1,SR,,7,Denial of service protection,4,0.459445,0.912723,,,
shellcheck,SC1058,Expected do.,SR 1.11,SR,,1,Unsuccessful login attempts,5,0.457476,0.891416,,,
shellcheck,SC1058,Expected do.,SR 2.9 RE 1,RE,SR 2.9,2,Warn when audit record storage capacity threshold reached,6,0.455269,0.868014,,,
shellcheck,SC1058,Expected do.,SR 2.11,SR,,2,Timestamps,7,0.45451,0.860088,,,
shellcheck,SC1058,Expected do.,SR 7.1 RE 2,RE,SR 7.1,7,Limit DoS effects to other systems or networks,8,0.452938,0.843852,,,
shellcheck,SC1058,Expected do.,SR 2.12 RE 1,RE,SR 2.12,2,Non-repudiation for all users,9,0.446296,0.777999,,,
shellcheck,SC1058,Expected do.,SR 5.2 RE 3,RE,SR 5.2,5,Fail close,10,0.445807,0.773323,,,
shellcheck,SC1059,Semicolon is not allowed directly after do. You can just delete it.,SR 3.5,SR,,3,Input validation,1,0.534954,1.0,,,
shellcheck,SC1060,Can't have empty do clauses (use true as a no-op),SR 3.3 RE 1,RE,SR 3.3,3,Automated mechanisms for security functionality verification,1,0.523376,1.0,,,
shellcheck,SC1060,Can't have empty do clauses (use true as a no-op),SR 2.4 RE 1,RE,SR 2.4,2,Mobile code integrity check,2,0.520417,0.969298,,,
shellcheck,SC1060,Can't have empty do clauses (use true as a no-op),SR 2.12 RE 1,RE,SR 2.12,2,Non-repudiation for all users,3,0.518956,0.954418,,,
shellcheck,SC1060,Can't have empty do clauses (use true as a no-op),SR 3.3,SR,,3,Security functionality verification,4,0.516049,0.925387,,,
shellcheck,SC1060,Can't have empty do clauses (use true as a no-op),SR 1.11,SR,,1,Unsuccessful login attempts,5,0.514937,0.91447,,,
shellcheck,SC1060,Can't have empty do clauses (use true as a no-op),SR 7.7,SR,,7,Least functionality,6,0.514637,0.911544,,,
shellcheck,SC1060,Can't have empty do clauses (use true as a no-op),SR 4.2,SR,,4,Information persistence,7,0.514633,0.911506,,,
shellcheck,SC1060,Can't have empty do clauses (use true as a no-op),SR 3.5,SR,,3,Input validation,8,0.512954,0.89527,,,
shellcheck,SC1060,Can't have empty do clauses (use true as a no-op),SR 5.2 RE 3,RE,SR 5.2,5,Fail close,9,0.512812,0.893907,,,
shellcheck,SC1060,Can't have empty do clauses (use true as a no-op),SR 3.7,SR,,3,Error handling,10,0.509021,0.85816,,,
shellcheck,SC1061,Couldn't find done for this do.,SR 2.12 RE 1,RE,SR 2.12,2,Non-repudiation for all users,1,0.529619,1.0,,,
shellcheck,SC1061,Couldn't find done for this do.,SR 3.5,SR,,3,Input validation,2,0.50097,0.736484,,,
shellcheck,SC1061,Couldn't find done for this do.,SR 1.2,SR,,1,Software process and device identification and authentication,3,0.499014,0.720811,,,
shellcheck,SC1061,Couldn't find done for this do.,SR 2.12,SR,,2,Non-repudiation,4,0.494616,0.686555,,,
shellcheck,SC1062,Expected done matching previously mentioned do.,SR 3.3,SR,,3,Security functionality verification,1,0.564549,1.0,,,
shellcheck,SC1062,Expected done matching previously mentioned do.,SR 2.4 RE 1,RE,SR 2.4,2,Mobile code integrity check,2,0.557209,0.93055,,,
shellcheck,SC1062,Expected done matching previously mentioned do.,SR 2.11 RE 2,RE,SR 2.11,2,Protection of time source integrity,3,0.555785,0.91755,,,
shellcheck,SC1062,Expected done matching previously mentioned do.,SR 2.11,SR,,2,Timestamps,4,0.552998,0.892528,,,
shellcheck,SC1062,Expected done matching previously mentioned do.,SR 2.3 RE 1,RE,SR 2.3,2,Enforcement of security status of portable and mobile devices,5,0.548479,0.853144,,,
shellcheck,SC1062,Expected done matching previously mentioned do.,SR 7.3 RE 1,RE,SR 7.3,7,Backup verification,6,0.548071,0.849663,,,
shellcheck,SC1062,Expected done matching previously mentioned do.,SR 2.11 RE 1,RE,SR 2.11,2,Internal time synchronization,7,0.542806,0.805728,,,
shellcheck,SC1062,Expected done matching previously mentioned do.,SR 3.3 RE 1,RE,SR 3.3,3,Automated mechanisms for security functionality verification,8,0.541964,0.798878,,,
shellcheck,SC1062,Expected done matching previously mentioned do.,SR 3.3 RE 2,RE,SR 3.3,3,Security functionality verification during normal operation,9,0.5383,0.769617,,,
shellcheck,SC1062,Expected done matching previously mentioned do.,SR 7.3 RE 2,RE,SR 7.3,7,Backup automation,10,0.526908,0.684201,,,
shellcheck,SC1063,You need a line feed or semicolon before the do.,SR 3.5,SR,,3,Input validation,1,0.515747,1.0,,,
shellcheck,SC1063,You need a line feed or semicolon before the do.,SR 3.9 RE 1,RE,SR 3.9,3,Audit records on write-once media,2,0.493387,0.78367,,,
shellcheck,SC1063,You need a line feed or semicolon before the do.,SR 5.2 RE 3,RE,SR 5.2,5,Fail close,3,0.488207,0.739473,,,
shellcheck,SC1063,You need a line feed or semicolon before the do.,SR 2.11,SR,,2,Timestamps,4,0.482503,0.693182,,,
shellcheck,SC1064,Expected a { to open the function definition.,SR 5.2 RE 3,RE,SR 5.2,5,Fail close,1,0.49049,1.0,,,
shellcheck,SC1064,Expected a { to open the function definition.,SR 3.5,SR,,3,Input validation,2,0.467812,0.770775,,,
shellcheck,SC1064,Expected a { to open the function definition.,SR 1.5 RE 1,RE,SR 1.5,1,Hardware security for software process identity credentials,3,0.458538,0.690394,,,
shellcheck,SC1064,Expected a { to open the function definition.,SR 7.1,SR,,7,Denial of service protection,4,0.458347,0.688815,,,
shellcheck,SC1064,Expected a { to open the function definition.,SR 1.11,SR,,1,Unsuccessful login attempts,5,0.457299,0.680194,,,
shellcheck,SC1065,"Trying to declare parameters? Don't. Use () and refer to params as $1, $2, …",SR 3.5,SR,,3,Input validation,1,0.522123,1.0,,,
shellcheck,SC1065,"Trying to declare parameters? Don't. Use () and refer to params as $1, $2, …",SR 7.1 RE 1,RE,SR 7.1,7,Manage communication loads,2,0.518902,0.966538,,,
shellcheck,SC1065,"Trying to declare parameters? Don't. Use () and refer to params as $1, $2, …",SR 1.4,SR,,1,Identifier management,3,0.504926,0.831772,,,
shellcheck,SC1065,"Trying to declare parameters? Don't. Use () and refer to params as $1, $2, …",SR 3.7,SR,,3,Error handling,4,0.504136,0.824639,,,
shellcheck,SC1065,"Trying to declare parameters? Don't. Use () and refer to params as $1, $2, …",SR 5.2 RE 1,RE,SR 5.2,5,"Deny by default, allow by exception",5,0.496671,0.759679,,,
shellcheck,SC1065,"Trying to declare parameters? Don't. Use () and refer to params as $1, $2, …",SR 1.7 RE 1,RE,SR 1.7,1,Password generation and lifetime restrictions for human users,6,0.492868,0.728235,,,
shellcheck,SC1065,"Trying to declare parameters? Don't. Use () and refer to params as $1, $2, …",SR 7.7,SR,,7,Least functionality,7,0.492235,0.723105,,,
shellcheck,SC1065,"Trying to declare parameters? Don't. Use () and refer to params as $1, $2, …",SR 1.5 RE 1,RE,SR 1.5,1,Hardware security for software process identity credentials,8,0.491989,0.721122,,,
shellcheck,SC1065,"Trying to declare parameters? Don't. Use () and refer to params as $1, $2, …",SR 5.2 RE 3,RE,SR 5.2,5,Fail close,9,0.489364,0.700212,,,
shellcheck,SC1066,Don't use $ on the left side of assignments.,SR 1.4,SR,,1,Identifier management,1,0.512259,1.0,,,
shellcheck,SC1066,Don't use $ on the left side of assignments.,SR 3.5,SR,,3,Input validation,2,0.504528,0.919762,,,
shellcheck,SC1066,Don't use $ on the left side of assignments.,SR 2.12 RE 1,RE,SR 2.12,2,Non-repudiation for all users,3,0.482183,0.71692,,,
shellcheck,SC1066,Don't use $ on the left side of assignments.,SR 1.2 RE 1,RE,SR 1.2,1,Unique identification and authentication,4,0.477861,0.682278,,,
shellcheck,SC1067,"For indirection, use arrays, declare ""var$n=value"", or (for sh) read/eval",SR 1.4,SR,,1,Identifier management,1,0.533796,1.0,,,
shellcheck,SC1067,"For indirection, use arrays, declare ""var$n=value"", or (for sh) read/eval",SR 3.5,SR,,3,Input validation,2,0.525539,0.917838,,,
shellcheck,SC1067,"For indirection, use arrays, declare ""var$n=value"", or (for sh) read/eval",SR 1.11,SR,,1,Unsuccessful login attempts,3,0.506809,0.751764,,,
shellcheck,SC1067,"For indirection, use arrays, declare ""var$n=value"", or (for sh) read/eval",SR 7.1 RE 1,RE,SR 7.1,7,Manage communication loads,4,0.505567,0.741686,,,
shellcheck,SC1067,"For indirection, use arrays, declare ""var$n=value"", or (for sh) read/eval",SR 3.8,SR,,3,Session integrity,5,0.50281,0.71971,,,
shellcheck,SC1067,"For indirection, use arrays, declare ""var$n=value"", or (for sh) read/eval",SR 6.1 RE 1,RE,SR 6.1,6,Programmatic access to audit logs,6,0.502441,0.716815,,,
shellcheck,SC1067,"For indirection, use arrays, declare ""var$n=value"", or (for sh) read/eval",SR 3.7,SR,,3,Error handling,7,0.50071,0.703335,,,
shellcheck,SC1068,SC1068,SR 3.7,SR,,3,Error handling,1,0.501457,1.0,,,
shellcheck,SC1068,SC1068,SR 3.2 RE 1,RE,SR 3.2,3,Malicious code protection on entry and exit points,2,0.496947,0.951519,,,
shellcheck,SC1068,SC1068,SR 1.11,SR,,1,Unsuccessful login attempts,3,0.4961,0.942641,,,
shellcheck,SC1068,SC1068,SR 2.4 RE 1,RE,SR 2.4,2,Mobile code integrity check,4,0.491968,0.900259,,,
shellcheck,SC1068,SC1068,SR 3.8 RE 3,RE,SR 3.8,3,Randomness of session IDs,5,0.487828,0.859375,,,
shellcheck,SC1068,SC1068,SR 2.4,SR,,2,Mobile code,6,0.486945,0.850856,,,
shellcheck,SC1068,SC1068,SR 3.3,SR,,3,Security functionality verification,7,0.484237,0.825154,,,
shellcheck,SC1068,SC1068,SR 3.8,SR,,3,Session integrity,8,0.483539,0.81863,,,
shellcheck,SC1068,SC1068,SR 3.2,SR,,3,Malicious code protection,9,0.470394,0.703482,,,
shellcheck,SC1069,You need a space before the [.,SR 2.4 RE 1,RE,SR 2.4,2,Mobile code integrity check,1,0.503948,1.0,,,
shellcheck,SC1069,You need a space before the [.,SR 7.3 RE 1,RE,SR 7.3,7,Backup verification,2,0.500466,0.962585,,,
shellcheck,SC1069,You need a space before the [.,SR 3.7,SR,,3,Error handling,3,0.493288,0.889058,,,
shellcheck,SC1069,You need a space before the [.,SR 3.5,SR,,3,Input validation,4,0.49205,0.876851,,,
shellcheck,SC1069,You need a space before the [.,SR 5.2 RE 3,RE,SR 5.2,5,Fail close,5,0.489625,0.853351,,,
shellcheck,SC1069,You need a space before the [.,SR 2.9,SR,,2,Audit storage capacity,6,0.489193,0.849212,,,
shellcheck,SC1069,You need a space before the [.,SR 2.9 RE 1,RE,SR 2.9,2,Warn when audit record storage capacity threshold reached,7,0.488176,0.83955,,,
shellcheck,SC1069,You need a space before the [.,SR 7.3,SR,,7,Control system backup,8,0.479685,0.762313,,,
shellcheck,SC1069,You need a space before the [.,SR 1.11,SR,,1,Unsuccessful login attempts,9,0.479603,0.761603,,,
shellcheck,SC1069,You need a space before the [.,SR 7.1,SR,,7,Denial of service protection,10,0.47959,0.761485,,,
shellcheck,SC1070,Parsing stopped here. Mismatched keywords or invalid parentheses?,SR 3.5,SR,,3,Input validation,1,0.526147,1.0,,,
shellcheck,SC1071,ShellCheck only supports sh/bash/dash/ksh scripts. Sorry!,SR 3.3,SR,,3,Security functionality verification,1,0.491713,1.0,,,
shellcheck,SC1071,ShellCheck only supports sh/bash/dash/ksh scripts. Sorry!,SR 1.5 RE 1,RE,SR 1.5,1,Hardware security for software process identity credentials,2,0.478488,0.860753,,,
shellcheck,SC1071,ShellCheck only supports sh/bash/dash/ksh scripts. Sorry!,SR 5.2 RE 3,RE,SR 5.2,5,Fail close,3,0.474678,0.823731,,,
shellcheck,SC1071,ShellCheck only supports sh/bash/dash/ksh scripts. Sorry!,SR 1.2,SR,,1,Software process and device identification and authentication,4,0.471024,0.78945,,,
shellcheck,SC1071,ShellCheck only supports sh/bash/dash/ksh scripts. Sorry!,SR 2.4 RE 1,RE,SR 2.4,2,Mobile code integrity check,5,0.470922,0.788508,,,
shellcheck,SC1071,ShellCheck only supports sh/bash/dash/ksh scripts. Sorry!,SR 3.5,SR,,3,Input validation,6,0.470559,0.785176,,,
shellcheck,SC1071,ShellCheck only supports sh/bash/dash/ksh scripts. Sorry!,SR 2.12 RE 1,RE,SR 2.12,2,Non-repudiation for all users,7,0.468288,0.764559,,,
shellcheck,SC1071,ShellCheck only supports sh/bash/dash/ksh scripts. Sorry!,SR 1.11,SR,,1,Unsuccessful login attempts,8,0.467385,0.756481,,,
shellcheck,SC1071,ShellCheck only supports sh/bash/dash/ksh scripts. Sorry!,SR 3.7,SR,,3,Error handling,9,0.466853,0.751757,,,
shellcheck,SC1071,ShellCheck only supports sh/bash/dash/ksh scripts. Sorry!,SR 2.11,SR,,2,Timestamps,10,0.465188,0.737127,,,
shellcheck,SC1072,SC1072,SR 5.2 RE 2,RE,SR 5.2,5,Island mode,1,0.552123,1.0,,,
shellcheck,SC1072,SC1072,SR 7.7,SR,,7,Least functionality,2,0.522965,0.741992,,,
shellcheck,SC1072,SC1072,SR 4.2,SR,,4,Information persistence,3,0.522426,0.737795,,,
shellcheck,SC1072,SC1072,SR 2.4 RE 1,RE,SR 2.4,2,Mobile code integrity check,4,0.522227,0.736256,,,
shellcheck,SC1072,SC1072,SR 4.2 RE 1,RE,SR 4.2,4,Purging of shared memory resources,5,0.520963,0.726503,,,
shellcheck,SC1072,SC1072,SR 3.5,SR,,3,Input validation,6,0.519714,0.716978,,,
shellcheck,SC1072,SC1072,SR 5.2 RE 3,RE,SR 5.2,5,Fail close,7,0.518743,0.70964,,,
shellcheck,SC1072,SC1072,SR 2.12 RE 1,RE,SR 2.12,2,Non-repudiation for all users,8,0.517955,0.703735,,,
shellcheck,SC1072,SC1072,SR 3.3,SR,,3,Security functionality verification,9,0.516208,0.690777,,,
shellcheck,SC1072,SC1072,SR 7.1,SR,,7,Denial of service protection,10,0.514802,0.680489,,,
shellcheck,SC1073,SC1073,SR 3.3,SR,,3,Security functionality verification,1,0.493399,1.0,,,
shellcheck,SC1073,SC1073,SR 3.2 RE 1,RE,SR 3.2,3,Malicious code protection on entry and exit points,2,0.466693,0.736346,,,
shellcheck,SC1073,SC1073,SR 3.8 RE 3,RE,SR 3.8,3,Randomness of session IDs,3,0.462214,0.698303,,,
shellcheck,SC1074,Did you forget the ;; after the previous case item?,SR 1.11,SR,,1,Unsuccessful login attempts,1,0.52846,1.0,,,
shellcheck,SC1074,Did you forget the ;; after the previous case item?,SR 3.2 RE 1,RE,SR 3.2,3,Malicious code protection on entry and exit points,2,0.524869,0.963196,,,
shellcheck,SC1074,Did you forget the ;; after the previous case item?,SR 5.2 RE 3,RE,SR 5.2,5,Fail close,3,0.524728,0.96177,,,
shellcheck,SC1074,Did you forget the ;; after the previous case item?,SR 3.7,SR,,3,Error handling,4,0.511629,0.836926,,,
shellcheck,SC1074,Did you forget the ;; after the previous case item?,SR 1.7 RE 1,RE,SR 1.7,1,Password generation and lifetime restrictions for human users,5,0.508354,0.807882,,,
shellcheck,SC1074,Did you forget the ;; after the previous case item?,SR 3.3,SR,,3,Security functionality verification,6,0.50745,0.800011,,,
shellcheck,SC1074,Did you forget the ;; after the previous case item?,SR 2.12 RE 1,RE,SR 2.12,2,Non-repudiation for all users,7,0.502831,0.760771,,,
shellcheck,SC1074,Did you forget the ;; after the previous case item?,SR 1.4,SR,,1,Identifier management,8,0.502475,0.757814,,,
shellcheck,SC1074,Did you forget the ;; after the previous case item?,SR 7.7,SR,,7,Least functionality,9,0.501977,0.753696,,,
shellcheck,SC1074,Did you forget the ;; after the previous case item?,SR 5.2 RE 1,RE,SR 5.2,5,"Deny by default, allow by exception",10,0.500336,0.740239,,,
shellcheck,SC1075,Use elif instead of else if.,SR 3.5,SR,,3,Input validation,1,0.515837,1.0,,,
shellcheck,SC1075,Use elif instead of else if.,SR 3.7,SR,,3,Error handling,2,0.498927,0.832499,,,
shellcheck,SC1075,Use elif instead of else if.,SR 3.6,SR,,3,Deterministic output,3,0.480909,0.680029,,,
shellcheck,SC1076,Trying to do math? Use e.g. [ $((i/2+7)) -ge 18 ].,SR 3.5,SR,,3,Input validation,1,0.540575,1.0,,,
shellcheck,SC1076,Trying to do math? Use e.g. [ $((i/2+7)) -ge 18 ].,SR 3.7,SR,,3,Error handling,2,0.538181,0.97588,,,
shellcheck,SC1076,Trying to do math? Use e.g. [ $((i/2+7)) -ge 18 ].,SR 1.11,SR,,1,Unsuccessful login attempts,3,0.512704,0.747409,,,
shellcheck,SC1076,Trying to do math? Use e.g. [ $((i/2+7)) -ge 18 ].,SR 7.7,SR,,7,Least functionality,4,0.508659,0.715542,,,
shellcheck,SC1076,Trying to do math? Use e.g. [ $((i/2+7)) -ge 18 ].,SR 7.1 RE 1,RE,SR 7.1,7,Manage communication loads,5,0.507639,0.707687,,,
shellcheck,SC1076,Trying to do math? Use e.g. [ $((i/2+7)) -ge 18 ].,SR 2.4,SR,,2,Mobile code,6,0.506576,0.699579,,,
shellcheck,SC1076,Trying to do math? Use e.g. [ $((i/2+7)) -ge 18 ].,SR 3.2 RE 1,RE,SR 3.2,3,Malicious code protection on entry and exit points,7,0.504582,0.684566,,,
shellcheck,SC1077,SC1077,SR 2.12 RE 1,RE,SR 2.12,2,Non-repudiation for all users,1,0.537681,1.0,,,
shellcheck,SC1077,SC1077,SR 1.4,SR,,1,Identifier management,2,0.537295,0.996057,,,
shellcheck,SC1077,SC1077,SR 1.12,SR,,1,System use notification,3,0.534403,0.966924,,,
shellcheck,SC1077,SC1077,SR 1.1,SR,,1,Human user identification and authentication,4,0.526466,0.890532,,,
shellcheck,SC1077,SC1077,SR 1.7 RE 1,RE,SR 1.7,1,Password generation and lifetime restrictions for human users,5,0.521259,0.843158,,,
shellcheck,SC1077,SC1077,SR 3.8 RE 1,RE,SR 3.8,3,Invalidation of session IDs after session termination,6,0.519852,0.830715,,,
shellcheck,SC1077,SC1077,SR 7.1 RE 1,RE,SR 7.1,7,Manage communication loads,7,0.518649,0.820192,,,
shellcheck,SC1077,SC1077,SR 1.1 RE 1,RE,SR 1.1,1,Unique identification and authentication,8,0.51858,0.819596,,,
shellcheck,SC1077,SC1077,SR 7.1,SR,,7,Denial of service protection,9,0.517292,0.80846,,,
shellcheck,SC1077,SC1077,SR 7.6 RE 1,RE,SR 7.6,7,Machine-readable reporting of current security settings,10,0.516185,0.798988,,,
shellcheck,SC1078,SC1078,SR 3.2 RE 1,RE,SR 3.2,3,Malicious code protection on entry and exit points,1,0.530341,1.0,,,
shellcheck,SC1078,SC1078,SR 1.12,SR,,1,System use notification,2,0.514835,0.84941,,,
shellcheck,SC1078,SC1078,SR 5.3 RE 1,RE,SR 5.3,5,Prohibit all general purpose person-to-person communications,3,0.508567,0.794069,,,
shellcheck,SC1078,SC1078,SR 5.3,SR,,5,General purpose person-to-person communication restrictions,4,0.508325,0.791996,,,
shellcheck,SC1078,SC1078,SR 3.7,SR,,3,Error handling,5,0.507552,0.785391,,,
shellcheck,SC1078,SC1078,SR 5.2 RE 3,RE,SR 5.2,5,Fail close,6,0.501962,0.738988,,,
shellcheck,SC1078,SC1078,SR 3.5,SR,,3,Input validation,7,0.501775,0.737473,,,
shellcheck,SC1078,SC1078,SR 3.3,SR,,3,Security functionality verification,8,0.499237,0.717187,,,
shellcheck,SC1078,SC1078,SR 1.11,SR,,1,Unsuccessful login attempts,9,0.498754,0.713376,,,
shellcheck,SC1078,SC1078,SR 3.8 RE 3,RE,SR 3.8,3,Randomness of session IDs,10,0.496756,0.6978,,,
shellcheck,SC1079,"This is actually an end quote, but due to next char it looks suspect.",SR 3.2 RE 1,RE,SR 3.2,3,Malicious code protection on entry and exit points,1,0.545351,1.0,,,
shellcheck,SC1079,"This is actually an end quote, but due to next char it looks suspect.",SR 2.4 RE 1,RE,SR 2.4,2,Mobile code integrity check,2,0.544991,0.996379,,,
shellcheck,SC1079,"This is actually an end quote, but due to next char it looks suspect.",SR 2.9 RE 1,RE,SR 2.9,2,Warn when audit record storage capacity threshold reached,3,0.525962,0.81947,,,
shellcheck,SC1079,"This is actually an end quote, but due to next char it looks suspect.",SR 4.2 RE 1,RE,SR 4.2,4,Purging of shared memory resources,4,0.521303,0.780327,,,
shellcheck,SC1079,"This is actually an end quote, but due to next char it looks suspect.",SR 2.11 RE 2,RE,SR 2.11,2,Protection of time source integrity,5,0.514018,0.72221,,,
shellcheck,SC1079,"This is actually an end quote, but due to next char it looks suspect.",SR 1.7 RE 1,RE,SR 1.7,1,Password generation and lifetime restrictions for human users,6,0.510727,0.697138,,,
shellcheck,SC1080,You need \ before line feeds to break lines in [ ].,SR 3.5,SR,,3,Input validation,1,0.54338,1.0,,,
shellcheck,SC1080,You need \ before line feeds to break lines in [ ].,SR 5.2 RE 3,RE,SR 5.2,5,Fail close,2,0.527257,0.847333,,,
shellcheck,SC1080,You need \ before line feeds to break lines in [ ].,SR 7.3,SR,,7,Control system backup,3,0.511452,0.716731,,,
shellcheck,SC1080,You need \ before line feeds to break lines in [ ].,SR 2.4 RE 1,RE,SR 2.4,2,Mobile code integrity check,4,0.509652,0.702968,,,
shellcheck,SC1080,You need \ before line feeds to break lines in [ ].,SR 5.4,SR,,5,Application partitioning,5,0.508744,0.696106,,,
shellcheck,SC1080,You need \ before line feeds to break lines in [ ].,SR 5.1,SR,,5,Network segmentation,6,0.508248,0.692387,,,
shellcheck,SC1081,"Scripts are case-sensitive. Use if, not If.",SR 3.5,SR,,3,Input validation,1,0.502381,1.0,,,
shellcheck,SC1081,"Scripts are case-sensitive. Use if, not If.",SR 2.12 RE 1,RE,SR 2.12,2,Non-repudiation for all users,2,0.488617,0.858304,,,
shellcheck,SC1081,"Scripts are case-sensitive. Use if, not If.",SR 3.7,SR,,3,Error handling,3,0.484181,0.816318,,,
shellcheck,SC1081,"Scripts are case-sensitive. Use if, not If.",SR 5.3 RE 1,RE,SR 5.3,5,Prohibit all general purpose person-to-person communications,4,0.48104,0.787609,,,
shellcheck,SC1082,This file has a UTF-8 BOM. Remove it with: LC_CTYPE=C sed '1s/^...//' < yourscript.,SR 3.5,SR,,3,Input validation,1,0.497905,1.0,,,
shellcheck,SC1082,This file has a UTF-8 BOM. Remove it with: LC_CTYPE=C sed '1s/^...//' < yourscript.,SR 3.2 RE 1,RE,SR 3.2,3,Malicious code protection on entry and exit points,2,0.488887,0.90436,,,
shellcheck,SC1082,This file has a UTF-8 BOM. Remove it with: LC_CTYPE=C sed '1s/^...//' < yourscript.,SR 2.11,SR,,2,Timestamps,3,0.477047,0.790272,,,
shellcheck,SC1082,This file has a UTF-8 BOM. Remove it with: LC_CTYPE=C sed '1s/^...//' < yourscript.,SR 3.7,SR,,3,Error handling,4,0.471397,0.740154,,,
shellcheck,SC1083,This {/} is literal. Check if ; is missing or quote the expression.,SR 3.5,SR,,3,Input validation,1,0.561683,1.0,,,
shellcheck,SC1083,This {/} is literal. Check if ; is missing or quote the expression.,SR 3.3,SR,,3,Security functionality verification,2,0.538932,0.796591,,,
shellcheck,SC1083,This {/} is literal. Check if ; is missing or quote the expression.,SR 2.4 RE 1,RE,SR 2.4,2,Mobile code integrity check,3,0.537609,0.785891,,,
shellcheck,SC1083,This {/} is literal. Check if ; is missing or quote the expression.,SR 3.3 RE 2,RE,SR 3.3,3,Security functionality verification during normal operation,4,0.529483,0.722741,,,
shellcheck,SC1083,This {/} is literal. Check if ; is missing or quote the expression.,SR 3.3 RE 1,RE,SR 3.3,3,Automated mechanisms for security functionality verification,5,0.524367,0.68516,,,
shellcheck,SC1084,"Use #!, not !#, for the shebang.",SR 5.2 RE 3,RE,SR 5.2,5,Fail close,1,0.483436,1.0,,,
shellcheck,SC1084,"Use #!, not !#, for the shebang.",SR 3.5,SR,,3,Input validation,2,0.480734,0.969651,,,
shellcheck,SC1084,"Use #!, not !#, for the shebang.",SR 3.7,SR,,3,Error handling,3,0.472807,0.884913,,,
shellcheck,SC1084,"Use #!, not !#, for the shebang.",SR 1.4,SR,,1,Identifier management,4,0.465921,0.816309,,,
shellcheck,SC1084,"Use #!, not !#, for the shebang.",SR 7.1 RE 1,RE,SR 7.1,7,Manage communication loads,5,0.462917,0.787776,,,
shellcheck,SC1084,"Use #!, not !#, for the shebang.",SR 2.11,SR,,2,Timestamps,6,0.461629,0.775803,,,
shellcheck,SC1084,"Use #!, not !#, for the shebang.",SR 2.12 RE 1,RE,SR 2.12,2,Non-repudiation for all users,7,0.457545,0.738795,,,
shellcheck,SC1084,"Use #!, not !#, for the shebang.",SR 4.2 RE 1,RE,SR 4.2,4,Purging of shared memory resources,8,0.451206,0.684221,,,
shellcheck,SC1085,Did you forget to move the ;; after extending this case item?,SR 2.11 RE 2,RE,SR 2.11,2,Protection of time source integrity,1,0.489003,1.0,,,
shellcheck,SC1085,Did you forget to move the ;; after extending this case item?,SR 5.2 RE 1,RE,SR 5.2,5,"Deny by default, allow by exception",2,0.484963,0.955396,,,
shellcheck,SC1085,Did you forget to move the ;; after extending this case item?,SR 3.7,SR,,3,Error handling,3,0.484293,0.94816,,,
shellcheck,SC1085,Did you forget to move the ;; after extending this case item?,SR 2.11,SR,,2,Timestamps,4,0.481596,0.919478,,,
shellcheck,SC1085,Did you forget to move the ;; after extending this case item?,SR 1.11,SR,,1,Unsuccessful login attempts,5,0.480581,0.908878,,,
shellcheck,SC1085,Did you forget to move the ;; after extending this case item?,SR 2.12 RE 1,RE,SR 2.12,2,Non-repudiation for all users,6,0.480202,0.904938,,,
shellcheck,SC1085,Did you forget to move the ;; after extending this case item?,SR 7.1,SR,,7,Denial of service protection,7,0.479376,0.896413,,,
shellcheck,SC1085,Did you forget to move the ;; after extending this case item?,SR 3.2 RE 1,RE,SR 3.2,3,Malicious code protection on entry and exit points,8,0.474788,0.850225,,,
shellcheck,SC1085,Did you forget to move the ;; after extending this case item?,SR 7.1 RE 1,RE,SR 7.1,7,Manage communication loads,9,0.472999,0.832756,,,
shellcheck,SC1085,Did you forget to move the ;; after extending this case item?,SR 1.4,SR,,1,Identifier management,10,0.466037,0.767537,,,
shellcheck,SC1086,Don't use $ on the iterator name in for loops.,SR 7.1 RE 1,RE,SR 7.1,7,Manage communication loads,1,0.47435,1.0,,,
shellcheck,SC1086,Don't use $ on the iterator name in for loops.,SR 1.4,SR,,1,Identifier management,2,0.471456,0.966902,,,
shellcheck,SC1086,Don't use $ on the iterator name in for loops.,SR 3.5,SR,,3,Input validation,3,0.468074,0.929366,,,
shellcheck,SC1086,Don't use $ on the iterator name in for loops.,SR 1.5 RE 1,RE,SR 1.5,1,Hardware security for software process identity credentials,4,0.451501,0.76222,,,
shellcheck,SC1087,"Use braces when expanding arrays, e.g. ${array[idx]} (or ${var}[.. to quiet).",SR 3.5,SR,,3,Input validation,1,0.505751,1.0,,,
shellcheck,SC1087,"Use braces when expanding arrays, e.g. ${array[idx]} (or ${var}[.. to quiet).",SR 7.1 RE 1,RE,SR 7.1,7,Manage communication loads,2,0.494231,0.880972,,,
shellcheck,SC1087,"Use braces when expanding arrays, e.g. ${array[idx]} (or ${var}[.. to quiet).",SR 5.2 RE 3,RE,SR 5.2,5,Fail close,3,0.484996,0.794159,,,
shellcheck,SC1087,"Use braces when expanding arrays, e.g. ${array[idx]} (or ${var}[.. to quiet).",SR 2.11,SR,,2,Timestamps,4,0.476267,0.718669,,,
shellcheck,SC1087,"Use braces when expanding arrays, e.g. ${array[idx]} (or ${var}[.. to quiet).",SR 2.9 RE 1,RE,SR 2.9,2,Warn when audit record storage capacity threshold reached,5,0.476226,0.718329,,,
shellcheck,SC1087,"Use braces when expanding arrays, e.g. ${array[idx]} (or ${var}[.. to quiet).",SR 1.4,SR,,1,Identifier management,6,0.47516,0.709528,,,
shellcheck,SC1087,"Use braces when expanding arrays, e.g. ${array[idx]} (or ${var}[.. to quiet).",SR 5.2 RE 2,RE,SR 5.2,5,Island mode,7,0.472154,0.685187,,,
shellcheck,SC1087,"Use braces when expanding arrays, e.g. ${array[idx]} (or ${var}[.. to quiet).",SR 3.7,SR,,3,Error handling,8,0.472097,0.684731,,,
shellcheck,SC1088,Parsing stopped here. Invalid use of parentheses?,SR 3.5,SR,,3,Input validation,1,0.569186,1.0,,,
shellcheck,SC1089,Parsing stopped here. Is this keyword correctly matched up?,SR 3.5,SR,,3,Input validation,1,0.55206,1.0,,,
shellcheck,SC1090,Can't follow non-constant source. Use a directive to specify location,SR 3.2 RE 1,RE,SR 3.2,3,Malicious code protection on entry and exit points,1,0.539969,1.0,,,
shellcheck,SC1090,Can't follow non-constant source. Use a directive to specify location,SR 2.11 RE 2,RE,SR 2.11,2,Protection of time source integrity,2,0.537618,0.976288,,,
shellcheck,SC1090,Can't follow non-constant source. Use a directive to specify location,SR 7.3,SR,,7,Control system backup,3,0.53406,0.941283,,,
shellcheck,SC1090,Can't follow non-constant source. Use a directive to specify location,SR 2.4 RE 1,RE,SR 2.4,2,Mobile code integrity check,4,0.52454,0.852617,,,
shellcheck,SC1090,Can't follow non-constant source. Use a directive to specify location,SR 2.12 RE 1,RE,SR 2.12,2,Non-repudiation for all users,5,0.523642,0.844623,,,
shellcheck,SC1090,Can't follow non-constant source. Use a directive to specify location,SR 3.7,SR,,3,Error handling,6,0.516511,0.783265,,,
shellcheck,SC1090,Can't follow non-constant source. Use a directive to specify location,SR 2.3 RE 1,RE,SR 2.3,2,Enforcement of security status of portable and mobile devices,7,0.509787,0.728803,,,
shellcheck,SC1090,Can't follow non-constant source. Use a directive to specify location,SR 3.5,SR,,3,Input validation,8,0.507855,0.713745,,,
shellcheck,SC1090,Can't follow non-constant source. Use a directive to specify location,SR 2.4,SR,,2,Mobile code,9,0.505663,0.696965,,,
shellcheck,SC1091,Not following: (error message here),SR 2.4 RE 1,RE,SR 2.4,2,Mobile code integrity check,1,0.578862,1.0,,,
shellcheck,SC1091,Not following: (error message here),SR 3.7,SR,,3,Error handling,2,0.564335,0.869548,,,
shellcheck,SC1091,Not following: (error message here),SR 3.2,SR,,3,Malicious code protection,3,0.545432,0.720962,,,
shellcheck,SC1091,Not following: (error message here),SR 3.4,SR,,3,Software and information integrity,4,0.544588,0.71485,,,
shellcheck,SC1091,Not following: (error message here),SR 2.12 RE 1,RE,SR 2.12,2,Non-repudiation for all users,5,0.544473,0.714014,,,
shellcheck,SC1091,Not following: (error message here),SR 3.2 RE 1,RE,SR 3.2,3,Malicious code protection on entry and exit points,6,0.543918,0.710022,,,
shellcheck,SC1091,Not following: (error message here),SR 1.11,SR,,1,Unsuccessful login attempts,7,0.543112,0.704258,,,
shellcheck,SC1091,Not following: (error message here),SR 3.3,SR,,3,Security functionality verification,8,0.542281,0.698347,,,
shellcheck,SC1091,Not following: (error message here),SR 2.4,SR,,2,Mobile code,9,0.542225,0.697957,,,
shellcheck,SC1091,Not following: (error message here),SR 1.5 RE 1,RE,SR 1.5,1,Hardware security for software process identity credentials,10,0.539691,0.6802,,,
shellcheck,SC1092,Stopping at 100 source frames :O,SR 4.2 RE 1,RE,SR 4.2,4,Purging of shared memory resources,1,0.553765,1.0,,,
shellcheck,SC1092,Stopping at 100 source frames :O,SR 2.4,SR,,2,Mobile code,2,0.546176,0.926913,,,
shellcheck,SC1092,Stopping at 100 source frames :O,SR 7.1 RE 1,RE,SR 7.1,7,Manage communication loads,3,0.542583,0.893871,,,
shellcheck,SC1092,Stopping at 100 source frames :O,SR 3.2 RE 1,RE,SR 3.2,3,Malicious code protection on entry and exit points,4,0.540813,0.877948,,,
shellcheck,SC1092,Stopping at 100 source frames :O,SR 2.7,SR,,2,Concurrent session control,5,0.540683,0.876787,,,
shellcheck,SC1092,Stopping at 100 source frames :O,SR 3.7,SR,,3,Error handling,6,0.538561,0.858034,,,
shellcheck,SC1092,Stopping at 100 source frames :O,SR 5.4,SR,,5,Application partitioning,7,0.536199,0.837535,,,
shellcheck,SC1092,Stopping at 100 source frames :O,SR 2.4 RE 1,RE,SR 2.4,2,Mobile code integrity check,8,0.534759,0.825239,,,
shellcheck,SC1092,Stopping at 100 source frames :O,SR 1.11,SR,,1,Unsuccessful login attempts,9,0.534285,0.821228,,,
shellcheck,SC1092,Stopping at 100 source frames :O,SR 3.2,SR,,3,Malicious code protection,10,0.531755,0.800065,,,
shellcheck,SC1094,Parsing of sourced file failed. Ignoring it.,SR 3.7,SR,,3,Error handling,1,0.50248,1.0,,,
shellcheck,SC1094,Parsing of sourced file failed. Ignoring it.,SR 2.4 RE 1,RE,SR 2.4,2,Mobile code integrity check,2,0.491886,0.889413,,,
shellcheck,SC1094,Parsing of sourced file failed. Ignoring it.,SR 5.2 RE 3,RE,SR 5.2,5,Fail close,3,0.487104,0.842886,,,
shellcheck,SC1094,Parsing of sourced file failed. Ignoring it.,SR 1.11,SR,,1,Unsuccessful login attempts,4,0.484225,0.815845,,,
shellcheck,SC1094,Parsing of sourced file failed. Ignoring it.,SR 2.10,SR,,2,Response to audit processing failures,5,0.483088,0.80536,,,
shellcheck,SC1094,Parsing of sourced file failed. Ignoring it.,SR 3.4,SR,,3,Software and information integrity,6,0.482983,0.804397,,,
shellcheck,SC1094,Parsing of sourced file failed. Ignoring it.,SR 2.4,SR,,2,Mobile code,7,0.481814,0.793751,,,
shellcheck,SC1094,Parsing of sourced file failed. Ignoring it.,SR 3.3,SR,,3,Security functionality verification,8,0.479583,0.773747,,,
shellcheck,SC1094,Parsing of sourced file failed. Ignoring it.,SR 2.11 RE 2,RE,SR 2.11,2,Protection of time source integrity,9,0.477784,0.75792,,,
shellcheck,SC1094,Parsing of sourced file failed. Ignoring it.,SR 3.5,SR,,3,Input validation,10,0.47678,0.749194,,,
shellcheck,SC1095,You need a space or linefeed between the function name and body.,SR 5.2 RE 3,RE,SR 5.2,5,Fail close,1,0.534421,1.0,,,
shellcheck,SC1095,You need a space or linefeed between the function name and body.,SR 3.3,SR,,3,Security functionality verification,2,0.513286,0.800972,,,
shellcheck,SC1095,You need a space or linefeed between the function name and body.,SR 3.5,SR,,3,Input validation,3,0.507229,0.750348,,,
shellcheck,SC1097,"Unexpected ==. For assignment, use =. For comparison, use [/[[.",SR 3.5,SR,,3,Input validation,1,0.494939,1.0,,,
shellcheck,SC1097,"Unexpected ==. For assignment, use =. For comparison, use [/[[.",SR 3.6,SR,,3,Deterministic output,2,0.491368,0.960954,,,
shellcheck,SC1097,"Unexpected ==. For assignment, use =. For comparison, use [/[[.",SR 3.7,SR,,3,Error handling,3,0.485865,0.903235,,,
shellcheck,SC1097,"Unexpected ==. For assignment, use =. For comparison, use [/[[.",SR 7.5,SR,,7,Emergency power,4,0.479369,0.838788,,,
shellcheck,SC1097,"Unexpected ==. For assignment, use =. For comparison, use [/[[.",SR 2.12 RE 1,RE,SR 2.12,2,Non-repudiation for all users,5,0.478465,0.83012,,,
shellcheck,SC1097,"Unexpected ==. For assignment, use =. For comparison, use [/[[.",SR 3.3,SR,,3,Security functionality verification,6,0.473371,0.782662,,,
shellcheck,SC1097,"Unexpected ==. For assignment, use =. For comparison, use [/[[.",SR 5.2 RE 3,RE,SR 5.2,5,Fail close,7,0.465089,0.710257,,,
shellcheck,SC1097,"Unexpected ==. For assignment, use =. For comparison, use [/[[.",SR 7.3,SR,,7,Control system backup,8,0.463927,0.700555,,,
shellcheck,SC1097,"Unexpected ==. For assignment, use =. For comparison, use [/[[.",SR 3.3 RE 2,RE,SR 3.3,3,Security functionality verification during normal operation,9,0.463776,0.699295,,,
shellcheck,SC1097,"Unexpected ==. For assignment, use =. For comparison, use [/[[.",SR 1.11,SR,,1,Unsuccessful login attempts,10,0.462965,0.692597,,,
shellcheck,SC1098,"Quote/escape special characters when using eval, e.g. eval ""a=(b)"".",SR 3.5,SR,,3,Input validation,1,0.516236,1.0,,,
shellcheck,SC1098,"Quote/escape special characters when using eval, e.g. eval ""a=(b)"".",SR 3.7,SR,,3,Error handling,2,0.51099,0.945378,,,
shellcheck,SC1098,"Quote/escape special characters when using eval, e.g. eval ""a=(b)"".",SR 3.2 RE 1,RE,SR 3.2,3,Malicious code protection on entry and exit points,3,0.50826,0.917928,,,
shellcheck,SC1098,"Quote/escape special characters when using eval, e.g. eval ""a=(b)"".",SR 3.6,SR,,3,Deterministic output,4,0.492762,0.774174,,,
shellcheck,SC1098,"Quote/escape special characters when using eval, e.g. eval ""a=(b)"".",SR 1.7,SR,,1,Strength of password-based authentication,5,0.491244,0.761147,,,
shellcheck,SC1098,"Quote/escape special characters when using eval, e.g. eval ""a=(b)"".",SR 3.3,SR,,3,Security functionality verification,6,0.490379,0.753812,,,
shellcheck,SC1098,"Quote/escape special characters when using eval, e.g. eval ""a=(b)"".",SR 1.7 RE 1,RE,SR 1.7,1,Password generation and lifetime restrictions for human users,7,0.489705,0.748131,,,
shellcheck,SC1098,"Quote/escape special characters when using eval, e.g. eval ""a=(b)"".",SR 3.2,SR,,3,Malicious code protection,8,0.489485,0.74628,,,
shellcheck,SC1098,"Quote/escape special characters when using eval, e.g. eval ""a=(b)"".",SR 1.11,SR,,1,Unsuccessful login attempts,9,0.484939,0.708951,,,
shellcheck,SC1099,You need a space before the #.,SR 2.11,SR,,2,Timestamps,1,0.541753,1.0,,,
shellcheck,SC1099,You need a space before the #.,SR 2.11 RE 2,RE,SR 2.11,2,Protection of time source integrity,2,0.523314,0.826582,,,
shellcheck,SC1099,You need a space before the #.,SR 2.11 RE 1,RE,SR 2.11,2,Internal time synchronization,3,0.519118,0.790781,,,
shellcheck,SC1099,You need a space before the #.,SR 1.11,SR,,1,Unsuccessful login attempts,4,0.514195,0.750408,,,
shellcheck,SC1099,You need a space before the #.,SR 3.3,SR,,3,Security functionality verification,5,0.506885,0.69358,,,
shellcheck,SC1100,This is a Unicode dash. Delete and retype as ASCII minus.,SR 2.4,SR,,2,Mobile code,1,0.511701,1.0,,,
shellcheck,SC1100,This is a Unicode dash. Delete and retype as ASCII minus.,SR 1.4,SR,,1,Identifier management,2,0.505085,0.93093,,,
shellcheck,SC1100,This is a Unicode dash. Delete and retype as ASCII minus.,SR 3.5,SR,,3,Input validation,3,0.502449,0.904519,,,
shellcheck,SC1100,This is a Unicode dash. Delete and retype as ASCII minus.,SR 3.2 RE 1,RE,SR 3.2,3,Malicious code protection on entry and exit points,4,0.497733,0.858799,,,
shellcheck,SC1100,This is a Unicode dash. Delete and retype as ASCII minus.,SR 3.7,SR,,3,Error handling,5,0.492027,0.806026,,,
shellcheck,SC1100,This is a Unicode dash. Delete and retype as ASCII minus.,SR 2.4 RE 1,RE,SR 2.4,2,Mobile code integrity check,6,0.490974,0.796583,,,
shellcheck,SC1100,This is a Unicode dash. Delete and retype as ASCII minus.,SR 3.2 RE 2,RE,SR 3.2,3,Central management and reporting for malicious code protection,7,0.485452,0.748536,,,
shellcheck,SC1100,This is a Unicode dash. Delete and retype as ASCII minus.,SR 3.3,SR,,3,Security functionality verification,8,0.480905,0.710783,,,
shellcheck,SC1101,Delete trailing spaces after \ to break line (or use quotes for literal space).,SR 3.5,SR,,3,Input validation,1,0.495103,1.0,,,
shellcheck,SC1101,Delete trailing spaces after \ to break line (or use quotes for literal space).,SR 3.8 RE 1,RE,SR 3.8,3,Invalidation of session IDs after session termination,2,0.465067,0.708776,,,
shellcheck,SC1102,"Shells disambiguate $(( differently or not at all. For $(command substitution), add space after $( . For $((arithmetics)), fix parsing errors.",SR 3.5,SR,,3,Input validation,1,0.500274,1.0,,,
shellcheck,SC1102,"Shells disambiguate $(( differently or not at all. For $(command substitution), add space after $( . For $((arithmetics)), fix parsing errors.",SR 3.7,SR,,3,Error handling,2,0.49255,0.917982,,,
shellcheck,SC1102,"Shells disambiguate $(( differently or not at all. For $(command substitution), add space after $( . For $((arithmetics)), fix parsing errors.",SR 2.11,SR,,2,Timestamps,3,0.48051,0.801161,,,
shellcheck,SC1102,"Shells disambiguate $(( differently or not at all. For $(command substitution), add space after $( . For $((arithmetics)), fix parsing errors.",SR 5.2 RE 1,RE,SR 5.2,5,"Deny by default, allow by exception",4,0.47435,0.746277,,,
shellcheck,SC1102,"Shells disambiguate $(( differently or not at all. For $(command substitution), add space after $( . For $((arithmetics)), fix parsing errors.",SR 1.4,SR,,1,Identifier management,5,0.472104,0.727048,,,
shellcheck,SC1102,"Shells disambiguate $(( differently or not at all. For $(command substitution), add space after $( . For $((arithmetics)), fix parsing errors.",SR 3.3,SR,,3,Security functionality verification,6,0.471188,0.719327,,,
shellcheck,SC1102,"Shells disambiguate $(( differently or not at all. For $(command substitution), add space after $( . For $((arithmetics)), fix parsing errors.",SR 3.3 RE 1,RE,SR 3.3,3,Automated mechanisms for security functionality verification,7,0.466682,0.682295,,,
shellcheck,SC1103,This shell type is unknown. Use e.g. sh or bash.,SR 3.7,SR,,3,Error handling,1,0.516323,1.0,,,
shellcheck,SC1103,This shell type is unknown. Use e.g. sh or bash.,SR 7.1 RE 1,RE,SR 7.1,7,Manage communication loads,2,0.498986,0.828741,,,
shellcheck,SC1103,This shell type is unknown. Use e.g. sh or bash.,SR 7.3,SR,,7,Control system backup,3,0.490319,0.752601,,,
shellcheck,SC1103,This shell type is unknown. Use e.g. sh or bash.,SR 7.7,SR,,7,Least functionality,4,0.489162,0.742885,,,
shellcheck,SC1103,This shell type is unknown. Use e.g. sh or bash.,SR 2.3 RE 1,RE,SR 2.3,2,Enforcement of security status of portable and mobile devices,5,0.487457,0.728755,,,
shellcheck,SC1103,This shell type is unknown. Use e.g. sh or bash.,SR 7.1,SR,,7,Denial of service protection,6,0.485249,0.710785,,,
shellcheck,SC1103,This shell type is unknown. Use e.g. sh or bash.,SR 7.6 RE 1,RE,SR 7.6,7,Machine-readable reporting of current security settings,7,0.48417,0.702138,,,
shellcheck,SC1103,This shell type is unknown. Use e.g. sh or bash.,SR 3.3,SR,,3,Security functionality verification,8,0.482773,0.691069,,,
shellcheck,SC1103,This shell type is unknown. Use e.g. sh or bash.,SR 3.2 RE 1,RE,SR 3.2,3,Malicious code protection on entry and exit points,9,0.482513,0.689024,,,
shellcheck,SC1103,This shell type is unknown. Use e.g. sh or bash.,SR 5.2 RE 3,RE,SR 5.2,5,Fail close,10,0.481784,0.683318,,,
shellcheck,SC1104,"Use #!, not just !, for the shebang.",SR 5.2 RE 3,RE,SR 5.2,5,Fail close,1,0.491907,1.0,,,
shellcheck,SC1104,"Use #!, not just !, for the shebang.",SR 7.1 RE 1,RE,SR 7.1,7,Manage communication loads,2,0.479518,0.869103,,,
shellcheck,SC1104,"Use #!, not just !, for the shebang.",SR 3.7,SR,,3,Error handling,3,0.476508,0.839517,,,
shellcheck,SC1104,"Use #!, not just !, for the shebang.",SR 1.4,SR,,1,Identifier management,4,0.475828,0.832953,,,
shellcheck,SC1104,"Use #!, not just !, for the shebang.",SR 3.5,SR,,3,Input validation,5,0.472846,0.804646,,,
shellcheck,SC1104,"Use #!, not just !, for the shebang.",SR 2.11,SR,,2,Timestamps,6,0.467321,0.754274,,,
shellcheck,SC1104,"Use #!, not just !, for the shebang.",SR 4.2 RE 1,RE,SR 4.2,4,Purging of shared memory resources,7,0.463282,0.719109,,,
shellcheck,SC1104,"Use #!, not just !, for the shebang.",SR 3.2 RE 1,RE,SR 3.2,3,Malicious code protection on entry and exit points,8,0.46304,0.717041,,,
shellcheck,SC1104,"Use #!, not just !, for the shebang.",SR 1.12,SR,,1,System use notification,9,0.462697,0.714129,,,
shellcheck,SC1105,"Shells disambiguate (( differently or not at all. If the first ( should start a subshell, add a space after it.",SR 3.5,SR,,3,Input validation,1,0.491768,1.0,,,
shellcheck,SC1105,"Shells disambiguate (( differently or not at all. If the first ( should start a subshell, add a space after it.",SR 1.4,SR,,1,Identifier management,2,0.48864,0.965511,,,
shellcheck,SC1105,"Shells disambiguate (( differently or not at all. If the first ( should start a subshell, add a space after it.",SR 1.5 RE 1,RE,SR 1.5,1,Hardware security for software process identity credentials,3,0.488597,0.965044,,,
shellcheck,SC1105,"Shells disambiguate (( differently or not at all. If the first ( should start a subshell, add a space after it.",SR 3.3,SR,,3,Security functionality verification,4,0.485552,0.932426,,,
shellcheck,SC1105,"Shells disambiguate (( differently or not at all. If the first ( should start a subshell, add a space after it.",SR 5.2 RE 2,RE,SR 5.2,5,Island mode,5,0.480606,0.881369,,,
shellcheck,SC1105,"Shells disambiguate (( differently or not at all. If the first ( should start a subshell, add a space after it.",SR 3.7,SR,,3,Error handling,6,0.479402,0.869291,,,
shellcheck,SC1105,"Shells disambiguate (( differently or not at all. If the first ( should start a subshell, add a space after it.",SR 5.2 RE 3,RE,SR 5.2,5,Fail close,7,0.476806,0.84372,,,
shellcheck,SC1105,"Shells disambiguate (( differently or not at all. If the first ( should start a subshell, add a space after it.",SR 7.1,SR,,7,Denial of service protection,8,0.474397,0.820533,,,
shellcheck,SC1105,"Shells disambiguate (( differently or not at all. If the first ( should start a subshell, add a space after it.",SR 1.11,SR,,1,Unsuccessful login attempts,9,0.46926,0.772845,,,
shellcheck,SC1105,"Shells disambiguate (( differently or not at all. If the first ( should start a subshell, add a space after it.",SR 2.11,SR,,2,Timestamps,10,0.467955,0.761099,,,
shellcheck,SC1106,"In arithmetic contexts, use < instead of -lt",SR 3.5,SR,,3,Input validation,1,0.544848,1.0,,,
shellcheck,SC1106,"In arithmetic contexts, use < instead of -lt",SR 3.6,SR,,3,Deterministic output,2,0.5247,0.812826,,,
shellcheck,SC1106,"In arithmetic contexts, use < instead of -lt",SR 3.7,SR,,3,Error handling,3,0.508774,0.68608,,,
shellcheck,SC1107,This directive is unknown. It will be ignored.,SR 3.7,SR,,3,Error handling,1,0.552519,1.0,,,
shellcheck,SC1107,This directive is unknown. It will be ignored.,SR 3.5,SR,,3,Input validation,2,0.541151,0.891953,,,
shellcheck,SC1107,This directive is unknown. It will be ignored.,SR 2.12 RE 1,RE,SR 2.12,2,Non-repudiation for all users,3,0.535767,0.844225,,,
shellcheck,SC1107,This directive is unknown. It will be ignored.,SR 2.4 RE 1,RE,SR 2.4,2,Mobile code integrity check,4,0.525436,0.758491,,,
shellcheck,SC1107,This directive is unknown. It will be ignored.,SR 3.3,SR,,3,Security functionality verification,5,0.523928,0.746593,,,
shellcheck,SC1107,This directive is unknown. It will be ignored.,SR 3.2 RE 1,RE,SR 3.2,3,Malicious code protection on entry and exit points,6,0.520396,0.719328,,,
shellcheck,SC1107,This directive is unknown. It will be ignored.,SR 5.2 RE 3,RE,SR 5.2,5,Fail close,7,0.519994,0.716275,,,
shellcheck,SC1107,This directive is unknown. It will be ignored.,SR 7.7,SR,,7,Least functionality,8,0.517901,0.700563,,,
shellcheck,SC1108,You need a space before and after the = .,SR 3.5,SR,,3,Input validation,1,0.516696,1.0,,,
shellcheck,SC1108,You need a space before and after the = .,SR 2.4 RE 1,RE,SR 2.4,2,Mobile code integrity check,2,0.496356,0.8018,,,
shellcheck,SC1108,You need a space before and after the = .,SR 3.2 RE 1,RE,SR 3.2,3,Malicious code protection on entry and exit points,3,0.494014,0.781213,,,
shellcheck,SC1108,You need a space before and after the = .,SR 3.3,SR,,3,Security functionality verification,4,0.493461,0.776419,,,
shellcheck,SC1108,You need a space before and after the = .,SR 5.2 RE 3,RE,SR 5.2,5,Fail close,5,0.487752,0.728279,,,
shellcheck,SC1108,You need a space before and after the = .,SR 3.7,SR,,3,Error handling,6,0.482278,0.684451,,,
shellcheck,SC1109,This is an unquoted HTML entity. Replace with corresponding character.,SR 3.2 RE 1,RE,SR 3.2,3,Malicious code protection on entry and exit points,1,0.512876,1.0,,,
shellcheck,SC1109,This is an unquoted HTML entity. Replace with corresponding character.,SR 3.7,SR,,3,Error handling,2,0.505507,0.923484,,,
shellcheck,SC1109,This is an unquoted HTML entity. Replace with corresponding character.,SR 2.11 RE 2,RE,SR 2.11,2,Protection of time source integrity,3,0.489201,0.771101,,,
shellcheck,SC1109,This is an unquoted HTML entity. Replace with corresponding character.,SR 3.5,SR,,3,Input validation,4,0.485715,0.74136,,,
shellcheck,SC1109,This is an unquoted HTML entity. Replace with corresponding character.,SR 1.11,SR,,1,Unsuccessful login attempts,5,0.478796,0.685112,,,
shellcheck,SC1109,This is an unquoted HTML entity. Replace with corresponding character.,SR 3.2,SR,,3,Malicious code protection,6,0.478509,0.68285,,,
shellcheck,SC1110,This is a Unicode quote. Delete and retype it (or quote to make literal).,SR 3.5,SR,,3,Input validation,1,0.519528,1.0,,,
shellcheck,SC1110,This is a Unicode quote. Delete and retype it (or quote to make literal).,SR 3.2 RE 1,RE,SR 3.2,3,Malicious code protection on entry and exit points,2,0.491262,0.735144,,,
shellcheck,SC1111,This is a Unicode quote. Delete and retype it (or ignore/singlequote for literal).,SR 3.5,SR,,3,Input validation,1,0.521388,1.0,,,
shellcheck,SC1111,This is a Unicode quote. Delete and retype it (or ignore/singlequote for literal).,SR 3.2 RE 1,RE,SR 3.2,3,Malicious code protection on entry and exit points,2,0.487123,0.688062,,,
shellcheck,SC1112,This is a Unicode quote. Delete and retype it (or ignore/doublequote for literal).,SR 3.5,SR,,3,Input validation,1,0.519118,1.0,,,
shellcheck,SC1112,This is a Unicode quote. Delete and retype it (or ignore/doublequote for literal).,SR 3.2 RE 1,RE,SR 3.2,3,Malicious code protection on entry and exit points,2,0.488706,0.717462,,,
shellcheck,SC1113,"Use #!, not just #, for the shebang.",SR 5.2 RE 3,RE,SR 5.2,5,Fail close,1,0.480505,1.0,,,
shellcheck,SC1113,"Use #!, not just #, for the shebang.",SR 3.5,SR,,3,Input validation,2,0.474865,0.93713,,,
shellcheck,SC1113,"Use #!, not just #, for the shebang.",SR 2.11,SR,,2,Timestamps,3,0.466255,0.84741,,,
shellcheck,SC1113,"Use #!, not just #, for the shebang.",SR 7.1 RE 1,RE,SR 7.1,7,Manage communication loads,4,0.46521,0.837014,,,
shellcheck,SC1113,"Use #!, not just #, for the shebang.",SR 3.7,SR,,3,Error handling,5,0.465143,0.836357,,,
shellcheck,SC1113,"Use #!, not just #, for the shebang.",SR 2.12 RE 1,RE,SR 2.12,2,Non-repudiation for all users,6,0.461307,0.799113,,,
shellcheck,SC1113,"Use #!, not just #, for the shebang.",SR 1.12,SR,,1,System use notification,7,0.448793,0.686937,,,
shellcheck,SC1114,Remove leading spaces before the shebang.,SR 3.5,SR,,3,Input validation,1,0.449585,1.0,,,
shellcheck,SC1114,Remove leading spaces before the shebang.,SR 7.6 RE 1,RE,SR 7.6,7,Machine-readable reporting of current security settings,2,0.440096,0.889294,,,
shellcheck,SC1114,Remove leading spaces before the shebang.,SR 4.2 RE 1,RE,SR 4.2,4,Purging of shared memory resources,3,0.436323,0.848167,,,
shellcheck,SC1114,Remove leading spaces before the shebang.,SR 3.2 RE 1,RE,SR 3.2,3,Malicious code protection on entry and exit points,4,0.434148,0.825169,,,
shellcheck,SC1114,Remove leading spaces before the shebang.,SR 2.11,SR,,2,Timestamps,5,0.430758,0.790344,,,
shellcheck,SC1114,Remove leading spaces before the shebang.,SR 5.2 RE 3,RE,SR 5.2,5,Fail close,6,0.422789,0.713205,,,
shellcheck,SC1115,Remove spaces between # and ! in the shebang.,SR 3.5,SR,,3,Input validation,1,0.464006,1.0,,,
shellcheck,SC1115,Remove spaces between # and ! in the shebang.,SR 2.11,SR,,2,Timestamps,2,0.446712,0.811472,,,
shellcheck,SC1115,Remove spaces between # and ! in the shebang.,SR 4.2 RE 1,RE,SR 4.2,4,Purging of shared memory resources,3,0.440989,0.755916,,,
shellcheck,SC1115,Remove spaces between # and ! in the shebang.,SR 7.6 RE 1,RE,SR 7.6,7,Machine-readable reporting of current security settings,4,0.439482,0.741817,,,
shellcheck,SC1115,Remove spaces between # and ! in the shebang.,SR 5.4,SR,,5,Application partitioning,5,0.438878,0.736224,,,
shellcheck,SC1115,Remove spaces between # and ! in the shebang.,SR 5.2 RE 3,RE,SR 5.2,5,Fail close,6,0.432897,0.682705,,,
shellcheck,SC1116,Missing $ on a $((..)) expression? (or use ( ( for arrays).,SR 3.5,SR,,3,Input validation,1,0.507962,1.0,,,
shellcheck,SC1116,Missing $ on a $((..)) expression? (or use ( ( for arrays).,SR 3.7,SR,,3,Error handling,2,0.485465,0.779462,,,
shellcheck,SC1116,Missing $ on a $((..)) expression? (or use ( ( for arrays).,SR 3.3,SR,,3,Security functionality verification,3,0.482877,0.756882,,,
shellcheck,SC1117,"Backslash is literal in ""\n"". Prefer explicit escaping: ""\\n"".",SR 5.2 RE 3,RE,SR 5.2,5,Fail close,1,0.502346,1.0,,,
shellcheck,SC1117,"Backslash is literal in ""\n"". Prefer explicit escaping: ""\\n"".",SR 3.5,SR,,3,Input validation,2,0.499079,0.964753,,,
shellcheck,SC1117,"Backslash is literal in ""\n"". Prefer explicit escaping: ""\\n"".",SR 3.2 RE 1,RE,SR 3.2,3,Malicious code protection on entry and exit points,3,0.498,0.953333,,,
shellcheck,SC1117,"Backslash is literal in ""\n"". Prefer explicit escaping: ""\\n"".",SR 3.6,SR,,3,Deterministic output,4,0.47863,0.766454,,,
shellcheck,SC1117,"Backslash is literal in ""\n"". Prefer explicit escaping: ""\\n"".",SR 7.6 RE 1,RE,SR 7.6,7,Machine-readable reporting of current security settings,5,0.477672,0.758054,,,
shellcheck,SC1117,"Backslash is literal in ""\n"". Prefer explicit escaping: ""\\n"".",SR 1.7 RE 1,RE,SR 1.7,1,Password generation and lifetime restrictions for human users,6,0.477628,0.757665,,,
shellcheck,SC1117,"Backslash is literal in ""\n"". Prefer explicit escaping: ""\\n"".",SR 1.5 RE 1,RE,SR 1.5,1,Hardware security for software process identity credentials,7,0.476852,0.750918,,,
shellcheck,SC1117,"Backslash is literal in ""\n"". Prefer explicit escaping: ""\\n"".",SR 1.11,SR,,1,Unsuccessful login attempts,8,0.474622,0.731806,,,
shellcheck,SC1117,"Backslash is literal in ""\n"". Prefer explicit escaping: ""\\n"".",SR 3.3,SR,,3,Security functionality verification,9,0.472875,0.717114,,,
shellcheck,SC1117,"Backslash is literal in ""\n"". Prefer explicit escaping: ""\\n"".",SR 2.11,SR,,2,Timestamps,10,0.471085,0.702317,,,
shellcheck,SC1118,Delete whitespace after the here-doc end token.,SR 4.2,SR,,4,Information persistence,1,0.484234,1.0,,,
shellcheck,SC1118,Delete whitespace after the here-doc end token.,SR 4.2 RE 1,RE,SR 4.2,4,Purging of shared memory resources,2,0.478972,0.941684,,,
shellcheck,SC1118,Delete whitespace after the here-doc end token.,SR 2.11,SR,,2,Timestamps,3,0.468214,0.831075,,,
shellcheck,SC1118,Delete whitespace after the here-doc end token.,SR 3.8 RE 1,RE,SR 3.8,3,Invalidation of session IDs after session termination,4,0.463083,0.782209,,,
shellcheck,SC1118,Delete whitespace after the here-doc end token.,SR 3.5,SR,,3,Input validation,5,0.46279,0.77949,,,
shellcheck,SC1118,Delete whitespace after the here-doc end token.,SR 2.11 RE 2,RE,SR 2.11,2,Protection of time source integrity,6,0.461257,0.765396,,,
shellcheck,SC1118,Delete whitespace after the here-doc end token.,SR 2.9 RE 1,RE,SR 2.9,2,Warn when audit record storage capacity threshold reached,7,0.457868,0.734966,,,
shellcheck,SC1119,Add a linefeed between end token and terminating ).,SR 5.2 RE 3,RE,SR 5.2,5,Fail close,1,0.550675,1.0,,,
shellcheck,SC1119,Add a linefeed between end token and terminating ).,SR 3.5,SR,,3,Input validation,2,0.530548,0.814821,,,
shellcheck,SC1119,Add a linefeed between end token and terminating ).,SR 2.11,SR,,2,Timestamps,3,0.518531,0.718352,,,
shellcheck,SC1120,No comments allowed after here-doc token. Comment the next line instead.,SR 2.11,SR,,2,Timestamps,1,0.510888,1.0,,,
shellcheck,SC1120,No comments allowed after here-doc token. Comment the next line instead.,SR 5.2 RE 3,RE,SR 5.2,5,Fail close,2,0.510608,0.99699,,,
shellcheck,SC1120,No comments allowed after here-doc token. Comment the next line instead.,SR 1.7 RE 1,RE,SR 1.7,1,Password generation and lifetime restrictions for human users,3,0.509749,0.987795,,,
shellcheck,SC1120,No comments allowed after here-doc token. Comment the next line instead.,SR 3.7,SR,,3,Error handling,4,0.506232,0.95089,,,
shellcheck,SC1120,No comments allowed after here-doc token. Comment the next line instead.,SR 1.10,SR,,1,Authenticator feedback,5,0.500563,0.893775,,,
shellcheck,SC1120,No comments allowed after here-doc token. Comment the next line instead.,SR 3.5,SR,,3,Input validation,6,0.498053,0.869402,,,
shellcheck,SC1120,No comments allowed after here-doc token. Comment the next line instead.,SR 1.11,SR,,1,Unsuccessful login attempts,7,0.495396,0.8442,,,
shellcheck,SC1120,No comments allowed after here-doc token. Comment the next line instead.,SR 7.6 RE 1,RE,SR 7.6,7,Machine-readable reporting of current security settings,8,0.494966,0.840181,,,
shellcheck,SC1120,No comments allowed after here-doc token. Comment the next line instead.,SR 3.9 RE 1,RE,SR 3.9,3,Audit records on write-once media,9,0.492715,0.819374,,,
shellcheck,SC1120,No comments allowed after here-doc token. Comment the next line instead.,SR 3.2 RE 1,RE,SR 3.2,3,Malicious code protection on entry and exit points,10,0.490492,0.799249,,,
shellcheck,SC1121,"Add ;/& terminators (and other syntax) on the line with the <<, not here.",SR 5.2 RE 3,RE,SR 5.2,5,Fail close,1,0.53271,1.0,,,
shellcheck,SC1121,"Add ;/& terminators (and other syntax) on the line with the <<, not here.",SR 7.1,SR,,7,Denial of service protection,2,0.526591,0.938427,,,
shellcheck,SC1121,"Add ;/& terminators (and other syntax) on the line with the <<, not here.",SR 3.2 RE 1,RE,SR 3.2,3,Malicious code protection on entry and exit points,3,0.519228,0.868499,,,
shellcheck,SC1121,"Add ;/& terminators (and other syntax) on the line with the <<, not here.",SR 2.11,SR,,2,Timestamps,4,0.517687,0.854415,,,
shellcheck,SC1121,"Add ;/& terminators (and other syntax) on the line with the <<, not here.",SR 1.11,SR,,1,Unsuccessful login attempts,5,0.507379,0.764938,,,
shellcheck,SC1121,"Add ;/& terminators (and other syntax) on the line with the <<, not here.",SR 5.2 RE 1,RE,SR 5.2,5,"Deny by default, allow by exception",6,0.506294,0.755985,,,
shellcheck,SC1121,"Add ;/& terminators (and other syntax) on the line with the <<, not here.",SR 3.7,SR,,3,Error handling,7,0.49843,0.693621,,,
shellcheck,SC1122,"Nothing allowed after end token. To continue a command, put it on the line with the <<.",SR 5.2 RE 3,RE,SR 5.2,5,Fail close,1,0.553052,1.0,,,
shellcheck,SC1122,"Nothing allowed after end token. To continue a command, put it on the line with the <<.",SR 1.11,SR,,1,Unsuccessful login attempts,2,0.53546,0.837122,,,
shellcheck,SC1123,"ShellCheck directives are only valid in front of complete compound commands, like if, not e.g. individual elif branches.",SR 3.5,SR,,3,Input validation,1,0.566871,1.0,,,
shellcheck,SC1123,"ShellCheck directives are only valid in front of complete compound commands, like if, not e.g. individual elif branches.",SR 3.6,SR,,3,Deterministic output,2,0.545294,0.807799,,,
shellcheck,SC1123,"ShellCheck directives are only valid in front of complete compound commands, like if, not e.g. individual elif branches.",SR 5.2 RE 2,RE,SR 5.2,5,Island mode,3,0.535035,0.727673,,,
shellcheck,SC1123,"ShellCheck directives are only valid in front of complete compound commands, like if, not e.g. individual elif branches.",SR 2.4 RE 1,RE,SR 2.4,2,Mobile code integrity check,4,0.531322,0.700335,,,
shellcheck,SC1123,"ShellCheck directives are only valid in front of complete compound commands, like if, not e.g. individual elif branches.",SR 3.3 RE 2,RE,SR 3.3,3,Security functionality verification during normal operation,5,0.528832,0.682473,,,
shellcheck,SC1124,"ShellCheck directives are only valid in front of complete commands like case statements, not individual case branches.",SR 3.7,SR,,3,Error handling,1,0.572685,1.0,,,
shellcheck,SC1124,"ShellCheck directives are only valid in front of complete commands like case statements, not individual case branches.",SR 3.5,SR,,3,Input validation,2,0.562711,0.907886,,,
shellcheck,SC1124,"ShellCheck directives are only valid in front of complete commands like case statements, not individual case branches.",SR 1.11,SR,,1,Unsuccessful login attempts,3,0.561537,0.897522,,,
shellcheck,SC1124,"ShellCheck directives are only valid in front of complete commands like case statements, not individual case branches.",SR 5.2 RE 3,RE,SR 5.2,5,Fail close,4,0.560879,0.891751,,,
shellcheck,SC1124,"ShellCheck directives are only valid in front of complete commands like case statements, not individual case branches.",SR 2.12 RE 1,RE,SR 2.12,2,Non-repudiation for all users,5,0.558197,0.86855,,,
shellcheck,SC1124,"ShellCheck directives are only valid in front of complete commands like case statements, not individual case branches.",SR 3.2 RE 1,RE,SR 3.2,3,Malicious code protection on entry and exit points,6,0.553844,0.831946,,,
shellcheck,SC1124,"ShellCheck directives are only valid in front of complete commands like case statements, not individual case branches.",SR 2.4 RE 1,RE,SR 2.4,2,Mobile code integrity check,7,0.549362,0.795582,,,
shellcheck,SC1125,Invalid key=value pair in directive,SR 3.5,SR,,3,Input validation,1,0.534808,1.0,,,
shellcheck,SC1125,Invalid key=value pair in directive,SR 1.11,SR,,1,Unsuccessful login attempts,2,0.52267,0.881377,,,
shellcheck,SC1125,Invalid key=value pair in directive,SR 3.7,SR,,3,Error handling,3,0.522461,0.879437,,,
shellcheck,SC1125,Invalid key=value pair in directive,SR 2.4 RE 1,RE,SR 2.4,2,Mobile code integrity check,4,0.507454,0.749186,,,
shellcheck,SC1125,Invalid key=value pair in directive,SR 3.2 RE 1,RE,SR 3.2,3,Malicious code protection on entry and exit points,5,0.506103,0.738281,,,
shellcheck,SC1125,Invalid key=value pair in directive,SR 2.4,SR,,2,Mobile code,6,0.500827,0.696934,,,
shellcheck,SC1126,"Place shellcheck directives before commands, not after.",SR 3.7,SR,,3,Error handling,1,0.504023,1.0,,,
shellcheck,SC1126,"Place shellcheck directives before commands, not after.",SR 3.2 RE 1,RE,SR 3.2,3,Malicious code protection on entry and exit points,2,0.498373,0.93988,,,
shellcheck,SC1126,"Place shellcheck directives before commands, not after.",SR 1.13 RE 1,RE,SR 1.13,1,Explicit access request approval,3,0.497217,0.927958,,,
shellcheck,SC1126,"Place shellcheck directives before commands, not after.",SR 2.4 RE 1,RE,SR 2.4,2,Mobile code integrity check,4,0.49552,0.910667,,,
shellcheck,SC1126,"Place shellcheck directives before commands, not after.",SR 7.7,SR,,7,Least functionality,5,0.494221,0.897614,,,
shellcheck,SC1126,"Place shellcheck directives before commands, not after.",SR 3.5,SR,,3,Input validation,6,0.492928,0.884777,,,
shellcheck,SC1126,"Place shellcheck directives before commands, not after.",SR 3.2,SR,,3,Malicious code protection,7,0.492616,0.881701,,,
shellcheck,SC1126,"Place shellcheck directives before commands, not after.",SR 4.2 RE 1,RE,SR 4.2,4,Purging of shared memory resources,8,0.489568,0.85211,,,
shellcheck,SC1126,"Place shellcheck directives before commands, not after.",SR 3.6,SR,,3,Deterministic output,9,0.489235,0.848928,,,
shellcheck,SC1126,"Place shellcheck directives before commands, not after.",SR 3.3,SR,,3,Security functionality verification,10,0.489155,0.848166,,,
shellcheck,SC1127,Was this intended as a comment? Use # in sh.,SR 3.5,SR,,3,Input validation,1,0.530959,1.0,,,
shellcheck,SC1127,Was this intended as a comment? Use # in sh.,SR 2.11,SR,,2,Timestamps,2,0.516292,0.857216,,,
shellcheck,SC1127,Was this intended as a comment? Use # in sh.,SR 3.2 RE 1,RE,SR 3.2,3,Malicious code protection on entry and exit points,3,0.509883,0.800298,,,
shellcheck,SC1127,Was this intended as a comment? Use # in sh.,SR 5.2 RE 3,RE,SR 5.2,5,Fail close,4,0.502806,0.741088,,,
shellcheck,SC1128,The shebang must be on the first line. Delete blanks and move comments.,SR 4.2 RE 1,RE,SR 4.2,4,Purging of shared memory resources,1,0.522846,1.0,,,
shellcheck,SC1128,The shebang must be on the first line. Delete blanks and move comments.,SR 3.5,SR,,3,Input validation,2,0.511485,0.886184,,,
shellcheck,SC1128,The shebang must be on the first line. Delete blanks and move comments.,SR 2.11,SR,,2,Timestamps,3,0.497191,0.758267,,,
shellcheck,SC1128,The shebang must be on the first line. Delete blanks and move comments.,SR 2.12 RE 1,RE,SR 2.12,2,Non-repudiation for all users,4,0.496028,0.748565,,,
shellcheck,SC1128,The shebang must be on the first line. Delete blanks and move comments.,SR 3.2 RE 1,RE,SR 3.2,3,Malicious code protection on entry and exit points,5,0.49569,0.745756,,,
shellcheck,SC1128,The shebang must be on the first line. Delete blanks and move comments.,SR 4.2,SR,,4,Information persistence,6,0.492747,0.721727,,,
shellcheck,SC1128,The shebang must be on the first line. Delete blanks and move comments.,SR 2.4 RE 1,RE,SR 2.4,2,Mobile code integrity check,7,0.488291,0.686558,,,
shellcheck,SC1129,You need a space before the !.,SR 5.2 RE 3,RE,SR 5.2,5,Fail close,1,0.522417,1.0,,,
shellcheck,SC1129,You need a space before the !.,SR 1.11,SR,,1,Unsuccessful login attempts,2,0.52165,0.991952,,,
shellcheck,SC1129,You need a space before the !.,SR 3.5,SR,,3,Input validation,3,0.50464,0.826622,,,
shellcheck,SC1129,You need a space before the !.,SR 2.9 RE 1,RE,SR 2.9,2,Warn when audit record storage capacity threshold reached,4,0.500762,0.79228,,,
shellcheck,SC1129,You need a space before the !.,SR 5.4,SR,,5,Application partitioning,5,0.497753,0.766447,,,
shellcheck,SC1129,You need a space before the !.,SR 2.4 RE 1,RE,SR 2.4,2,Mobile code integrity check,6,0.492136,0.720067,,,
shellcheck,SC1129,You need a space before the !.,SR 3.6,SR,,3,Deterministic output,7,0.49138,0.714007,,,
shellcheck,SC1130,You need a space before the :.,SR 5.2 RE 3,RE,SR 5.2,5,Fail close,1,0.521827,1.0,,,
shellcheck,SC1130,You need a space before the :.,SR 2.4 RE 1,RE,SR 2.4,2,Mobile code integrity check,2,0.521632,0.997949,,,
shellcheck,SC1130,You need a space before the :.,SR 1.11,SR,,1,Unsuccessful login attempts,3,0.519313,0.973791,,,
shellcheck,SC1130,You need a space before the :.,SR 3.6,SR,,3,Deterministic output,4,0.512444,0.905025,,,
shellcheck,SC1130,You need a space before the :.,SR 3.2 RE 1,RE,SR 3.2,3,Malicious code protection on entry and exit points,5,0.508761,0.869822,,,
shellcheck,SC1130,You need a space before the :.,SR 2.11,SR,,2,Timestamps,6,0.505605,0.840557,,,
shellcheck,SC1130,You need a space before the :.,SR 3.3,SR,,3,Security functionality verification,7,0.50152,0.80388,,,
shellcheck,SC1130,You need a space before the :.,SR 3.5,SR,,3,Input validation,8,0.499568,0.786821,,,
shellcheck,SC1130,You need a space before the :.,SR 2.4,SR,,2,Mobile code,9,0.499556,0.786718,,,
shellcheck,SC1130,You need a space before the :.,SR 3.3 RE 1,RE,SR 3.3,3,Automated mechanisms for security functionality verification,10,0.49851,0.777703,,,
shellcheck,SC1131,Use elif to start another branch.,SR 3.7,SR,,3,Error handling,1,0.476527,1.0,,,
shellcheck,SC1131,Use elif to start another branch.,SR 3.6,SR,,3,Deterministic output,2,0.474997,0.982468,,,
shellcheck,SC1131,Use elif to start another branch.,SR 5.2 RE 3,RE,SR 5.2,5,Fail close,3,0.472036,0.949256,,,
shellcheck,SC1131,Use elif to start another branch.,SR 3.5,SR,,3,Input validation,4,0.463837,0.862041,,,
shellcheck,SC1131,Use elif to start another branch.,SR 3.2 RE 1,RE,SR 3.2,3,Malicious code protection on entry and exit points,5,0.459486,0.81849,,,
shellcheck,SC1131,Use elif to start another branch.,SR 1.11,SR,,1,Unsuccessful login attempts,6,0.456071,0.785593,,,
shellcheck,SC1131,Use elif to start another branch.,SR 3.3 RE 2,RE,SR 3.3,3,Security functionality verification during normal operation,7,0.449734,0.727404,,,
shellcheck,SC1131,Use elif to start another branch.,SR 2.12 RE 1,RE,SR 2.12,2,Non-repudiation for all users,8,0.449214,0.722788,,,
shellcheck,SC1131,Use elif to start another branch.,SR 3.8 RE 3,RE,SR 3.8,3,Randomness of session IDs,9,0.44783,0.710627,,,
shellcheck,SC1131,Use elif to start another branch.,SR 2.4 RE 1,RE,SR 2.4,2,Mobile code integrity check,10,0.444459,0.681698,,,
shellcheck,SC1132,This & terminates the command. Escape it or add space after & to silence.,SR 5.2 RE 3,RE,SR 5.2,5,Fail close,1,0.530798,1.0,,,
shellcheck,SC1132,This & terminates the command. Escape it or add space after & to silence.,SR 3.2 RE 1,RE,SR 3.2,3,Malicious code protection on entry and exit points,2,0.5254,0.94534,,,
shellcheck,SC1132,This & terminates the command. Escape it or add space after & to silence.,SR 4.2 RE 1,RE,SR 4.2,4,Purging of shared memory resources,3,0.522322,0.915274,,,
shellcheck,SC1132,This & terminates the command. Escape it or add space after & to silence.,SR 4.2,SR,,4,Information persistence,4,0.517103,0.866095,,,
shellcheck,SC1132,This & terminates the command. Escape it or add space after & to silence.,SR 3.5,SR,,3,Input validation,5,0.514817,0.84524,,,
shellcheck,SC1132,This & terminates the command. Escape it or add space after & to silence.,SR 5.3 RE 1,RE,SR 5.3,5,Prohibit all general purpose person-to-person communications,6,0.513988,0.837788,,,
shellcheck,SC1132,This & terminates the command. Escape it or add space after & to silence.,SR 5.2 RE 2,RE,SR 5.2,5,Island mode,7,0.512739,0.82665,,,
shellcheck,SC1132,This & terminates the command. Escape it or add space after & to silence.,SR 2.11,SR,,2,Timestamps,8,0.511261,0.813625,,,
shellcheck,SC1132,This & terminates the command. Escape it or add space after & to silence.,SR 3.7,SR,,3,Error handling,9,0.510987,0.811228,,,
shellcheck,SC1132,This & terminates the command. Escape it or add space after & to silence.,SR 2.6,SR,,2,Remote session termination,10,0.50971,0.800146,,,
shellcheck,SC1133,"Unexpected start of line. If breaking lines, |/||/&& should be at the end of the previous one.",SR 5.2 RE 3,RE,SR 5.2,5,Fail close,1,0.531241,1.0,,,
shellcheck,SC1133,"Unexpected start of line. If breaking lines, |/||/&& should be at the end of the previous one.",SR 3.2 RE 1,RE,SR 3.2,3,Malicious code protection on entry and exit points,2,0.529554,0.98265,,,
shellcheck,SC1133,"Unexpected start of line. If breaking lines, |/||/&& should be at the end of the previous one.",SR 3.7,SR,,3,Error handling,3,0.519519,0.88451,,,
shellcheck,SC1133,"Unexpected start of line. If breaking lines, |/||/&& should be at the end of the previous one.",SR 3.5,SR,,3,Input validation,4,0.504885,0.755882,,,
shellcheck,SC1133,"Unexpected start of line. If breaking lines, |/||/&& should be at the end of the previous one.",SR 1.11,SR,,1,Unsuccessful login attempts,5,0.502862,0.739372,,,
shellcheck,SC1134,SC1134,SR 2.11,SR,,2,Timestamps,1,0.477325,1.0,,,
shellcheck,SC1134,SC1134,SR 3.3,SR,,3,Security functionality verification,2,0.473625,0.958104,,,
shellcheck,SC1134,SC1134,SR 3.2 RE 1,RE,SR 3.2,3,Malicious code protection on entry and exit points,3,0.47124,0.931862,,,
shellcheck,SC1134,SC1134,SR 1.11,SR,,1,Unsuccessful login attempts,4,0.466955,0.886205,,,
shellcheck,SC1134,SC1134,SR 4.1 RE 2,RE,SR 4.1,4,Protection of confidentiality across zone boundaries,5,0.465161,0.867646,,,
shellcheck,SC1134,SC1134,SR 2.11 RE 2,RE,SR 2.11,2,Protection of time source integrity,6,0.46445,0.860369,,,
shellcheck,SC1134,SC1134,SR 1.13 RE 1,RE,SR 1.13,1,Explicit access request approval,7,0.464191,0.857734,,,
shellcheck,SC1134,SC1134,SR 2.11 RE 1,RE,SR 2.11,2,Internal time synchronization,8,0.46367,0.852454,,,
shellcheck,SC1134,SC1134,SR 7.1,SR,,7,Denial of service protection,9,0.46102,0.826006,,,
shellcheck,SC1134,SC1134,SR 2.3 RE 1,RE,SR 2.3,2,Enforcement of security status of portable and mobile devices,10,0.460766,0.823502,,,
shellcheck,SC1135,"Prefer escape over ending quote to make $ literal. Instead of ""It costs $""5, use ""It costs \$5""",SR 3.5,SR,,3,Input validation,1,0.50432,1.0,,,
shellcheck,SC1135,"Prefer escape over ending quote to make $ literal. Instead of ""It costs $""5, use ""It costs \$5""",SR 5.2 RE 3,RE,SR 5.2,5,Fail close,2,0.481073,0.771391,,,
shellcheck,SC1135,"Prefer escape over ending quote to make $ literal. Instead of ""It costs $""5, use ""It costs \$5""",SR 3.2 RE 1,RE,SR 3.2,3,Malicious code protection on entry and exit points,3,0.474783,0.717526,,,
shellcheck,SC1136,Unexpected characters after terminating ]. Missing semicolon/linefeed?,SR 3.5,SR,,3,Input validation,1,0.50986,1.0,,,
shellcheck,SC1136,Unexpected characters after terminating ]. Missing semicolon/linefeed?,SR 3.7,SR,,3,Error handling,2,0.501407,0.912149,,,
shellcheck,SC1136,Unexpected characters after terminating ]. Missing semicolon/linefeed?,SR 5.2 RE 3,RE,SR 5.2,5,Fail close,3,0.495625,0.855783,,,
shellcheck,SC1136,Unexpected characters after terminating ]. Missing semicolon/linefeed?,SR 7.3 RE 1,RE,SR 7.3,7,Backup verification,4,0.487255,0.779254,,,
shellcheck,SC1136,Unexpected characters after terminating ]. Missing semicolon/linefeed?,SR 3.2 RE 1,RE,SR 3.2,3,Malicious code protection on entry and exit points,5,0.482909,0.741781,,,
shellcheck,SC1136,Unexpected characters after terminating ]. Missing semicolon/linefeed?,SR 3.8 RE 1,RE,SR 3.8,3,Invalidation of session IDs after session termination,6,0.482684,0.739883,,,
shellcheck,SC1136,Unexpected characters after terminating ]. Missing semicolon/linefeed?,SR 1.7 RE 1,RE,SR 1.7,1,Password generation and lifetime restrictions for human users,7,0.480164,0.718891,,,
shellcheck,SC1137,Missing second ( to start arithmetic for ((;;)) loop,SR 2.11,SR,,2,Timestamps,1,0.492628,1.0,,,
shellcheck,SC1137,Missing second ( to start arithmetic for ((;;)) loop,SR 3.8 RE 2,RE,SR 3.8,3,Unique session ID generation,2,0.492179,0.995,,,
shellcheck,SC1137,Missing second ( to start arithmetic for ((;;)) loop,SR 2.4 RE 1,RE,SR 2.4,2,Mobile code integrity check,3,0.485715,0.925218,,,
shellcheck,SC1137,Missing second ( to start arithmetic for ((;;)) loop,SR 2.11 RE 1,RE,SR 2.11,2,Internal time synchronization,4,0.482511,0.89215,,,
shellcheck,SC1137,Missing second ( to start arithmetic for ((;;)) loop,SR 3.7,SR,,3,Error handling,5,0.478913,0.856169,,,
shellcheck,SC1137,Missing second ( to start arithmetic for ((;;)) loop,SR 3.5,SR,,3,Input validation,6,0.476476,0.832478,,,
shellcheck,SC1137,Missing second ( to start arithmetic for ((;;)) loop,SR 3.8,SR,,3,Session integrity,7,0.465351,0.73104,,,
shellcheck,SC1137,Missing second ( to start arithmetic for ((;;)) loop,SR 1.11,SR,,1,Unsuccessful login attempts,8,0.46375,0.717314,,,
shellcheck,SC1137,Missing second ( to start arithmetic for ((;;)) loop,SR 3.8 RE 3,RE,SR 3.8,3,Randomness of session IDs,9,0.463416,0.714479,,,
shellcheck,SC1137,Missing second ( to start arithmetic for ((;;)) loop,SR 2.11 RE 2,RE,SR 2.11,2,Protection of time source integrity,10,0.462806,0.709316,,,
shellcheck,SC1138,Remove spaces between (( in arithmetic for loop.,SR 3.5,SR,,3,Input validation,1,0.474534,1.0,,,
shellcheck,SC1138,Remove spaces between (( in arithmetic for loop.,SR 4.2 RE 1,RE,SR 4.2,4,Purging of shared memory resources,2,0.448894,0.736753,,,
shellcheck,SC1138,Remove spaces between (( in arithmetic for loop.,SR 3.8 RE 2,RE,SR 3.8,3,Unique session ID generation,3,0.44756,0.724789,,,
shellcheck,SC1138,Remove spaces between (( in arithmetic for loop.,SR 2.11,SR,,2,Timestamps,4,0.447507,0.724322,,,
shellcheck,SC1139,Use || instead of -o between test commands.,SR 3.6,SR,,3,Deterministic output,1,0.52434,1.0,,,
shellcheck,SC1139,Use || instead of -o between test commands.,SR 3.5,SR,,3,Input validation,2,0.514089,0.897101,,,
shellcheck,SC1139,Use || instead of -o between test commands.,SR 7.1,SR,,7,Denial of service protection,3,0.509362,0.852663,,,
shellcheck,SC1139,Use || instead of -o between test commands.,SR 5.2 RE 2,RE,SR 5.2,5,Island mode,4,0.500154,0.771259,,,
shellcheck,SC1139,Use || instead of -o between test commands.,SR 5.2 RE 3,RE,SR 5.2,5,Fail close,5,0.493393,0.715634,,,
shellcheck,SC1139,Use || instead of -o between test commands.,SR 1.11,SR,,1,Unsuccessful login attempts,6,0.489088,0.681956,,,
shellcheck,SC1140,"Unexpected parameters after condition. Missing &&/||, or bad expression?",SR 3.5,SR,,3,Input validation,1,0.550533,1.0,,,
shellcheck,SC1140,"Unexpected parameters after condition. Missing &&/||, or bad expression?",SR 3.7,SR,,3,Error handling,2,0.545625,0.95194,,,
shellcheck,SC1141,Unexpected tokens after compound command. Bad redirection or missing ;/&&/||/|?,SR 1.11,SR,,1,Unsuccessful login attempts,1,0.504728,1.0,,,
shellcheck,SC1141,Unexpected tokens after compound command. Bad redirection or missing ;/&&/||/|?,SR 2.10,SR,,2,Response to audit processing failures,2,0.502289,0.973714,,,
shellcheck,SC1141,Unexpected tokens after compound command. Bad redirection or missing ;/&&/||/|?,SR 5.2 RE 3,RE,SR 5.2,5,Fail close,3,0.49046,0.854093,,,
shellcheck,SC1141,Unexpected tokens after compound command. Bad redirection or missing ;/&&/||/|?,SR 3.8 RE 1,RE,SR 3.8,3,Invalidation of session IDs after session termination,4,0.485007,0.803153,,,
shellcheck,SC1141,Unexpected tokens after compound command. Bad redirection or missing ;/&&/||/|?,SR 2.11,SR,,2,Timestamps,5,0.483491,0.789444,,,
shellcheck,SC1141,Unexpected tokens after compound command. Bad redirection or missing ;/&&/||/|?,SR 3.7,SR,,3,Error handling,6,0.481141,0.768572,,,
shellcheck,SC1141,Unexpected tokens after compound command. Bad redirection or missing ;/&&/||/|?,SR 3.5,SR,,3,Input validation,7,0.476442,0.728178,,,
shellcheck,SC1142,Use done < <(cmd) to redirect from process substitution (currently missing one <).,SR 3.7,SR,,3,Error handling,1,0.541199,1.0,,,
shellcheck,SC1142,Use done < <(cmd) to redirect from process substitution (currently missing one <).,SR 2.10,SR,,2,Response to audit processing failures,2,0.53809,0.968818,,,
shellcheck,SC1142,Use done < <(cmd) to redirect from process substitution (currently missing one <).,SR 1.2,SR,,1,Software process and device identification and authentication,3,0.534037,0.929357,,,
shellcheck,SC1142,Use done < <(cmd) to redirect from process substitution (currently missing one <).,SR 1.5 RE 1,RE,SR 1.5,1,Hardware security for software process identity credentials,4,0.532892,0.91845,,,
shellcheck,SC1142,Use done < <(cmd) to redirect from process substitution (currently missing one <).,SR 7.3,SR,,7,Control system backup,5,0.531849,0.908607,,,
shellcheck,SC1142,Use done < <(cmd) to redirect from process substitution (currently missing one <).,SR 3.6,SR,,3,Deterministic output,6,0.530154,0.892787,,,
shellcheck,SC1142,Use done < <(cmd) to redirect from process substitution (currently missing one <).,SR 3.5,SR,,3,Input validation,7,0.525363,0.849309,,,
shellcheck,SC1142,Use done < <(cmd) to redirect from process substitution (currently missing one <).,SR 1.11,SR,,1,Unsuccessful login attempts,8,0.523629,0.834008,,,
shellcheck,SC1142,Use done < <(cmd) to redirect from process substitution (currently missing one <).,SR 4.2,SR,,4,Information persistence,9,0.520863,0.810062,,,
shellcheck,SC1142,Use done < <(cmd) to redirect from process substitution (currently missing one <).,SR 7.1,SR,,7,Denial of service protection,10,0.518951,0.793839,,,
shellcheck,SC1143,This backslash is part of a comment and does not continue the line.,SR 3.2 RE 1,RE,SR 3.2,3,Malicious code protection on entry and exit points,1,0.509891,1.0,,,
shellcheck,SC1143,This backslash is part of a comment and does not continue the line.,SR 5.2 RE 3,RE,SR 5.2,5,Fail close,2,0.496844,0.867133,,,
shellcheck,SC1143,This backslash is part of a comment and does not continue the line.,SR 3.5,SR,,3,Input validation,3,0.495167,0.851149,,,
shellcheck,SC1143,This backslash is part of a comment and does not continue the line.,SR 1.11,SR,,1,Unsuccessful login attempts,4,0.484164,0.752197,,,
shellcheck,SC1143,This backslash is part of a comment and does not continue the line.,SR 1.7 RE 1,RE,SR 1.7,1,Password generation and lifetime restrictions for human users,5,0.47889,0.708222,,,
shellcheck,SC1143,This backslash is part of a comment and does not continue the line.,SR 3.7,SR,,3,Error handling,6,0.4776,0.697791,,,
shellcheck,SC1144,"external-sources can only be enabled in .shellcheckrc, not in individual files.",SR 2.11 RE 2,RE,SR 2.11,2,Protection of time source integrity,1,0.523123,1.0,,,
shellcheck,SC1144,"external-sources can only be enabled in .shellcheckrc, not in individual files.",SR 4.2 RE 1,RE,SR 4.2,4,Purging of shared memory resources,2,0.507544,0.846805,,,
shellcheck,SC1144,"external-sources can only be enabled in .shellcheckrc, not in individual files.",SR 1.5 RE 1,RE,SR 1.5,1,Hardware security for software process identity credentials,3,0.505971,0.832472,,,
shellcheck,SC1144,"external-sources can only be enabled in .shellcheckrc, not in individual files.",SR 3.2 RE 1,RE,SR 3.2,3,Malicious code protection on entry and exit points,4,0.501974,0.79694,,,
shellcheck,SC1144,"external-sources can only be enabled in .shellcheckrc, not in individual files.",SR 3.7,SR,,3,Error handling,5,0.497034,0.754754,,,
shellcheck,SC1144,"external-sources can only be enabled in .shellcheckrc, not in individual files.",SR 2.8 RE 1,RE,SR 2.8,2,"Centrally managed, system-wide audit trail",6,0.49694,0.753966,,,
shellcheck,SC1144,"external-sources can only be enabled in .shellcheckrc, not in individual files.",SR 3.2,SR,,3,Malicious code protection,7,0.496177,0.747618,,,
shellcheck,SC1144,"external-sources can only be enabled in .shellcheckrc, not in individual files.",SR 3.3,SR,,3,Security functionality verification,8,0.494513,0.733934,,,
shellcheck,SC1144,"external-sources can only be enabled in .shellcheckrc, not in individual files.",SR 2.3 RE 1,RE,SR 2.3,2,Enforcement of security status of portable and mobile devices,9,0.492206,0.715297,,,
shellcheck,SC1144,"external-sources can only be enabled in .shellcheckrc, not in individual files.",SR 1.11,SR,,1,Unsuccessful login attempts,10,0.490264,0.699918,,,
shellcheck,SC1145,Unknown external-sources value. Expected true/false.,SR 2.11 RE 2,RE,SR 2.11,2,Protection of time source integrity,1,0.514563,1.0,,,
shellcheck,SC1145,Unknown external-sources value. Expected true/false.,SR 3.2 RE 1,RE,SR 3.2,3,Malicious code protection on entry and exit points,2,0.509047,0.942439,,,
shellcheck,SC1145,Unknown external-sources value. Expected true/false.,SR 3.7,SR,,3,Error handling,3,0.504475,0.896821,,,
shellcheck,SC1145,Unknown external-sources value. Expected true/false.,SR 1.5 RE 1,RE,SR 1.5,1,Hardware security for software process identity credentials,4,0.502169,0.874505,,,
shellcheck,SC1145,Unknown external-sources value. Expected true/false.,SR 4.2 RE 1,RE,SR 4.2,4,Purging of shared memory resources,5,0.501972,0.87262,,,
shellcheck,SC1145,Unknown external-sources value. Expected true/false.,SR 3.3,SR,,3,Security functionality verification,6,0.501239,0.865633,,,
shellcheck,SC1145,Unknown external-sources value. Expected true/false.,SR 7.3 RE 1,RE,SR 7.3,7,Backup verification,7,0.493597,0.795488,,,
shellcheck,SC1145,Unknown external-sources value. Expected true/false.,SR 2.4 RE 1,RE,SR 2.4,2,Mobile code integrity check,8,0.490058,0.764622,,,
shellcheck,SC1145,Unknown external-sources value. Expected true/false.,SR 3.8 RE 3,RE,SR 3.8,3,Randomness of session IDs,9,0.489515,0.759973,,,
shellcheck,SC1145,Unknown external-sources value. Expected true/false.,SR 2.12 RE 1,RE,SR 2.12,2,Non-repudiation for all users,10,0.48797,0.746873,,,
shellcheck,SC2000,example code,SR 3.2 RE 1,RE,SR 3.2,3,Malicious code protection on entry and exit points,1,0.559311,1.0,,,
shellcheck,SC2000,example code,SR 3.3,SR,,3,Security functionality verification,2,0.552262,0.932612,,,
shellcheck,SC2000,example code,SR 2.4,SR,,2,Mobile code,3,0.548929,0.902081,,,
shellcheck,SC2000,example code,SR 2.4 RE 1,RE,SR 2.4,2,Mobile code integrity check,4,0.548875,0.901588,,,
shellcheck,SC2000,example code,SR 7.6 RE 1,RE,SR 7.6,7,Machine-readable reporting of current security settings,5,0.547744,0.891422,,,
shellcheck,SC2000,example code,SR 3.2 RE 2,RE,SR 3.2,3,Central management and reporting for malicious code protection,6,0.541817,0.839645,,,
shellcheck,SC2000,example code,SR 5.4,SR,,5,Application partitioning,7,0.541623,0.83799,,,
shellcheck,SC2000,example code,SR 3.7,SR,,3,Error handling,8,0.538981,0.815754,,,
shellcheck,SC2000,example code,SR 3.2,SR,,3,Malicious code protection,9,0.53693,0.798825,,,
shellcheck,SC2000,example code,SR 1.2,SR,,1,Software process and device identification and authentication,10,0.536007,0.791305,,,
shellcheck,SC2001,See if you can use ${variable//search/replace} instead.,SR 3.5,SR,,3,Input validation,1,0.509555,1.0,,,
shellcheck,SC2001,See if you can use ${variable//search/replace} instead.,SR 1.4,SR,,1,Identifier management,2,0.486283,0.773281,,,
shellcheck,SC2001,See if you can use ${variable//search/replace} instead.,SR 7.1 RE 1,RE,SR 7.1,7,Manage communication loads,3,0.47804,0.703889,,,
shellcheck,SC2001,See if you can use ${variable//search/replace} instead.,SR 7.1,SR,,7,Denial of service protection,4,0.476005,0.687566,,,
shellcheck,SC2002,SC2002,SR 3.5,SR,,3,Input validation,1,0.569805,1.0,,,
shellcheck,SC2002,SC2002,SR 3.7,SR,,3,Error handling,2,0.551195,0.833078,,,
shellcheck,SC2002,SC2002,SR 2.11,SR,,2,Timestamps,3,0.549021,0.815165,,,
shellcheck,SC2003,SC2003,SR 1.4,SR,,1,Identifier management,1,0.519585,1.0,,,
shellcheck,SC2003,SC2003,SR 3.7,SR,,3,Error handling,2,0.510192,0.904536,,,
shellcheck,SC2003,SC2003,SR 3.5,SR,,3,Input validation,3,0.506575,0.869821,,,
shellcheck,SC2003,SC2003,SR 3.2 RE 1,RE,SR 3.2,3,Malicious code protection on entry and exit points,4,0.504701,0.852273,,,
shellcheck,SC2003,SC2003,SR 1.7 RE 1,RE,SR 1.7,1,Password generation and lifetime restrictions for human users,5,0.501388,0.821955,,,
shellcheck,SC2003,SC2003,SR 3.8 RE 2,RE,SR 3.8,3,Unique session ID generation,6,0.499679,0.806664,,,
shellcheck,SC2003,SC2003,SR 3.3,SR,,3,Security functionality verification,7,0.495081,0.766673,,,
shellcheck,SC2003,SC2003,SR 1.7,SR,,1,Strength of password-based authentication,8,0.493957,0.757147,,,
shellcheck,SC2003,SC2003,SR 2.11,SR,,2,Timestamps,9,0.490926,0.731947,,,
shellcheck,SC2003,SC2003,SR 3.8 RE 3,RE,SR 3.8,3,Randomness of session IDs,10,0.488284,0.710537,,,
shellcheck,SC2004,SC2004,SR 7.1 RE 1,RE,SR 7.1,7,Manage communication loads,1,0.520811,1.0,,,
shellcheck,SC2004,SC2004,SR 3.5,SR,,3,Input validation,2,0.511491,0.905459,,,
shellcheck,SC2004,SC2004,SR 3.8 RE 2,RE,SR 3.8,3,Unique session ID generation,3,0.505832,0.851709,,,
shellcheck,SC2004,SC2004,SR 3.7,SR,,3,Error handling,4,0.505152,0.845435,,,
shellcheck,SC2004,SC2004,SR 7.1,SR,,7,Denial of service protection,5,0.496039,0.764886,,,
shellcheck,SC2004,SC2004,SR 4.2 RE 1,RE,SR 4.2,4,Purging of shared memory resources,6,0.495088,0.756851,,,
shellcheck,SC2004,SC2004,SR 2.4 RE 1,RE,SR 2.4,2,Mobile code integrity check,7,0.493883,0.746776,,,
shellcheck,SC2004,SC2004,SR 3.2 RE 1,RE,SR 3.2,3,Malicious code protection on entry and exit points,8,0.492913,0.738748,,,
shellcheck,SC2004,SC2004,SR 3.8 RE 3,RE,SR 3.8,3,Randomness of session IDs,9,0.492705,0.737029,,,
shellcheck,SC2004,SC2004,SR 3.8,SR,,3,Session integrity,10,0.490438,0.718576,,,
shellcheck,SC2005,SC2005,SR 3.5,SR,,3,Input validation,1,0.535321,1.0,,,
shellcheck,SC2005,SC2005,SR 7.1 RE 1,RE,SR 7.1,7,Manage communication loads,2,0.513391,0.794487,,,
shellcheck,SC2005,SC2005,SR 3.7,SR,,3,Error handling,3,0.510937,0.773818,,,
shellcheck,SC2005,SC2005,SR 3.2 RE 1,RE,SR 3.2,3,Malicious code protection on entry and exit points,4,0.499168,0.680734,,,
shellcheck,SC2006,SC2006,SR 5.2 RE 2,RE,SR 5.2,5,Island mode,1,0.537238,1.0,,,
shellcheck,SC2006,SC2006,SR 7.1,SR,,7,Denial of service protection,2,0.526859,0.898262,,,
shellcheck,SC2006,SC2006,SR 3.7,SR,,3,Error handling,3,0.526622,0.896038,,,
shellcheck,SC2006,SC2006,SR 2.12 RE 1,RE,SR 2.12,2,Non-repudiation for all users,4,0.5241,0.872694,,,
shellcheck,SC2006,SC2006,SR 3.2 RE 1,RE,SR 3.2,3,Malicious code protection on entry and exit points,5,0.520542,0.840604,,,
shellcheck,SC2006,SC2006,SR 7.1 RE 1,RE,SR 7.1,7,Manage communication loads,6,0.51838,0.821576,,,
shellcheck,SC2006,SC2006,SR 4.2 RE 1,RE,SR 4.2,4,Purging of shared memory resources,7,0.511534,0.763646,,,
shellcheck,SC2006,SC2006,SR 7.6 RE 1,RE,SR 7.6,7,Machine-readable reporting of current security settings,8,0.510415,0.754506,,,
shellcheck,SC2006,SC2006,SR 5.2 RE 3,RE,SR 5.2,5,Fail close,9,0.507831,0.733738,,,
shellcheck,SC2006,SC2006,SR 3.5,SR,,3,Input validation,10,0.506526,0.723428,,,
shellcheck,SC2007,Use $((..)) instead of deprecated $[..].,SR 3.5,SR,,3,Input validation,1,0.507737,1.0,,,
shellcheck,SC2007,Use $((..)) instead of deprecated $[..].,SR 7.1 RE 1,RE,SR 7.1,7,Manage communication loads,2,0.488086,0.804858,,,
shellcheck,SC2007,Use $((..)) instead of deprecated $[..].,SR 3.7,SR,,3,Error handling,3,0.487481,0.799389,,,
shellcheck,SC2007,Use $((..)) instead of deprecated $[..].,SR 1.4,SR,,1,Identifier management,4,0.487284,0.797611,,,
shellcheck,SC2007,Use $((..)) instead of deprecated $[..].,SR 7.7,SR,,7,Least functionality,5,0.483531,0.764401,,,
shellcheck,SC2007,Use $((..)) instead of deprecated $[..].,SR 5.2 RE 3,RE,SR 5.2,5,Fail close,6,0.481921,0.750507,,,
shellcheck,SC2007,Use $((..)) instead of deprecated $[..].,SR 1.7 RE 1,RE,SR 1.7,1,Password generation and lifetime restrictions for human users,7,0.481666,0.748328,,,
shellcheck,SC2007,Use $((..)) instead of deprecated $[..].,SR 2.11,SR,,2,Timestamps,8,0.4805,0.738416,,,
shellcheck,SC2007,Use $((..)) instead of deprecated $[..].,SR 7.1,SR,,7,Denial of service protection,9,0.477948,0.717102,,,
shellcheck,SC2007,Use $((..)) instead of deprecated $[..].,SR 3.3,SR,,3,Security functionality verification,10,0.477036,0.709608,,,
shellcheck,SC2008,"echo doesn't read from stdin, are you sure you should be piping to it?",SR 3.5,SR,,3,Input validation,1,0.499356,1.0,,,
shellcheck,SC2009,Consider using pgrep instead of grepping ps output.,SR 3.7,SR,,3,Error handling,1,0.564709,1.0,,,
shellcheck,SC2009,Consider using pgrep instead of grepping ps output.,SR 7.1,SR,,7,Denial of service protection,2,0.548993,0.856214,,,
shellcheck,SC2009,Consider using pgrep instead of grepping ps output.,SR 1.5 RE 1,RE,SR 1.5,1,Hardware security for software process identity credentials,3,0.543535,0.810433,,,
shellcheck,SC2009,Consider using pgrep instead of grepping ps output.,SR 2.11,SR,,2,Timestamps,4,0.539937,0.781359,,,
shellcheck,SC2009,Consider using pgrep instead of grepping ps output.,SR 3.3,SR,,3,Security functionality verification,5,0.539731,0.779724,,,
shellcheck,SC2009,Consider using pgrep instead of grepping ps output.,SR 7.6 RE 1,RE,SR 7.6,7,Machine-readable reporting of current security settings,6,0.537573,0.762732,,,
shellcheck,SC2009,Consider using pgrep instead of grepping ps output.,SR 7.3,SR,,7,Control system backup,7,0.537198,0.75981,,,
shellcheck,SC2009,Consider using pgrep instead of grepping ps output.,SR 2.10,SR,,2,Response to audit processing failures,8,0.536478,0.754223,,,
shellcheck,SC2009,Consider using pgrep instead of grepping ps output.,SR 3.6,SR,,3,Deterministic output,9,0.530015,0.705587,,,
shellcheck,SC2009,Consider using pgrep instead of grepping ps output.,SR 1.2,SR,,1,Software process and device identification and authentication,10,0.529804,0.704042,,,
shellcheck,SC2010,Don't use ls | grep. Use a glob or a for loop with a condition to allow non-alphanumeric filenames.,SR 1.4,SR,,1,Identifier management,1,0.534362,1.0,,,
shellcheck,SC2010,Don't use ls | grep. Use a glob or a for loop with a condition to allow non-alphanumeric filenames.,SR 2.11,SR,,2,Timestamps,2,0.526614,0.922812,,,
shellcheck,SC2010,Don't use ls | grep. Use a glob or a for loop with a condition to allow non-alphanumeric filenames.,SR 7.3,SR,,7,Control system backup,3,0.521021,0.870181,,,
shellcheck,SC2010,Don't use ls | grep. Use a glob or a for loop with a condition to allow non-alphanumeric filenames.,SR 3.7,SR,,3,Error handling,4,0.504744,0.730795,,,
shellcheck,SC2010,Don't use ls | grep. Use a glob or a for loop with a condition to allow non-alphanumeric filenames.,SR 2.9 RE 1,RE,SR 2.9,2,Warn when audit record storage capacity threshold reached,5,0.49954,0.690301,,,
shellcheck,SC2011,Use find -print0 or find -exec to better handle non-alphanumeric filenames.,SR 3.7,SR,,3,Error handling,1,0.517623,1.0,,,
shellcheck,SC2011,Use find -print0 or find -exec to better handle non-alphanumeric filenames.,SR 1.4,SR,,1,Identifier management,2,0.513,0.951856,,,
shellcheck,SC2011,Use find -print0 or find -exec to better handle non-alphanumeric filenames.,SR 2.11,SR,,2,Timestamps,3,0.486301,0.709418,,,
shellcheck,SC2011,Use find -print0 or find -exec to better handle non-alphanumeric filenames.,SR 2.9 RE 1,RE,SR 2.9,2,Warn when audit record storage capacity threshold reached,4,0.483215,0.685013,,,
shellcheck,SC2011,Use find -print0 or find -exec to better handle non-alphanumeric filenames.,SR 7.3,SR,,7,Control system backup,5,0.482799,0.681772,,,
shellcheck,SC2012,Use find instead of ls to better handle non-alphanumeric filenames.,SR 1.4,SR,,1,Identifier management,1,0.559438,1.0,,,
shellcheck,SC2012,Use find instead of ls to better handle non-alphanumeric filenames.,SR 7.3,SR,,7,Control system backup,2,0.534188,0.775684,,,
shellcheck,SC2012,Use find instead of ls to better handle non-alphanumeric filenames.,SR 2.12 RE 1,RE,SR 2.12,2,Non-repudiation for all users,3,0.523534,0.694324,,,
shellcheck,SC2013,"To read lines rather than words, pipe/redirect to a while read loop.",SR 3.5,SR,,3,Input validation,1,0.516233,1.0,,,
shellcheck,SC2013,"To read lines rather than words, pipe/redirect to a while read loop.",SR 7.3,SR,,7,Control system backup,2,0.494407,0.788526,,,
shellcheck,SC2013,"To read lines rather than words, pipe/redirect to a while read loop.",SR 4.2,SR,,4,Information persistence,3,0.491857,0.766413,,,
shellcheck,SC2013,"To read lines rather than words, pipe/redirect to a while read loop.",SR 6.1,SR,,6,Audit log accessibility,4,0.491307,0.761712,,,
shellcheck,SC2013,"To read lines rather than words, pipe/redirect to a while read loop.",SR 7.6 RE 1,RE,SR 7.6,7,Machine-readable reporting of current security settings,5,0.488857,0.74105,,,
shellcheck,SC2013,"To read lines rather than words, pipe/redirect to a while read loop.",SR 6.1 RE 1,RE,SR 6.1,6,Programmatic access to audit logs,6,0.487827,0.73251,,,
shellcheck,SC2013,"To read lines rather than words, pipe/redirect to a while read loop.",SR 5.2 RE 3,RE,SR 5.2,5,Fail close,7,0.487313,0.728276,,,
shellcheck,SC2013,"To read lines rather than words, pipe/redirect to a while read loop.",SR 3.7,SR,,3,Error handling,8,0.482096,0.686408,,,
shellcheck,SC2014,"This will expand once before find runs, not per file found.",SR 2.9,SR,,2,Audit storage capacity,1,0.483644,1.0,,,
shellcheck,SC2014,"This will expand once before find runs, not per file found.",SR 7.3,SR,,7,Control system backup,2,0.479426,0.952967,,,
shellcheck,SC2014,"This will expand once before find runs, not per file found.",SR 3.9 RE 1,RE,SR 3.9,3,Audit records on write-once media,3,0.475559,0.911452,,,
shellcheck,SC2014,"This will expand once before find runs, not per file found.",SR 2.11,SR,,2,Timestamps,4,0.475474,0.910551,,,
shellcheck,SC2014,"This will expand once before find runs, not per file found.",SR 2.9 RE 1,RE,SR 2.9,2,Warn when audit record storage capacity threshold reached,5,0.474727,0.902713,,,
shellcheck,SC2014,"This will expand once before find runs, not per file found.",SR 1.11,SR,,1,Unsuccessful login attempts,6,0.474159,0.896793,,,
shellcheck,SC2014,"This will expand once before find runs, not per file found.",SR 5.4,SR,,5,Application partitioning,7,0.472062,0.875191,,,
shellcheck,SC2014,"This will expand once before find runs, not per file found.",SR 5.2 RE 3,RE,SR 5.2,5,Fail close,8,0.471275,0.867198,,,
shellcheck,SC2014,"This will expand once before find runs, not per file found.",SR 2.12 RE 1,RE,SR 2.12,2,Non-repudiation for all users,9,0.464693,0.802642,,,
shellcheck,SC2014,"This will expand once before find runs, not per file found.",SR 3.2 RE 1,RE,SR 3.2,3,Malicious code protection on entry and exit points,10,0.464613,0.801885,,,
shellcheck,SC2015,SC2015,SR 4.2,SR,,4,Information persistence,1,0.529263,1.0,,,
shellcheck,SC2015,SC2015,SR 4.2 RE 1,RE,SR 4.2,4,Purging of shared memory resources,2,0.515206,0.862383,,,
shellcheck,SC2015,SC2015,SR 5.2 RE 3,RE,SR 5.2,5,Fail close,3,0.510886,0.823354,,,
shellcheck,SC2015,SC2015,SR 3.8 RE 1,RE,SR 3.8,3,Invalidation of session IDs after session termination,4,0.505555,0.777202,,,
shellcheck,SC2015,SC2015,SR 3.5,SR,,3,Input validation,5,0.505362,0.775573,,,
shellcheck,SC2015,SC2015,SR 7.3,SR,,7,Control system backup,6,0.497715,0.713181,,,
shellcheck,SC2015,SC2015,SR 2.4 RE 1,RE,SR 2.4,2,Mobile code integrity check,7,0.496274,0.701897,,,
shellcheck,SC2016,SC2016,SR 3.5,SR,,3,Input validation,1,0.487522,1.0,,,
shellcheck,SC2016,SC2016,SR 7.6 RE 1,RE,SR 7.6,7,Machine-readable reporting of current security settings,2,0.486908,0.993094,,,
shellcheck,SC2016,SC2016,SR 5.2 RE 3,RE,SR 5.2,5,Fail close,3,0.486347,0.98682,,,
shellcheck,SC2016,SC2016,SR 3.7,SR,,3,Error handling,4,0.482732,0.947141,,,
shellcheck,SC2016,SC2016,SR 1.4,SR,,1,Identifier management,5,0.481843,0.937596,,,
shellcheck,SC2016,SC2016,SR 7.1 RE 1,RE,SR 7.1,7,Manage communication loads,6,0.480791,0.92639,,,
shellcheck,SC2016,SC2016,SR 3.2 RE 1,RE,SR 3.2,3,Malicious code protection on entry and exit points,7,0.476523,0.882047,,,
shellcheck,SC2016,SC2016,SR 2.11,SR,,2,Timestamps,8,0.474151,0.858177,,,
shellcheck,SC2016,SC2016,SR 3.8 RE 2,RE,SR 3.8,3,Unique session ID generation,9,0.468718,0.805467,,,
shellcheck,SC2016,SC2016,SR 1.7 RE 1,RE,SR 1.7,1,Password generation and lifetime restrictions for human users,10,0.465369,0.774317,,,
shellcheck,SC2017,Increase precision by replacing a/bc with ac/b.,SR 3.7,SR,,3,Error handling,1,0.519685,1.0,,,
shellcheck,SC2017,Increase precision by replacing a/bc with ac/b.,SR 2.11 RE 1,RE,SR 2.11,2,Internal time synchronization,2,0.499935,0.808079,,,
shellcheck,SC2017,Increase precision by replacing a/bc with ac/b.,SR 3.3,SR,,3,Security functionality verification,3,0.498323,0.793851,,,
shellcheck,SC2017,Increase precision by replacing a/bc with ac/b.,SR 3.5,SR,,3,Input validation,4,0.488805,0.713958,,,
shellcheck,SC2017,Increase precision by replacing a/bc with ac/b.,SR 7.7,SR,,7,Least functionality,5,0.487113,0.700472,,,
shellcheck,SC2017,Increase precision by replacing a/bc with ac/b.,SR 7.3 RE 2,RE,SR 7.3,7,Backup automation,6,0.487,0.699576,,,
shellcheck,SC2017,Increase precision by replacing a/bc with ac/b.,SR 3.2,SR,,3,Malicious code protection,7,0.48665,0.696818,,,
shellcheck,SC2018,Use [:lower:] to support accents and foreign alphabets.,SR 3.5,SR,,3,Input validation,1,0.531878,1.0,,,
shellcheck,SC2018,Use [:lower:] to support accents and foreign alphabets.,SR 2.4,SR,,2,Mobile code,2,0.528104,0.961584,,,
shellcheck,SC2018,Use [:lower:] to support accents and foreign alphabets.,SR 5.2 RE 2,RE,SR 5.2,5,Island mode,3,0.51519,0.839172,,,
shellcheck,SC2018,Use [:lower:] to support accents and foreign alphabets.,SR 1.4,SR,,1,Identifier management,4,0.514628,0.834158,,,
shellcheck,SC2018,Use [:lower:] to support accents and foreign alphabets.,SR 3.7,SR,,3,Error handling,5,0.508678,0.782468,,,
shellcheck,SC2018,Use [:lower:] to support accents and foreign alphabets.,SR 1.5 RE 1,RE,SR 1.5,1,Hardware security for software process identity credentials,6,0.506587,0.764945,,,
shellcheck,SC2018,Use [:lower:] to support accents and foreign alphabets.,SR 3.2 RE 1,RE,SR 3.2,3,Malicious code protection on entry and exit points,7,0.504625,0.748794,,,
shellcheck,SC2018,Use [:lower:] to support accents and foreign alphabets.,SR 2.4 RE 1,RE,SR 2.4,2,Mobile code integrity check,8,0.504189,0.745237,,,
shellcheck,SC2018,Use [:lower:] to support accents and foreign alphabets.,SR 7.7,SR,,7,Least functionality,9,0.499781,0.710099,,,
shellcheck,SC2018,Use [:lower:] to support accents and foreign alphabets.,SR 1.7,SR,,1,Strength of password-based authentication,10,0.497831,0.694997,,,
shellcheck,SC2019,Use [:upper:] to support accents and foreign alphabets.,SR 1.7,SR,,1,Strength of password-based authentication,1,0.502102,1.0,,,
shellcheck,SC2019,Use [:upper:] to support accents and foreign alphabets.,SR 3.5,SR,,3,Input validation,2,0.495883,0.933751,,,
shellcheck,SC2019,Use [:upper:] to support accents and foreign alphabets.,SR 1.4,SR,,1,Identifier management,3,0.494181,0.916258,,,
shellcheck,SC2019,Use [:upper:] to support accents and foreign alphabets.,SR 7.6 RE 1,RE,SR 7.6,7,Machine-readable reporting of current security settings,4,0.493839,0.912778,,,
shellcheck,SC2019,Use [:upper:] to support accents and foreign alphabets.,SR 2.11,SR,,2,Timestamps,5,0.492737,0.901636,,,
shellcheck,SC2019,Use [:upper:] to support accents and foreign alphabets.,SR 1.3 RE 1,RE,SR 1.3,1,Unified account management,6,0.483036,0.808223,,,
shellcheck,SC2019,Use [:upper:] to support accents and foreign alphabets.,SR 1.7 RE 1,RE,SR 1.7,1,Password generation and lifetime restrictions for human users,7,0.482382,0.802231,,,
shellcheck,SC2019,Use [:upper:] to support accents and foreign alphabets.,SR 2.1 RE 3,RE,SR 2.1,2,Supervisor override,8,0.47384,0.727145,,,
shellcheck,SC2019,Use [:upper:] to support accents and foreign alphabets.,SR 4.1 RE 2,RE,SR 4.1,4,Protection of confidentiality across zone boundaries,9,0.470676,0.700841,,,
shellcheck,SC2019,Use [:upper:] to support accents and foreign alphabets.,SR 2.12 RE 1,RE,SR 2.12,2,Non-repudiation for all users,10,0.470248,0.697343,,,
shellcheck,SC2020,"tr replaces sets of chars, not words (mentioned due to duplicates).",SR 3.5,SR,,3,Input validation,1,0.513555,1.0,,,
shellcheck,SC2020,"tr replaces sets of chars, not words (mentioned due to duplicates).",SR 1.7 RE 1,RE,SR 1.7,1,Password generation and lifetime restrictions for human users,2,0.495416,0.820557,,,
shellcheck,SC2020,"tr replaces sets of chars, not words (mentioned due to duplicates).",SR 3.8 RE 1,RE,SR 3.8,3,Invalidation of session IDs after session termination,3,0.493303,0.801494,,,
shellcheck,SC2020,"tr replaces sets of chars, not words (mentioned due to duplicates).",SR 3.2 RE 1,RE,SR 3.2,3,Malicious code protection on entry and exit points,4,0.493071,0.799417,,,
shellcheck,SC2020,"tr replaces sets of chars, not words (mentioned due to duplicates).",SR 5.2 RE 3,RE,SR 5.2,5,Fail close,5,0.487107,0.747669,,,
shellcheck,SC2020,"tr replaces sets of chars, not words (mentioned due to duplicates).",SR 2.11,SR,,2,Timestamps,6,0.486606,0.743448,,,
shellcheck,SC2020,"tr replaces sets of chars, not words (mentioned due to duplicates).",SR 7.6 RE 1,RE,SR 7.6,7,Machine-readable reporting of current security settings,7,0.481788,0.703855,,,
shellcheck,SC2021,"Don't use [] around ranges in tr, it replaces literal square brackets.",SR 3.5,SR,,3,Input validation,1,0.516169,1.0,,,
shellcheck,SC2021,"Don't use [] around ranges in tr, it replaces literal square brackets.",SR 2.11,SR,,2,Timestamps,2,0.510935,0.945484,,,
shellcheck,SC2021,"Don't use [] around ranges in tr, it replaces literal square brackets.",SR 3.7,SR,,3,Error handling,3,0.510862,0.944736,,,
shellcheck,SC2021,"Don't use [] around ranges in tr, it replaces literal square brackets.",SR 3.2 RE 1,RE,SR 3.2,3,Malicious code protection on entry and exit points,4,0.510312,0.939161,,,
shellcheck,SC2021,"Don't use [] around ranges in tr, it replaces literal square brackets.",SR 5.2 RE 3,RE,SR 5.2,5,Fail close,5,0.502908,0.866625,,,
shellcheck,SC2021,"Don't use [] around ranges in tr, it replaces literal square brackets.",SR 4.1 RE 2,RE,SR 4.1,4,Protection of confidentiality across zone boundaries,6,0.494657,0.791255,,,
shellcheck,SC2021,"Don't use [] around ranges in tr, it replaces literal square brackets.",SR 1.4,SR,,1,Identifier management,7,0.492229,0.770123,,,
shellcheck,SC2021,"Don't use [] around ranges in tr, it replaces literal square brackets.",SR 4.2 RE 1,RE,SR 4.2,4,Purging of shared memory resources,8,0.490258,0.753315,,,
shellcheck,SC2021,"Don't use [] around ranges in tr, it replaces literal square brackets.",SR 3.2,SR,,3,Malicious code protection,9,0.486709,0.723806,,,
shellcheck,SC2021,"Don't use [] around ranges in tr, it replaces literal square brackets.",SR 5.2 RE 2,RE,SR 5.2,5,Island mode,10,0.483857,0.700785,,,
shellcheck,SC2022,"Note that unlike globs, o* here matches ooo but not oscar.",SR 2.11,SR,,2,Timestamps,1,0.515675,1.0,,,
shellcheck,SC2022,"Note that unlike globs, o* here matches ooo but not oscar.",SR 3.2 RE 1,RE,SR 3.2,3,Malicious code protection on entry and exit points,2,0.502353,0.865921,,,
shellcheck,SC2022,"Note that unlike globs, o* here matches ooo but not oscar.",SR 1.4,SR,,1,Identifier management,3,0.495907,0.806552,,,
shellcheck,SC2022,"Note that unlike globs, o* here matches ooo but not oscar.",SR 3.3,SR,,3,Security functionality verification,4,0.490986,0.763503,,,
shellcheck,SC2022,"Note that unlike globs, o* here matches ooo but not oscar.",SR 3.5,SR,,3,Input validation,5,0.490582,0.760054,,,
shellcheck,SC2022,"Note that unlike globs, o* here matches ooo but not oscar.",SR 1.11,SR,,1,Unsuccessful login attempts,6,0.490086,0.755836,,,
shellcheck,SC2022,"Note that unlike globs, o* here matches ooo but not oscar.",SR 1.7 RE 1,RE,SR 1.7,1,Password generation and lifetime restrictions for human users,7,0.48894,0.746167,,,
shellcheck,SC2022,"Note that unlike globs, o* here matches ooo but not oscar.",SR 3.7,SR,,3,Error handling,8,0.488289,0.740715,,,
shellcheck,SC2022,"Note that unlike globs, o* here matches ooo but not oscar.",SR 2.12 RE 1,RE,SR 2.12,2,Non-repudiation for all users,9,0.484857,0.71253,,,
shellcheck,SC2023,The shell may override time as seen in man time(1). Use command time .. for that one.,SR 2.1 RE 3,RE,SR 2.1,2,Supervisor override,1,0.627089,1.0,,,
shellcheck,SC2023,The shell may override time as seen in man time(1). Use command time .. for that one.,SR 2.11 RE 1,RE,SR 2.11,2,Internal time synchronization,2,0.605715,0.826353,,,
shellcheck,SC2023,The shell may override time as seen in man time(1). Use command time .. for that one.,SR 2.11 RE 2,RE,SR 2.11,2,Protection of time source integrity,3,0.597245,0.764765,,,
shellcheck,SC2024,sudo doesn't affect redirects. Use ..| sudo tee file,SR 1.11,SR,,1,Unsuccessful login attempts,1,0.542153,1.0,,,
shellcheck,SC2024,sudo doesn't affect redirects. Use ..| sudo tee file,SR 7.3,SR,,7,Control system backup,2,0.530844,0.890525,,,
shellcheck,SC2024,sudo doesn't affect redirects. Use ..| sudo tee file,SR 5.2 RE 3,RE,SR 5.2,5,Fail close,3,0.528738,0.871265,,,
shellcheck,SC2024,sudo doesn't affect redirects. Use ..| sudo tee file,SR 3.2 RE 1,RE,SR 3.2,3,Malicious code protection on entry and exit points,4,0.519716,0.79258,,,
shellcheck,SC2024,sudo doesn't affect redirects. Use ..| sudo tee file,SR 3.7,SR,,3,Error handling,5,0.517537,0.77447,,,
shellcheck,SC2024,sudo doesn't affect redirects. Use ..| sudo tee file,SR 7.1,SR,,7,Denial of service protection,6,0.516413,0.765264,,,
shellcheck,SC2024,sudo doesn't affect redirects. Use ..| sudo tee file,SR 7.6 RE 1,RE,SR 7.6,7,Machine-readable reporting of current security settings,7,0.5151,0.754625,,,
shellcheck,SC2024,sudo doesn't affect redirects. Use ..| sudo tee file,SR 3.4,SR,,3,Software and information integrity,8,0.514861,0.752703,,,
shellcheck,SC2024,sudo doesn't affect redirects. Use ..| sudo tee file,SR 3.8 RE 1,RE,SR 3.8,3,Invalidation of session IDs after session termination,9,0.513344,0.740584,,,
shellcheck,SC2024,sudo doesn't affect redirects. Use ..| sudo tee file,SR 2.4,SR,,2,Mobile code,10,0.50929,0.708986,,,
shellcheck,SC2025,Make sure all escape sequences are enclosed in \[..\] to prevent line wrapping issues.,SR 3.2 RE 1,RE,SR 3.2,3,Malicious code protection on entry and exit points,1,0.60394,1.0,,,
shellcheck,SC2025,Make sure all escape sequences are enclosed in \[..\] to prevent line wrapping issues.,SR 1.7 RE 1,RE,SR 1.7,1,Password generation and lifetime restrictions for human users,2,0.583043,0.823928,,,
shellcheck,SC2025,Make sure all escape sequences are enclosed in \[..\] to prevent line wrapping issues.,SR 3.7,SR,,3,Error handling,3,0.56912,0.72137,,,
shellcheck,SC2025,Make sure all escape sequences are enclosed in \[..\] to prevent line wrapping issues.,SR 3.2,SR,,3,Malicious code protection,4,0.566437,0.702862,,,
shellcheck,SC2025,Make sure all escape sequences are enclosed in \[..\] to prevent line wrapping issues.,SR 3.5,SR,,3,Input validation,5,0.564363,0.688821,,,
shellcheck,SC2025,Make sure all escape sequences are enclosed in \[..\] to prevent line wrapping issues.,SR 1.5 RE 1,RE,SR 1.5,1,Hardware security for software process identity credentials,6,0.564066,0.68683,,,
shellcheck,SC2026,"This word is outside of quotes. Did you intend to 'nest '""'single quotes'""' instead?",SR 1.11,SR,,1,Unsuccessful login attempts,1,0.546695,1.0,,,
shellcheck,SC2026,"This word is outside of quotes. Did you intend to 'nest '""'single quotes'""' instead?",SR 3.2 RE 1,RE,SR 3.2,3,Malicious code protection on entry and exit points,2,0.541766,0.9514,,,
shellcheck,SC2026,"This word is outside of quotes. Did you intend to 'nest '""'single quotes'""' instead?",SR 1.5 RE 1,RE,SR 1.5,1,Hardware security for software process identity credentials,3,0.54105,0.944512,,,
shellcheck,SC2026,"This word is outside of quotes. Did you intend to 'nest '""'single quotes'""' instead?",SR 1.7 RE 1,RE,SR 1.7,1,Password generation and lifetime restrictions for human users,4,0.535784,0.89504,,,
shellcheck,SC2026,"This word is outside of quotes. Did you intend to 'nest '""'single quotes'""' instead?",SR 5.2 RE 3,RE,SR 5.2,5,Fail close,5,0.535164,0.889365,,,
shellcheck,SC2026,"This word is outside of quotes. Did you intend to 'nest '""'single quotes'""' instead?",SR 1.2 RE 1,RE,SR 1.2,1,Unique identification and authentication,6,0.5341,0.879682,,,
shellcheck,SC2026,"This word is outside of quotes. Did you intend to 'nest '""'single quotes'""' instead?",SR 3.7,SR,,3,Error handling,7,0.532793,0.867903,,,
shellcheck,SC2026,"This word is outside of quotes. Did you intend to 'nest '""'single quotes'""' instead?",SR 2.11,SR,,2,Timestamps,8,0.531959,0.86046,,,
shellcheck,SC2026,"This word is outside of quotes. Did you intend to 'nest '""'single quotes'""' instead?",SR 5.2 RE 2,RE,SR 5.2,5,Island mode,9,0.531896,0.859898,,,
shellcheck,SC2026,"This word is outside of quotes. Did you intend to 'nest '""'single quotes'""' instead?",SR 3.5,SR,,3,Input validation,10,0.527239,0.819293,,,
shellcheck,SC2027,The surrounding quotes actually unquote this. Remove or escape them.,SR 3.2 RE 1,RE,SR 3.2,3,Malicious code protection on entry and exit points,1,0.50977,1.0,,,
shellcheck,SC2027,The surrounding quotes actually unquote this. Remove or escape them.,SR 4.2 RE 1,RE,SR 4.2,4,Purging of shared memory resources,2,0.503912,0.938411,,,
shellcheck,SC2027,The surrounding quotes actually unquote this. Remove or escape them.,SR 7.1,SR,,7,Denial of service protection,3,0.501627,0.915244,,,
shellcheck,SC2027,The surrounding quotes actually unquote this. Remove or escape them.,SR 3.7,SR,,3,Error handling,4,0.499454,0.893649,,,
shellcheck,SC2027,The surrounding quotes actually unquote this. Remove or escape them.,SR 7.6 RE 1,RE,SR 7.6,7,Machine-readable reporting of current security settings,5,0.485854,0.767761,,,
shellcheck,SC2027,The surrounding quotes actually unquote this. Remove or escape them.,SR 3.2,SR,,3,Malicious code protection,6,0.484179,0.753314,,,
shellcheck,SC2027,The surrounding quotes actually unquote this. Remove or escape them.,SR 7.1 RE 2,RE,SR 7.1,7,Limit DoS effects to other systems or networks,7,0.482788,0.741485,,,
shellcheck,SC2027,The surrounding quotes actually unquote this. Remove or escape them.,SR 1.7 RE 1,RE,SR 1.7,1,Password generation and lifetime restrictions for human users,8,0.479451,0.713736,,,
shellcheck,SC2027,The surrounding quotes actually unquote this. Remove or escape them.,SR 5.2 RE 1,RE,SR 5.2,5,"Deny by default, allow by exception",9,0.478283,0.704224,,,
shellcheck,SC2027,The surrounding quotes actually unquote this. Remove or escape them.,SR 5.2 RE 2,RE,SR 5.2,5,Island mode,10,0.477112,0.694793,,,
shellcheck,SC2028,echo won't expand escape sequences. Consider printf.,SR 1.7 RE 1,RE,SR 1.7,1,Password generation and lifetime restrictions for human users,1,0.50163,1.0,,,
shellcheck,SC2028,echo won't expand escape sequences. Consider printf.,SR 5.2 RE 3,RE,SR 5.2,5,Fail close,2,0.495087,0.930333,,,
shellcheck,SC2028,echo won't expand escape sequences. Consider printf.,SR 3.2 RE 1,RE,SR 3.2,3,Malicious code protection on entry and exit points,3,0.491696,0.895823,,,
shellcheck,SC2028,echo won't expand escape sequences. Consider printf.,SR 2.11,SR,,2,Timestamps,4,0.4899,0.877976,,,
shellcheck,SC2028,echo won't expand escape sequences. Consider printf.,SR 1.4,SR,,1,Identifier management,5,0.48529,0.833491,,,
shellcheck,SC2028,echo won't expand escape sequences. Consider printf.,SR 1.11,SR,,1,Unsuccessful login attempts,6,0.483826,0.819756,,,
shellcheck,SC2028,echo won't expand escape sequences. Consider printf.,SR 3.5,SR,,3,Input validation,7,0.483752,0.819068,,,
shellcheck,SC2028,echo won't expand escape sequences. Consider printf.,SR 7.1 RE 1,RE,SR 7.1,7,Manage communication loads,8,0.480858,0.792473,,,
shellcheck,SC2028,echo won't expand escape sequences. Consider printf.,SR 7.6 RE 1,RE,SR 7.6,7,Machine-readable reporting of current security settings,9,0.478116,0.767935,,,
shellcheck,SC2028,echo won't expand escape sequences. Consider printf.,SR 1.7,SR,,1,Strength of password-based authentication,10,0.473647,0.729278,,,
shellcheck,SC2029,"Note that, unescaped, this expands on the client side.",SR 7.6 RE 1,RE,SR 7.6,7,Machine-readable reporting of current security settings,1,0.509815,1.0,,,
shellcheck,SC2029,"Note that, unescaped, this expands on the client side.",SR 5.2 RE 2,RE,SR 5.2,5,Island mode,2,0.503882,0.937649,,,
shellcheck,SC2029,"Note that, unescaped, this expands on the client side.",SR 7.1,SR,,7,Denial of service protection,3,0.502922,0.927859,,,
shellcheck,SC2029,"Note that, unescaped, this expands on the client side.",SR 1.13 RE 1,RE,SR 1.13,1,Explicit access request approval,4,0.49926,0.891305,,,
shellcheck,SC2029,"Note that, unescaped, this expands on the client side.",SR 7.1 RE 1,RE,SR 7.1,7,Manage communication loads,5,0.494472,0.845298,,,
shellcheck,SC2029,"Note that, unescaped, this expands on the client side.",SR 1.5 RE 1,RE,SR 1.5,1,Hardware security for software process identity credentials,6,0.493065,0.832152,,,
shellcheck,SC2029,"Note that, unescaped, this expands on the client side.",SR 1.9,SR,,1,Strength of public key authentication,7,0.483202,0.74463,,,
shellcheck,SC2029,"Note that, unescaped, this expands on the client side.",SR 1.9 RE 1,RE,SR 1.9,1,Hardware security for public key authentication,8,0.481263,0.728339,,,
shellcheck,SC2029,"Note that, unescaped, this expands on the client side.",SR 1.8,SR,,1,Public key infrastructure (PKI) certificates,9,0.480371,0.720945,,,
shellcheck,SC2029,"Note that, unescaped, this expands on the client side.",SR 5.2 RE 3,RE,SR 5.2,5,Fail close,10,0.480298,0.72034,,,
shellcheck,SC2030,SC2030,SR 3.3,SR,,3,Security functionality verification,1,0.506819,1.0,,,
shellcheck,SC2030,SC2030,SR 3.8 RE 3,RE,SR 3.8,3,Randomness of session IDs,2,0.484482,0.780436,,,
shellcheck,SC2030,SC2030,SR 5.4,SR,,5,Application partitioning,3,0.483544,0.772156,,,
shellcheck,SC2030,SC2030,SR 3.3 RE 1,RE,SR 3.3,3,Automated mechanisms for security functionality verification,4,0.482714,0.764899,,,
shellcheck,SC2030,SC2030,SR 3.6,SR,,3,Deterministic output,5,0.477719,0.722369,,,
shellcheck,SC2031,SC2031,SR 3.6,SR,,3,Deterministic output,1,0.546169,1.0,,,
shellcheck,SC2031,SC2031,SR 3.7,SR,,3,Error handling,2,0.545286,0.991149,,,
shellcheck,SC2031,SC2031,SR 3.5,SR,,3,Input validation,3,0.538606,0.926181,,,
shellcheck,SC2031,SC2031,SR 7.3,SR,,7,Control system backup,4,0.537459,0.91538,,,
shellcheck,SC2031,SC2031,SR 5.2 RE 3,RE,SR 5.2,5,Fail close,5,0.534798,0.890733,,,
shellcheck,SC2031,SC2031,SR 1.2,SR,,1,Software process and device identification and authentication,6,0.524179,0.797701,,,
shellcheck,SC2031,SC2031,SR 2.11,SR,,2,Timestamps,7,0.522542,0.784095,,,
shellcheck,SC2031,SC2031,SR 1.4,SR,,1,Identifier management,8,0.52045,0.766985,,,
shellcheck,SC2031,SC2031,SR 3.3,SR,,3,Security functionality verification,9,0.519844,0.762088,,,
shellcheck,SC2031,SC2031,SR 1.5 RE 1,RE,SR 1.5,1,Hardware security for software process identity credentials,10,0.519229,0.757144,,,
shellcheck,SC2032,SC2032,SR 3.3,SR,,3,Security functionality verification,1,0.538738,1.0,,,
shellcheck,SC2032,SC2032,SR 3.8 RE 3,RE,SR 3.8,3,Randomness of session IDs,2,0.510557,0.74416,,,
shellcheck,SC2032,SC2032,SR 3.3 RE 1,RE,SR 3.3,3,Automated mechanisms for security functionality verification,3,0.509426,0.735136,,,
shellcheck,SC2032,SC2032,SR 7.3 RE 1,RE,SR 7.3,7,Backup verification,4,0.508689,0.729309,,,
shellcheck,SC2032,SC2032,SR 3.6,SR,,3,Deterministic output,5,0.507042,0.716412,,,
shellcheck,SC2032,SC2032,SR 3.2 RE 2,RE,SR 3.2,3,Central management and reporting for malicious code protection,6,0.506852,0.714938,,,
shellcheck,SC2032,SC2032,SR 7.6 RE 1,RE,SR 7.6,7,Machine-readable reporting of current security settings,7,0.506761,0.714234,,,
shellcheck,SC2032,SC2032,SR 4.2,SR,,4,Information persistence,8,0.503469,0.689087,,,
shellcheck,SC2032,SC2032,SR 3.3 RE 2,RE,SR 3.3,3,Security functionality verification during normal operation,9,0.503207,0.687117,,,
shellcheck,SC2032,SC2032,SR 3.2 RE 1,RE,SR 3.2,3,Malicious code protection on entry and exit points,10,0.503068,0.686071,,,
shellcheck,SC2033,SC2033,SR 3.7,SR,,3,Error handling,1,0.542594,1.0,,,
shellcheck,SC2033,SC2033,SR 5.2 RE 3,RE,SR 5.2,5,Fail close,2,0.52836,0.863981,,,
shellcheck,SC2033,SC2033,SR 3.2 RE 1,RE,SR 3.2,3,Malicious code protection on entry and exit points,3,0.528359,0.863973,,,
shellcheck,SC2033,SC2033,SR 1.4,SR,,1,Identifier management,4,0.522359,0.811374,,,
shellcheck,SC2033,SC2033,SR 3.3,SR,,3,Security functionality verification,5,0.513938,0.741994,,,
shellcheck,SC2033,SC2033,SR 3.2,SR,,3,Malicious code protection,6,0.508927,0.703067,,,
shellcheck,SC2034,Problematic code:,SR 3.7,SR,,3,Error handling,1,0.513602,1.0,,,
shellcheck,SC2034,Problematic code:,SR 3.2 RE 1,RE,SR 3.2,3,Malicious code protection on entry and exit points,2,0.496466,0.829752,,,
shellcheck,SC2034,Problematic code:,SR 7.1 RE 1,RE,SR 7.1,7,Manage communication loads,3,0.495894,0.824507,,,
shellcheck,SC2034,Problematic code:,SR 2.11,SR,,2,Timestamps,4,0.492436,0.793373,,,
shellcheck,SC2034,Problematic code:,SR 1.11,SR,,1,Unsuccessful login attempts,5,0.492167,0.790991,,,
shellcheck,SC2034,Problematic code:,SR 3.8 RE 3,RE,SR 3.8,3,Randomness of session IDs,6,0.490313,0.774744,,,
shellcheck,SC2034,Problematic code:,SR 3.5,SR,,3,Input validation,7,0.489967,0.771742,,,
shellcheck,SC2034,Problematic code:,SR 7.1,SR,,7,Denial of service protection,8,0.489206,0.765176,,,
shellcheck,SC2034,Problematic code:,SR 2.9 RE 1,RE,SR 2.9,2,Warn when audit record storage capacity threshold reached,9,0.481952,0.704813,,,
shellcheck,SC2034,Problematic code:,SR 3.8,SR,,3,Session integrity,10,0.479377,0.68435,,,
shellcheck,SC2035,Use ./glob or -- glob so names with dashes won't become options.,SR 7.3,SR,,7,Control system backup,1,0.516766,1.0,,,
shellcheck,SC2035,Use ./glob or -- glob so names with dashes won't become options.,SR 2.11,SR,,2,Timestamps,2,0.494468,0.784593,,,
shellcheck,SC2035,Use ./glob or -- glob so names with dashes won't become options.,SR 1.4,SR,,1,Identifier management,3,0.494351,0.78357,,,
shellcheck,SC2035,Use ./glob or -- glob so names with dashes won't become options.,SR 7.1 RE 1,RE,SR 7.1,7,Manage communication loads,4,0.493865,0.77934,,,
shellcheck,SC2035,Use ./glob or -- glob so names with dashes won't become options.,SR 2.9 RE 1,RE,SR 2.9,2,Warn when audit record storage capacity threshold reached,5,0.487288,0.723947,,,
shellcheck,SC2035,Use ./glob or -- glob so names with dashes won't become options.,SR 5.2 RE 3,RE,SR 5.2,5,Fail close,6,0.485305,0.707889,,,
shellcheck,SC2035,Use ./glob or -- glob so names with dashes won't become options.,SR 3.7,SR,,3,Error handling,7,0.482258,0.683789,,,
shellcheck,SC2036,"If you wanted to assign the output of the pipeline, use a=$(b | c) .",SR 3.6,SR,,3,Deterministic output,1,0.567299,1.0,,,
shellcheck,SC2036,"If you wanted to assign the output of the pipeline, use a=$(b | c) .",SR 3.5,SR,,3,Input validation,2,0.540621,0.767265,,,
shellcheck,SC2036,"If you wanted to assign the output of the pipeline, use a=$(b | c) .",SR 3.7,SR,,3,Error handling,3,0.53516,0.725596,,,
shellcheck,SC2037,"To assign the output of a command, use var=$(cmd) .",SR 3.6,SR,,3,Deterministic output,1,0.547062,1.0,,,
shellcheck,SC2037,"To assign the output of a command, use var=$(cmd) .",SR 3.5,SR,,3,Input validation,2,0.526462,0.809693,,,
shellcheck,SC2037,"To assign the output of a command, use var=$(cmd) .",SR 7.6 RE 1,RE,SR 7.6,7,Machine-readable reporting of current security settings,3,0.523819,0.787583,,,
shellcheck,SC2037,"To assign the output of a command, use var=$(cmd) .",SR 1.2,SR,,1,Software process and device identification and authentication,4,0.518135,0.741719,,,
shellcheck,SC2037,"To assign the output of a command, use var=$(cmd) .",SR 1.4,SR,,1,Identifier management,5,0.514398,0.712769,,,
shellcheck,SC2037,"To assign the output of a command, use var=$(cmd) .",SR 1.2 RE 1,RE,SR 1.2,1,Unique identification and authentication,6,0.513569,0.70647,,,
shellcheck,SC2037,"To assign the output of a command, use var=$(cmd) .",SR 2.11,SR,,2,Timestamps,7,0.510969,0.687023,,,
shellcheck,SC2038,Use -print0/-0 or find -exec + to allow for non-alphanumeric filenames.,SR 1.4,SR,,1,Identifier management,1,0.543983,1.0,,,
shellcheck,SC2038,Use -print0/-0 or find -exec + to allow for non-alphanumeric filenames.,SR 3.7,SR,,3,Error handling,2,0.517372,0.758923,,,
shellcheck,SC2038,Use -print0/-0 or find -exec + to allow for non-alphanumeric filenames.,SR 2.11,SR,,2,Timestamps,3,0.516305,0.750354,,,
shellcheck,SC2039,"In POSIX sh, something is undefined.",SR 3.3,SR,,3,Security functionality verification,1,0.485081,1.0,,,
shellcheck,SC2039,"In POSIX sh, something is undefined.",SR 3.7,SR,,3,Error handling,2,0.484935,0.998348,,,
shellcheck,SC2039,"In POSIX sh, something is undefined.",SR 1.5 RE 1,RE,SR 1.5,1,Hardware security for software process identity credentials,3,0.475829,0.899502,,,
shellcheck,SC2039,"In POSIX sh, something is undefined.",SR 4.2 RE 1,RE,SR 4.2,4,Purging of shared memory resources,4,0.464271,0.785709,,,
shellcheck,SC2039,"In POSIX sh, something is undefined.",SR 3.6,SR,,3,Deterministic output,5,0.463318,0.776883,,,
shellcheck,SC2039,"In POSIX sh, something is undefined.",SR 3.2 RE 1,RE,SR 3.2,3,Malicious code protection on entry and exit points,6,0.460836,0.754267,,,
shellcheck,SC2039,"In POSIX sh, something is undefined.",SR 1.2,SR,,1,Software process and device identification and authentication,7,0.458742,0.73561,,,
shellcheck,SC2039,"In POSIX sh, something is undefined.",SR 2.12 RE 1,RE,SR 2.12,2,Non-repudiation for all users,8,0.45726,0.722632,,,
shellcheck,SC2039,"In POSIX sh, something is undefined.",SR 3.5,SR,,3,Input validation,9,0.454772,0.701272,,,
shellcheck,SC2039,"In POSIX sh, something is undefined.",SR 7.6 RE 1,RE,SR 7.6,7,Machine-readable reporting of current security settings,10,0.454378,0.697937,,,
shellcheck,SC2040,"#!/bin/sh was specified, so  is not supported, even when sh is actually bash.",SR 5.4,SR,,5,Application partitioning,1,0.448636,1.0,,,
shellcheck,SC2040,"#!/bin/sh was specified, so  is not supported, even when sh is actually bash.",SR 5.2 RE 3,RE,SR 5.2,5,Fail close,2,0.444546,0.950871,,,
shellcheck,SC2040,"#!/bin/sh was specified, so  is not supported, even when sh is actually bash.",SR 7.1,SR,,7,Denial of service protection,3,0.440031,0.898963,,,
shellcheck,SC2040,"#!/bin/sh was specified, so  is not supported, even when sh is actually bash.",SR 1.5 RE 1,RE,SR 1.5,1,Hardware security for software process identity credentials,4,0.438167,0.878209,,,
shellcheck,SC2040,"#!/bin/sh was specified, so  is not supported, even when sh is actually bash.",SR 1.11,SR,,1,Unsuccessful login attempts,5,0.434863,0.842401,,,
shellcheck,SC2040,"#!/bin/sh was specified, so  is not supported, even when sh is actually bash.",SR 7.3,SR,,7,Control system backup,6,0.427301,0.764926,,,
shellcheck,SC2040,"#!/bin/sh was specified, so  is not supported, even when sh is actually bash.",SR 3.7,SR,,3,Error handling,7,0.425804,0.750304,,,
shellcheck,SC2040,"#!/bin/sh was specified, so  is not supported, even when sh is actually bash.",SR 2.9 RE 1,RE,SR 2.9,2,Warn when audit record storage capacity threshold reached,8,0.423593,0.729117,,,
shellcheck,SC2040,"#!/bin/sh was specified, so  is not supported, even when sh is actually bash.",SR 3.3,SR,,3,Security functionality verification,9,0.419698,0.693005,,,
shellcheck,SC2040,"#!/bin/sh was specified, so  is not supported, even when sh is actually bash.",SR 4.2 RE 1,RE,SR 4.2,4,Purging of shared memory resources,10,0.419098,0.687573,,,
shellcheck,SC2041,"This is a literal string. To run as a command, use $(..) instead of '..' .",SR 3.5,SR,,3,Input validation,1,0.554264,1.0,,,
shellcheck,SC2041,"This is a literal string. To run as a command, use $(..) instead of '..' .",SR 1.4,SR,,1,Identifier management,2,0.540636,0.872038,,,
shellcheck,SC2041,"This is a literal string. To run as a command, use $(..) instead of '..' .",SR 2.11,SR,,2,Timestamps,3,0.538288,0.851408,,,
shellcheck,SC2041,"This is a literal string. To run as a command, use $(..) instead of '..' .",SR 7.6 RE 1,RE,SR 7.6,7,Machine-readable reporting of current security settings,4,0.519965,0.703744,,,
shellcheck,SC2041,"This is a literal string. To run as a command, use $(..) instead of '..' .",SR 5.2 RE 2,RE,SR 5.2,5,Island mode,5,0.517388,0.684778,,,
shellcheck,SC2042,"Use spaces, not commas, to separate loop elements.",SR 3.5,SR,,3,Input validation,1,0.504814,1.0,,,
shellcheck,SC2042,"Use spaces, not commas, to separate loop elements.",SR 1.4,SR,,1,Identifier management,2,0.48062,0.763287,,,
shellcheck,SC2042,"Use spaces, not commas, to separate loop elements.",SR 2.11,SR,,2,Timestamps,3,0.477398,0.735565,,,
shellcheck,SC2043,"This loop will only ever run once for a constant value. Did you perhaps mean to loop over dir/*, $var or $(cmd)?",SR 1.4,SR,,1,Identifier management,1,0.488562,1.0,,,
shellcheck,SC2043,"This loop will only ever run once for a constant value. Did you perhaps mean to loop over dir/*, $var or $(cmd)?",SR 3.5,SR,,3,Input validation,2,0.488448,0.99872,,,
shellcheck,SC2043,"This loop will only ever run once for a constant value. Did you perhaps mean to loop over dir/*, $var or $(cmd)?",SR 7.1 RE 1,RE,SR 7.1,7,Manage communication loads,3,0.488018,0.993896,,,
shellcheck,SC2043,"This loop will only ever run once for a constant value. Did you perhaps mean to loop over dir/*, $var or $(cmd)?",SR 3.9 RE 1,RE,SR 3.9,3,Audit records on write-once media,4,0.479713,0.904354,,,
shellcheck,SC2043,"This loop will only ever run once for a constant value. Did you perhaps mean to loop over dir/*, $var or $(cmd)?",SR 1.7 RE 1,RE,SR 1.7,1,Password generation and lifetime restrictions for human users,5,0.475656,0.86309,,,
shellcheck,SC2043,"This loop will only ever run once for a constant value. Did you perhaps mean to loop over dir/*, $var or $(cmd)?",SR 1.11,SR,,1,Unsuccessful login attempts,6,0.472661,0.833616,,,
shellcheck,SC2043,"This loop will only ever run once for a constant value. Did you perhaps mean to loop over dir/*, $var or $(cmd)?",SR 3.8 RE 2,RE,SR 3.8,3,Unique session ID generation,7,0.472656,0.833565,,,
shellcheck,SC2043,"This loop will only ever run once for a constant value. Did you perhaps mean to loop over dir/*, $var or $(cmd)?",SR 1.2 RE 1,RE,SR 1.2,1,Unique identification and authentication,8,0.472653,0.833537,,,
shellcheck,SC2043,"This loop will only ever run once for a constant value. Did you perhaps mean to loop over dir/*, $var or $(cmd)?",SR 7.3,SR,,7,Control system backup,9,0.467847,0.787979,,,
shellcheck,SC2043,"This loop will only ever run once for a constant value. Did you perhaps mean to loop over dir/*, $var or $(cmd)?",SR 2.8 RE 1,RE,SR 2.8,2,"Centrally managed, system-wide audit trail",10,0.467712,0.786726,,,
shellcheck,SC2044,For loops over find output are fragile. Use find -exec or a while read loop.,SR 2.11,SR,,2,Timestamps,1,0.497547,1.0,,,
shellcheck,SC2044,For loops over find output are fragile. Use find -exec or a while read loop.,SR 2.9 RE 1,RE,SR 2.9,2,Warn when audit record storage capacity threshold reached,2,0.488606,0.905071,,,
shellcheck,SC2044,For loops over find output are fragile. Use find -exec or a while read loop.,SR 3.9 RE 1,RE,SR 3.9,3,Audit records on write-once media,3,0.481124,0.831432,,,
shellcheck,SC2044,For loops over find output are fragile. Use find -exec or a while read loop.,SR 1.11,SR,,1,Unsuccessful login attempts,4,0.47106,0.740169,,,
shellcheck,SC2044,For loops over find output are fragile. Use find -exec or a while read loop.,SR 2.9,SR,,2,Audit storage capacity,5,0.470069,0.731646,,,
shellcheck,SC2045,Iterating over ls output is fragile. Use globs.,SR 2.11,SR,,2,Timestamps,1,0.512807,1.0,,,
shellcheck,SC2045,Iterating over ls output is fragile. Use globs.,SR 2.9 RE 1,RE,SR 2.9,2,Warn when audit record storage capacity threshold reached,2,0.511672,0.987888,,,
shellcheck,SC2045,Iterating over ls output is fragile. Use globs.,SR 3.6,SR,,3,Deterministic output,3,0.508871,0.958512,,,
shellcheck,SC2045,Iterating over ls output is fragile. Use globs.,SR 3.9 RE 1,RE,SR 3.9,3,Audit records on write-once media,4,0.50694,0.93867,,,
shellcheck,SC2045,Iterating over ls output is fragile. Use globs.,SR 3.5,SR,,3,Input validation,5,0.504849,0.91757,,,
shellcheck,SC2045,Iterating over ls output is fragile. Use globs.,SR 7.3,SR,,7,Control system backup,6,0.498121,0.852307,,,
shellcheck,SC2045,Iterating over ls output is fragile. Use globs.,SR 1.11,SR,,1,Unsuccessful login attempts,7,0.496886,0.840746,,,
shellcheck,SC2045,Iterating over ls output is fragile. Use globs.,SR 7.1,SR,,7,Denial of service protection,8,0.495865,0.831287,,,
shellcheck,SC2045,Iterating over ls output is fragile. Use globs.,SR 3.7,SR,,3,Error handling,9,0.495781,0.830519,,,
shellcheck,SC2045,Iterating over ls output is fragile. Use globs.,SR 2.10,SR,,2,Response to audit processing failures,10,0.492995,0.805171,,,
shellcheck,SC2046,Quote this to prevent word splitting.,SR 4.2 RE 1,RE,SR 4.2,4,Purging of shared memory resources,1,0.517715,1.0,,,
shellcheck,SC2046,Quote this to prevent word splitting.,SR 7.1 RE 1,RE,SR 7.1,7,Manage communication loads,2,0.513673,0.957807,,,
shellcheck,SC2046,Quote this to prevent word splitting.,SR 7.3,SR,,7,Control system backup,3,0.50881,0.908984,,,
shellcheck,SC2046,Quote this to prevent word splitting.,SR 3.5,SR,,3,Input validation,4,0.508675,0.907663,,,
shellcheck,SC2046,Quote this to prevent word splitting.,SR 5.2 RE 3,RE,SR 5.2,5,Fail close,5,0.507559,0.896761,,,
shellcheck,SC2046,Quote this to prevent word splitting.,SR 5.2 RE 2,RE,SR 5.2,5,Island mode,6,0.506285,0.884449,,,
shellcheck,SC2046,Quote this to prevent word splitting.,SR 7.6 RE 1,RE,SR 7.6,7,Machine-readable reporting of current security settings,7,0.50596,0.881335,,,
shellcheck,SC2046,Quote this to prevent word splitting.,SR 2.9 RE 1,RE,SR 2.9,2,Warn when audit record storage capacity threshold reached,8,0.495794,0.788235,,,
shellcheck,SC2046,Quote this to prevent word splitting.,SR 3.9 RE 1,RE,SR 3.9,3,Audit records on write-once media,9,0.495108,0.782261,,,
shellcheck,SC2046,Quote this to prevent word splitting.,SR 5.4,SR,,5,Application partitioning,10,0.492639,0.761043,,,
shellcheck,SC2048,"Use ""$@"" (with quotes) to prevent whitespace problems.",SR 3.5,SR,,3,Input validation,1,0.525679,1.0,,,
shellcheck,SC2048,"Use ""$@"" (with quotes) to prevent whitespace problems.",SR 4.2 RE 1,RE,SR 4.2,4,Purging of shared memory resources,2,0.516997,0.912474,,,
shellcheck,SC2048,"Use ""$@"" (with quotes) to prevent whitespace problems.",SR 2.9 RE 1,RE,SR 2.9,2,Warn when audit record storage capacity threshold reached,3,0.505777,0.808745,,,
shellcheck,SC2048,"Use ""$@"" (with quotes) to prevent whitespace problems.",SR 3.2 RE 1,RE,SR 3.2,3,Malicious code protection on entry and exit points,4,0.502167,0.7775,,,
shellcheck,SC2048,"Use ""$@"" (with quotes) to prevent whitespace problems.",SR 1.4,SR,,1,Identifier management,5,0.500131,0.760319,,,
shellcheck,SC2048,"Use ""$@"" (with quotes) to prevent whitespace problems.",SR 1.5 RE 1,RE,SR 1.5,1,Hardware security for software process identity credentials,6,0.497605,0.739441,,,
shellcheck,SC2048,"Use ""$@"" (with quotes) to prevent whitespace problems.",SR 3.7,SR,,3,Error handling,7,0.497445,0.73813,,,
shellcheck,SC2048,"Use ""$@"" (with quotes) to prevent whitespace problems.",SR 7.1 RE 1,RE,SR 7.1,7,Manage communication loads,8,0.494273,0.712613,,,
shellcheck,SC2048,"Use ""$@"" (with quotes) to prevent whitespace problems.",SR 5.2 RE 3,RE,SR 5.2,5,Fail close,9,0.492408,0.697954,,,
shellcheck,SC2049,"=~ is for regex, but this looks like a glob. Use = instead.",SR 3.5,SR,,3,Input validation,1,0.489668,1.0,,,
shellcheck,SC2049,"=~ is for regex, but this looks like a glob. Use = instead.",SR 2.9 RE 1,RE,SR 2.9,2,Warn when audit record storage capacity threshold reached,2,0.479244,0.888391,,,
shellcheck,SC2049,"=~ is for regex, but this looks like a glob. Use = instead.",SR 7.3,SR,,7,Control system backup,3,0.478355,0.879359,,,
shellcheck,SC2049,"=~ is for regex, but this looks like a glob. Use = instead.",SR 1.7,SR,,1,Strength of password-based authentication,4,0.466089,0.762284,,,
shellcheck,SC2049,"=~ is for regex, but this looks like a glob. Use = instead.",SR 1.11,SR,,1,Unsuccessful login attempts,5,0.459047,0.701062,,,
shellcheck,SC2049,"=~ is for regex, but this looks like a glob. Use = instead.",SR 2.12 RE 1,RE,SR 2.12,2,Non-repudiation for all users,6,0.457037,0.684344,,,
shellcheck,SC2049,"=~ is for regex, but this looks like a glob. Use = instead.",SR 3.6,SR,,3,Deterministic output,7,0.456912,0.683314,,,
shellcheck,SC2050,This expression is constant. Did you forget the $ on a variable?,SR 3.5,SR,,3,Input validation,1,0.540407,1.0,,,
shellcheck,SC2051,Bash doesn't support variables in brace range expansions.,SR 1.11,SR,,1,Unsuccessful login attempts,1,0.457033,1.0,,,
shellcheck,SC2051,Bash doesn't support variables in brace range expansions.,SR 3.5,SR,,3,Input validation,2,0.456225,0.990313,,,
shellcheck,SC2051,Bash doesn't support variables in brace range expansions.,SR 5.2 RE 3,RE,SR 5.2,5,Fail close,3,0.440256,0.814081,,,
shellcheck,SC2051,Bash doesn't support variables in brace range expansions.,SR 1.4,SR,,1,Identifier management,4,0.431348,0.727514,,,
shellcheck,SC2051,Bash doesn't support variables in brace range expansions.,SR 3.8 RE 2,RE,SR 3.8,3,Unique session ID generation,5,0.430638,0.720956,,,
shellcheck,SC2051,Bash doesn't support variables in brace range expansions.,SR 2.11,SR,,2,Timestamps,6,0.430287,0.717726,,,
shellcheck,SC2053,Quote the rhs of = in [[ ]] to prevent glob matching.,SR 3.2 RE 1,RE,SR 3.2,3,Malicious code protection on entry and exit points,1,0.524061,1.0,,,
shellcheck,SC2053,Quote the rhs of = in [[ ]] to prevent glob matching.,SR 4.2 RE 1,RE,SR 4.2,4,Purging of shared memory resources,2,0.520743,0.965669,,,
shellcheck,SC2053,Quote the rhs of = in [[ ]] to prevent glob matching.,SR 3.6,SR,,3,Deterministic output,3,0.514982,0.908352,,,
shellcheck,SC2053,Quote the rhs of = in [[ ]] to prevent glob matching.,SR 5.2 RE 2,RE,SR 5.2,5,Island mode,4,0.513857,0.897494,,,
shellcheck,SC2053,Quote the rhs of = in [[ ]] to prevent glob matching.,SR 1.7 RE 1,RE,SR 1.7,1,Password generation and lifetime restrictions for human users,5,0.510986,0.870262,,,
shellcheck,SC2053,Quote the rhs of = in [[ ]] to prevent glob matching.,SR 3.5,SR,,3,Input validation,6,0.510392,0.864713,,,
shellcheck,SC2053,Quote the rhs of = in [[ ]] to prevent glob matching.,SR 2.11 RE 2,RE,SR 2.11,2,Protection of time source integrity,7,0.510064,0.861656,,,
shellcheck,SC2053,Quote the rhs of = in [[ ]] to prevent glob matching.,SR 5.3 RE 1,RE,SR 5.3,5,Prohibit all general purpose person-to-person communications,8,0.506006,0.82462,,,
shellcheck,SC2053,Quote the rhs of = in [[ ]] to prevent glob matching.,SR 2.4,SR,,2,Mobile code,9,0.505459,0.819729,,,
shellcheck,SC2053,Quote the rhs of = in [[ ]] to prevent glob matching.,SR 2.4 RE 1,RE,SR 2.4,2,Mobile code integrity check,10,0.504678,0.812791,,,
shellcheck,SC2054,"Use spaces, not commas, to separate array elements.",SR 3.5,SR,,3,Input validation,1,0.512463,1.0,,,
shellcheck,SC2054,"Use spaces, not commas, to separate array elements.",SR 1.4,SR,,1,Identifier management,2,0.510005,0.973895,,,
shellcheck,SC2054,"Use spaces, not commas, to separate array elements.",SR 5.4,SR,,5,Application partitioning,3,0.504277,0.915238,,,
shellcheck,SC2054,"Use spaces, not commas, to separate array elements.",SR 3.2 RE 1,RE,SR 3.2,3,Malicious code protection on entry and exit points,4,0.502482,0.897462,,,
shellcheck,SC2054,"Use spaces, not commas, to separate array elements.",SR 4.2 RE 1,RE,SR 4.2,4,Purging of shared memory resources,5,0.497795,0.852375,,,
shellcheck,SC2054,"Use spaces, not commas, to separate array elements.",SR 5.2 RE 2,RE,SR 5.2,5,Island mode,6,0.492107,0.800166,,,
shellcheck,SC2054,"Use spaces, not commas, to separate array elements.",SR 5.2 RE 3,RE,SR 5.2,5,Fail close,7,0.487037,0.75587,,,
shellcheck,SC2054,"Use spaces, not commas, to separate array elements.",SR 7.7,SR,,7,Least functionality,8,0.485708,0.744592,,,
shellcheck,SC2054,"Use spaces, not commas, to separate array elements.",SR 2.11,SR,,2,Timestamps,9,0.48302,0.722205,,,
shellcheck,SC2054,"Use spaces, not commas, to separate array elements.",SR 1.7 RE 1,RE,SR 1.7,1,Password generation and lifetime restrictions for human users,10,0.481011,0.705844,,,
shellcheck,SC2055,"You probably wanted && here, otherwise it's always true.",SR 3.5,SR,,3,Input validation,1,0.56613,1.0,,,
shellcheck,SC2055,"You probably wanted && here, otherwise it's always true.",SR 2.12 RE 1,RE,SR 2.12,2,Non-repudiation for all users,2,0.556272,0.907909,,,
shellcheck,SC2055,"You probably wanted && here, otherwise it's always true.",SR 2.12,SR,,2,Non-repudiation,3,0.528123,0.682345,,,
shellcheck,SC2056,You probably wanted && here,SR 3.5,SR,,3,Input validation,1,0.555918,1.0,,,
shellcheck,SC2056,You probably wanted && here,SR 3.2 RE 1,RE,SR 3.2,3,Malicious code protection on entry and exit points,2,0.539363,0.846811,,,
shellcheck,SC2056,You probably wanted && here,SR 3.8,SR,,3,Session integrity,3,0.5345,0.805663,,,
shellcheck,SC2056,You probably wanted && here,SR 3.7,SR,,3,Error handling,4,0.533296,0.79573,,,
shellcheck,SC2056,You probably wanted && here,SR 3.3,SR,,3,Security functionality verification,5,0.528406,0.756421,,,
shellcheck,SC2056,You probably wanted && here,SR 1.11,SR,,1,Unsuccessful login attempts,6,0.526663,0.742804,,,
shellcheck,SC2056,You probably wanted && here,SR 3.8 RE 3,RE,SR 3.8,3,Randomness of session IDs,7,0.524213,0.723992,,,
shellcheck,SC2056,You probably wanted && here,SR 2.12 RE 1,RE,SR 2.12,2,Non-repudiation for all users,8,0.520805,0.698481,,,
shellcheck,SC2056,You probably wanted && here,SR 2.4 RE 1,RE,SR 2.4,2,Mobile code integrity check,9,0.519378,0.688018,,,
shellcheck,SC2057,Unknown binary operator.,SR 3.2 RE 1,RE,SR 3.2,3,Malicious code protection on entry and exit points,1,0.494251,1.0,,,
shellcheck,SC2057,Unknown binary operator.,SR 3.2,SR,,3,Malicious code protection,2,0.476875,0.821323,,,
shellcheck,SC2057,Unknown binary operator.,SR 1.1 RE 2,RE,SR 1.1,1,Multifactor authentication for untrusted networks,3,0.471087,0.76797,,,
shellcheck,SC2057,Unknown binary operator.,SR 3.7,SR,,3,Error handling,4,0.468881,0.748402,,,
shellcheck,SC2057,Unknown binary operator.,SR 3.3,SR,,3,Security functionality verification,5,0.465871,0.722351,,,
shellcheck,SC2058,Unknown unary operator.,SR 3.7,SR,,3,Error handling,1,0.489404,1.0,,,
shellcheck,SC2058,Unknown unary operator.,SR 1.1 RE 2,RE,SR 1.1,1,Multifactor authentication for untrusted networks,2,0.487377,0.977424,,,
shellcheck,SC2058,Unknown unary operator.,SR 3.2 RE 1,RE,SR 3.2,3,Malicious code protection on entry and exit points,3,0.485428,0.956123,,,
shellcheck,SC2058,Unknown unary operator.,SR 3.6,SR,,3,Deterministic output,4,0.484248,0.943411,,,
shellcheck,SC2058,Unknown unary operator.,SR 7.1,SR,,7,Denial of service protection,5,0.470487,0.805075,,,
shellcheck,SC2058,Unknown unary operator.,SR 3.2,SR,,3,Malicious code protection,6,0.460997,0.719724,,,
shellcheck,SC2058,Unknown unary operator.,SR 1.5 RE 1,RE,SR 1.5,1,Hardware security for software process identity credentials,7,0.460441,0.714964,,,
shellcheck,SC2058,Unknown unary operator.,SR 3.8 RE 3,RE,SR 3.8,3,Randomness of session IDs,8,0.459938,0.710681,,,
shellcheck,SC2059,SC2059,SR 7.6 RE 1,RE,SR 7.6,7,Machine-readable reporting of current security settings,1,0.487714,1.0,,,
shellcheck,SC2059,SC2059,SR 3.5,SR,,3,Input validation,2,0.485093,0.970805,,,
shellcheck,SC2059,SC2059,SR 1.4,SR,,1,Identifier management,3,0.485072,0.970571,,,
shellcheck,SC2059,SC2059,SR 5.2 RE 3,RE,SR 5.2,5,Fail close,4,0.471517,0.830477,,,
shellcheck,SC2059,SC2059,SR 3.3,SR,,3,Security functionality verification,5,0.463483,0.755577,,,
shellcheck,SC2059,SC2059,SR 1.5 RE 1,RE,SR 1.5,1,Hardware security for software process identity credentials,6,0.462668,0.748295,,,
shellcheck,SC2059,SC2059,SR 3.7,SR,,3,Error handling,7,0.460994,0.73353,,,
shellcheck,SC2059,SC2059,SR 3.2 RE 1,RE,SR 3.2,3,Malicious code protection on entry and exit points,8,0.455404,0.685923,,,
shellcheck,SC2060,SC2060,SR 3.7,SR,,3,Error handling,1,0.527323,1.0,,,
shellcheck,SC2060,SC2060,SR 2.4,SR,,2,Mobile code,2,0.510535,0.836986,,,
shellcheck,SC2060,SC2060,SR 3.2 RE 1,RE,SR 3.2,3,Malicious code protection on entry and exit points,3,0.509371,0.826546,,,
shellcheck,SC2060,SC2060,SR 2.4 RE 1,RE,SR 2.4,2,Mobile code integrity check,4,0.509239,0.825363,,,
shellcheck,SC2060,SC2060,SR 2.11,SR,,2,Timestamps,5,0.501271,0.756794,,,
shellcheck,SC2061,Quote the parameter to -name so the shell won't interpret it.,SR 3.7,SR,,3,Error handling,1,0.48948,1.0,,,
shellcheck,SC2061,Quote the parameter to -name so the shell won't interpret it.,SR 5.2 RE 3,RE,SR 5.2,5,Fail close,2,0.481292,0.911394,,,
shellcheck,SC2061,Quote the parameter to -name so the shell won't interpret it.,SR 1.4,SR,,1,Identifier management,3,0.47652,0.862792,,,
shellcheck,SC2061,Quote the parameter to -name so the shell won't interpret it.,SR 3.2 RE 1,RE,SR 3.2,3,Malicious code protection on entry and exit points,4,0.47641,0.861694,,,
shellcheck,SC2061,Quote the parameter to -name so the shell won't interpret it.,SR 7.3,SR,,7,Control system backup,5,0.472951,0.827848,,,
shellcheck,SC2061,Quote the parameter to -name so the shell won't interpret it.,SR 1.5 RE 1,RE,SR 1.5,1,Hardware security for software process identity credentials,6,0.467657,0.778143,,,
shellcheck,SC2061,Quote the parameter to -name so the shell won't interpret it.,SR 7.6 RE 1,RE,SR 7.6,7,Machine-readable reporting of current security settings,7,0.465089,0.754936,,,
shellcheck,SC2061,Quote the parameter to -name so the shell won't interpret it.,SR 3.5,SR,,3,Input validation,8,0.460628,0.715959,,,
shellcheck,SC2061,Quote the parameter to -name so the shell won't interpret it.,SR 1.2,SR,,1,Software process and device identification and authentication,9,0.459594,0.707159,,,
shellcheck,SC2061,Quote the parameter to -name so the shell won't interpret it.,SR 1.2 RE 1,RE,SR 1.2,1,Unique identification and authentication,10,0.45639,0.680472,,,
shellcheck,SC2062,SC2062,SR 3.2 RE 1,RE,SR 3.2,3,Malicious code protection on entry and exit points,1,0.482329,1.0,,,
shellcheck,SC2062,SC2062,SR 3.7,SR,,3,Error handling,2,0.480966,0.98456,,,
shellcheck,SC2062,SC2062,SR 2.11,SR,,2,Timestamps,3,0.475197,0.921332,,,
shellcheck,SC2062,SC2062,SR 2.12 RE 1,RE,SR 2.12,2,Non-repudiation for all users,4,0.462032,0.789424,,,
shellcheck,SC2062,SC2062,SR 3.5,SR,,3,Input validation,5,0.455725,0.731944,,,
shellcheck,SC2062,SC2062,SR 3.2,SR,,3,Malicious code protection,6,0.452663,0.705306,,,
shellcheck,SC2062,SC2062,SR 4.2 RE 1,RE,SR 4.2,4,Purging of shared memory resources,7,0.451976,0.699433,,,
shellcheck,SC2062,SC2062,SR 3.2 RE 2,RE,SR 3.2,3,Central management and reporting for malicious code protection,8,0.451829,0.698183,,,
shellcheck,SC2062,SC2062,SR 2.4 RE 1,RE,SR 2.4,2,Mobile code integrity check,9,0.450177,0.684259,,,
shellcheck,SC2062,SC2062,SR 3.3,SR,,3,Security functionality verification,10,0.450113,0.683721,,,
shellcheck,SC2063,"Grep uses regex, but this looks like a glob.",SR 3.2 RE 1,RE,SR 3.2,3,Malicious code protection on entry and exit points,1,0.494904,1.0,,,
shellcheck,SC2063,"Grep uses regex, but this looks like a glob.",SR 3.5,SR,,3,Input validation,2,0.485845,0.903381,,,
shellcheck,SC2063,"Grep uses regex, but this looks like a glob.",SR 2.11,SR,,2,Timestamps,3,0.478757,0.833238,,,
shellcheck,SC2063,"Grep uses regex, but this looks like a glob.",SR 3.2,SR,,3,Malicious code protection,4,0.463445,0.696829,,,
shellcheck,SC2063,"Grep uses regex, but this looks like a glob.",SR 3.2 RE 2,RE,SR 3.2,3,Central management and reporting for malicious code protection,5,0.46161,0.681783,,,
shellcheck,SC2064,"Use single quotes, otherwise this expands now rather than when signalled.",SR 5.2 RE 3,RE,SR 5.2,5,Fail close,1,0.546299,1.0,,,
shellcheck,SC2064,"Use single quotes, otherwise this expands now rather than when signalled.",SR 2.11,SR,,2,Timestamps,2,0.531359,0.858557,,,
shellcheck,SC2064,"Use single quotes, otherwise this expands now rather than when signalled.",SR 3.2 RE 1,RE,SR 3.2,3,Malicious code protection on entry and exit points,3,0.526804,0.818848,,,
shellcheck,SC2064,"Use single quotes, otherwise this expands now rather than when signalled.",SR 3.5,SR,,3,Input validation,4,0.516992,0.738404,,,
shellcheck,SC2065,"This is interpreted as a shell file redirection, not a comparison.",SR 3.2 RE 1,RE,SR 3.2,3,Malicious code protection on entry and exit points,1,0.58461,1.0,,,
shellcheck,SC2065,"This is interpreted as a shell file redirection, not a comparison.",SR 3.7,SR,,3,Error handling,2,0.548623,0.705089,,,
shellcheck,SC2066,"Since you double-quoted this, it will not word split, and the loop will only run once.",SR 3.5,SR,,3,Input validation,1,0.527425,1.0,,,
shellcheck,SC2067,"Missing ; or + terminating -exec. You can't use |/||/&&, and ; has to be a separate, quoted argument.",SR 5.2 RE 3,RE,SR 5.2,5,Fail close,1,0.524491,1.0,,,
shellcheck,SC2067,"Missing ; or + terminating -exec. You can't use |/||/&&, and ; has to be a separate, quoted argument.",SR 3.7,SR,,3,Error handling,2,0.504964,0.81166,,,
shellcheck,SC2067,"Missing ; or + terminating -exec. You can't use |/||/&&, and ; has to be a separate, quoted argument.",SR 3.3,SR,,3,Security functionality verification,3,0.49702,0.743871,,,
shellcheck,SC2067,"Missing ; or + terminating -exec. You can't use |/||/&&, and ; has to be a separate, quoted argument.",SR 3.2 RE 1,RE,SR 3.2,3,Malicious code protection on entry and exit points,4,0.495283,0.72969,,,
shellcheck,SC2067,"Missing ; or + terminating -exec. You can't use |/||/&&, and ; has to be a separate, quoted argument.",SR 7.7,SR,,7,Least functionality,5,0.489593,0.684758,,,
shellcheck,SC2068,Double quote array expansions to avoid re-splitting elements.,SR 3.2 RE 1,RE,SR 3.2,3,Malicious code protection on entry and exit points,1,0.511952,1.0,,,
shellcheck,SC2068,Double quote array expansions to avoid re-splitting elements.,SR 3.5,SR,,3,Input validation,2,0.498108,0.860038,,,
shellcheck,SC2068,Double quote array expansions to avoid re-splitting elements.,SR 5.4,SR,,5,Application partitioning,3,0.483908,0.733559,,,
shellcheck,SC2068,Double quote array expansions to avoid re-splitting elements.,SR 7.1 RE 1,RE,SR 7.1,7,Manage communication loads,4,0.483475,0.729954,,,
shellcheck,SC2068,Double quote array expansions to avoid re-splitting elements.,SR 2.9 RE 1,RE,SR 2.9,2,Warn when audit record storage capacity threshold reached,5,0.483266,0.728221,,,
shellcheck,SC2068,Double quote array expansions to avoid re-splitting elements.,SR 3.8 RE 3,RE,SR 3.8,3,Randomness of session IDs,6,0.477642,0.682811,,,
shellcheck,SC2068,Double quote array expansions to avoid re-splitting elements.,SR 4.2 RE 1,RE,SR 4.2,4,Purging of shared memory resources,7,0.477413,0.681014,,,
shellcheck,SC2069,"To redirect stdout+stderr, 2>&1 must be last (or use { cmd > file; } 2>&1 to clarify).",SR 5.2 RE 1,RE,SR 5.2,5,"Deny by default, allow by exception",1,0.539239,1.0,,,
shellcheck,SC2069,"To redirect stdout+stderr, 2>&1 must be last (or use { cmd > file; } 2>&1 to clarify).",SR 3.8 RE 1,RE,SR 3.8,3,Invalidation of session IDs after session termination,2,0.537258,0.979961,,,
shellcheck,SC2069,"To redirect stdout+stderr, 2>&1 must be last (or use { cmd > file; } 2>&1 to clarify).",SR 3.2 RE 1,RE,SR 3.2,3,Malicious code protection on entry and exit points,3,0.528157,0.892073,,,
shellcheck,SC2069,"To redirect stdout+stderr, 2>&1 must be last (or use { cmd > file; } 2>&1 to clarify).",SR 3.7,SR,,3,Error handling,4,0.519809,0.817229,,,
shellcheck,SC2069,"To redirect stdout+stderr, 2>&1 must be last (or use { cmd > file; } 2>&1 to clarify).",SR 1.11,SR,,1,Unsuccessful login attempts,5,0.518139,0.802896,,,
shellcheck,SC2069,"To redirect stdout+stderr, 2>&1 must be last (or use { cmd > file; } 2>&1 to clarify).",SR 5.2 RE 3,RE,SR 5.2,5,Fail close,6,0.509972,0.735719,,,
shellcheck,SC2069,"To redirect stdout+stderr, 2>&1 must be last (or use { cmd > file; } 2>&1 to clarify).",SR 3.6,SR,,3,Deterministic output,7,0.509233,0.729869,,,
shellcheck,SC2070,-n doesn't work with unquoted arguments. Quote or use [[ ]].,SR 3.5,SR,,3,Input validation,1,0.522675,1.0,,,
shellcheck,SC2070,-n doesn't work with unquoted arguments. Quote or use [[ ]].,SR 2.12 RE 1,RE,SR 2.12,2,Non-repudiation for all users,2,0.493875,0.732184,,,
shellcheck,SC2070,-n doesn't work with unquoted arguments. Quote or use [[ ]].,SR 2.12,SR,,2,Non-repudiation,3,0.488942,0.692849,,,
shellcheck,SC2071,> is for string comparisons. Use -gt instead.,SR 3.5,SR,,3,Input validation,1,0.550315,1.0,,,
shellcheck,SC2071,> is for string comparisons. Use -gt instead.,SR 2.9 RE 1,RE,SR 2.9,2,Warn when audit record storage capacity threshold reached,2,0.521261,0.742065,,,
shellcheck,SC2072,"Decimals are not supported. Either use integers only, or use bc or awk to compare.",SR 3.5,SR,,3,Input validation,1,0.501578,1.0,,,
shellcheck,SC2072,"Decimals are not supported. Either use integers only, or use bc or awk to compare.",SR 1.11,SR,,1,Unsuccessful login attempts,2,0.478217,0.769262,,,
shellcheck,SC2072,"Decimals are not supported. Either use integers only, or use bc or awk to compare.",SR 2.9 RE 1,RE,SR 2.9,2,Warn when audit record storage capacity threshold reached,3,0.478136,0.768551,,,
shellcheck,SC2072,"Decimals are not supported. Either use integers only, or use bc or awk to compare.",SR 3.7,SR,,3,Error handling,4,0.476726,0.756164,,,
shellcheck,SC2072,"Decimals are not supported. Either use integers only, or use bc or awk to compare.",SR 2.11,SR,,2,Timestamps,5,0.474014,0.732808,,,
shellcheck,SC2073,Escape \< to prevent it redirecting (or switch to [[ .. ]]).,SR 3.2 RE 1,RE,SR 3.2,3,Malicious code protection on entry and exit points,1,0.56623,1.0,,,
shellcheck,SC2073,Escape \< to prevent it redirecting (or switch to [[ .. ]]).,SR 3.7,SR,,3,Error handling,2,0.549392,0.847017,,,
shellcheck,SC2073,Escape \< to prevent it redirecting (or switch to [[ .. ]]).,SR 5.2 RE 3,RE,SR 5.2,5,Fail close,3,0.53421,0.726033,,,
shellcheck,SC2074,Can't use =~ in [ ]. Use [[..]] instead.,SR 3.5,SR,,3,Input validation,1,0.522954,1.0,,,
shellcheck,SC2075,"Escaping \< is required in [..], but invalid in [[..]]",SR 3.2 RE 1,RE,SR 3.2,3,Malicious code protection on entry and exit points,1,0.543871,1.0,,,
shellcheck,SC2075,"Escaping \< is required in [..], but invalid in [[..]]",SR 5.2 RE 3,RE,SR 5.2,5,Fail close,2,0.540037,0.961838,,,
shellcheck,SC2075,"Escaping \< is required in [..], but invalid in [[..]]",SR 3.5,SR,,3,Input validation,3,0.530627,0.873205,,,
shellcheck,SC2075,"Escaping \< is required in [..], but invalid in [[..]]",SR 3.7,SR,,3,Error handling,4,0.526325,0.834969,,,
shellcheck,SC2075,"Escaping \< is required in [..], but invalid in [[..]]",SR 1.11,SR,,1,Unsuccessful login attempts,5,0.525778,0.830211,,,
shellcheck,SC2075,"Escaping \< is required in [..], but invalid in [[..]]",SR 1.7 RE 1,RE,SR 1.7,1,Password generation and lifetime restrictions for human users,6,0.51792,0.764215,,,
shellcheck,SC2075,"Escaping \< is required in [..], but invalid in [[..]]",SR 2.4 RE 1,RE,SR 2.4,2,Mobile code integrity check,7,0.51709,0.757504,,,
shellcheck,SC2076,"Don't quote rhs of =~, it'll match literally rather than as a regex.",SR 3.5,SR,,3,Input validation,1,0.520172,1.0,,,
shellcheck,SC2076,"Don't quote rhs of =~, it'll match literally rather than as a regex.",SR 3.6,SR,,3,Deterministic output,2,0.500301,0.807162,,,
shellcheck,SC2076,"Don't quote rhs of =~, it'll match literally rather than as a regex.",SR 3.2 RE 1,RE,SR 3.2,3,Malicious code protection on entry and exit points,3,0.497586,0.783364,,,
shellcheck,SC2076,"Don't quote rhs of =~, it'll match literally rather than as a regex.",SR 3.3,SR,,3,Security functionality verification,4,0.494619,0.758023,,,
shellcheck,SC2076,"Don't quote rhs of =~, it'll match literally rather than as a regex.",SR 2.4 RE 1,RE,SR 2.4,2,Mobile code integrity check,5,0.493599,0.749461,,,
shellcheck,SC2076,"Don't quote rhs of =~, it'll match literally rather than as a regex.",SR 1.7 RE 1,RE,SR 1.7,1,Password generation and lifetime restrictions for human users,6,0.492065,0.736743,,,
shellcheck,SC2076,"Don't quote rhs of =~, it'll match literally rather than as a regex.",SR 2.12 RE 1,RE,SR 2.12,2,Non-repudiation for all users,7,0.48837,0.706826,,,
shellcheck,SC2076,"Don't quote rhs of =~, it'll match literally rather than as a regex.",SR 3.2,SR,,3,Malicious code protection,8,0.487495,0.699886,,,
shellcheck,SC2077,You need spaces around the comparison operator.,SR 5.2 RE 3,RE,SR 5.2,5,Fail close,1,0.494896,1.0,,,
shellcheck,SC2077,You need spaces around the comparison operator.,SR 7.1,SR,,7,Denial of service protection,2,0.486465,0.909823,,,
shellcheck,SC2077,You need spaces around the comparison operator.,SR 3.2 RE 1,RE,SR 3.2,3,Malicious code protection on entry and exit points,3,0.484891,0.893749,,,
shellcheck,SC2077,You need spaces around the comparison operator.,SR 3.3,SR,,3,Security functionality verification,4,0.484753,0.892347,,,
shellcheck,SC2077,You need spaces around the comparison operator.,SR 1.11,SR,,1,Unsuccessful login attempts,5,0.483227,0.877005,,,
shellcheck,SC2077,You need spaces around the comparison operator.,SR 3.5,SR,,3,Input validation,6,0.480849,0.853528,,,
shellcheck,SC2077,You need spaces around the comparison operator.,SR 3.7,SR,,3,Error handling,7,0.479377,0.839254,,,
shellcheck,SC2077,You need spaces around the comparison operator.,SR 2.4 RE 1,RE,SR 2.4,2,Mobile code integrity check,8,0.478461,0.830472,,,
shellcheck,SC2077,You need spaces around the comparison operator.,SR 1.7 RE 1,RE,SR 1.7,1,Password generation and lifetime restrictions for human users,9,0.475907,0.806383,,,
shellcheck,SC2077,You need spaces around the comparison operator.,SR 3.6,SR,,3,Deterministic output,10,0.470309,0.75558,,,
shellcheck,SC2078,This expression is constant. Did you forget a $ somewhere?,SR 3.5,SR,,3,Input validation,1,0.559992,1.0,,,
shellcheck,SC2078,This expression is constant. Did you forget a $ somewhere?,SR 3.6,SR,,3,Deterministic output,2,0.53218,0.755655,,,
shellcheck,SC2078,This expression is constant. Did you forget a $ somewhere?,SR 3.8 RE 2,RE,SR 3.8,3,Unique session ID generation,3,0.522867,0.68573,,,
shellcheck,SC2078,This expression is constant. Did you forget a $ somewhere?,SR 3.8 RE 3,RE,SR 3.8,3,Randomness of session IDs,4,0.522725,0.684705,,,
shellcheck,SC2079,(( )) doesn't support decimals. Use bc or awk.,SR 2.9 RE 1,RE,SR 2.9,2,Warn when audit record storage capacity threshold reached,1,0.505544,1.0,,,
shellcheck,SC2079,(( )) doesn't support decimals. Use bc or awk.,SR 2.11,SR,,2,Timestamps,2,0.502434,0.96663,,,
shellcheck,SC2080,Numbers with leading 0 are considered octal.,SR 3.8 RE 2,RE,SR 3.8,3,Unique session ID generation,1,0.51164,1.0,,,
shellcheck,SC2080,Numbers with leading 0 are considered octal.,SR 2.11,SR,,2,Timestamps,2,0.505652,0.9373,,,
shellcheck,SC2080,Numbers with leading 0 are considered octal.,SR 3.8 RE 3,RE,SR 3.8,3,Randomness of session IDs,3,0.504485,0.925463,,,
shellcheck,SC2080,Numbers with leading 0 are considered octal.,SR 3.2 RE 1,RE,SR 3.2,3,Malicious code protection on entry and exit points,4,0.502105,0.901707,,,
shellcheck,SC2080,Numbers with leading 0 are considered octal.,SR 1.4,SR,,1,Identifier management,5,0.501439,0.895151,,,
shellcheck,SC2080,Numbers with leading 0 are considered octal.,SR 3.7,SR,,3,Error handling,6,0.501234,0.893139,,,
shellcheck,SC2080,Numbers with leading 0 are considered octal.,SR 3.8,SR,,3,Session integrity,7,0.498138,0.863213,,,
shellcheck,SC2080,Numbers with leading 0 are considered octal.,SR 7.6 RE 1,RE,SR 7.6,7,Machine-readable reporting of current security settings,8,0.496824,0.850766,,,
shellcheck,SC2080,Numbers with leading 0 are considered octal.,SR 1.11,SR,,1,Unsuccessful login attempts,9,0.494835,0.832203,,,
shellcheck,SC2080,Numbers with leading 0 are considered octal.,SR 3.5,SR,,3,Input validation,10,0.494021,0.824699,,,
shellcheck,SC2081,[ .. ] can't match globs. Use [[ .. ]] or grep.,SR 3.5,SR,,3,Input validation,1,0.507406,1.0,,,
shellcheck,SC2081,[ .. ] can't match globs. Use [[ .. ]] or grep.,SR 2.9 RE 1,RE,SR 2.9,2,Warn when audit record storage capacity threshold reached,2,0.500442,0.926804,,,
shellcheck,SC2081,[ .. ] can't match globs. Use [[ .. ]] or grep.,SR 1.11,SR,,1,Unsuccessful login attempts,3,0.494341,0.866347,,,
shellcheck,SC2081,[ .. ] can't match globs. Use [[ .. ]] or grep.,SR 2.11,SR,,2,Timestamps,4,0.493232,0.855713,,,
shellcheck,SC2081,[ .. ] can't match globs. Use [[ .. ]] or grep.,SR 2.12 RE 1,RE,SR 2.12,2,Non-repudiation for all users,5,0.486771,0.79585,,,
shellcheck,SC2081,[ .. ] can't match globs. Use [[ .. ]] or grep.,SR 3.7,SR,,3,Error handling,6,0.481746,0.751694,,,
shellcheck,SC2081,[ .. ] can't match globs. Use [[ .. ]] or grep.,SR 3.3,SR,,3,Security functionality verification,7,0.476491,0.707692,,,
shellcheck,SC2081,[ .. ] can't match globs. Use [[ .. ]] or grep.,SR 3.8,SR,,3,Session integrity,8,0.47551,0.699714,,,
shellcheck,SC2081,[ .. ] can't match globs. Use [[ .. ]] or grep.,SR 5.3 RE 1,RE,SR 5.3,5,Prohibit all general purpose person-to-person communications,9,0.474567,0.692115,,,
shellcheck,SC2082,"To expand via indirection, use name=""foo$n""; echo ""${!name}"".",SR 1.4,SR,,1,Identifier management,1,0.497071,1.0,,,
shellcheck,SC2082,"To expand via indirection, use name=""foo$n""; echo ""${!name}"".",SR 7.1 RE 1,RE,SR 7.1,7,Manage communication loads,2,0.482995,0.853854,,,
shellcheck,SC2082,"To expand via indirection, use name=""foo$n""; echo ""${!name}"".",SR 3.5,SR,,3,Input validation,3,0.477979,0.80621,,,
shellcheck,SC2082,"To expand via indirection, use name=""foo$n""; echo ""${!name}"".",SR 5.2 RE 1,RE,SR 5.2,5,"Deny by default, allow by exception",4,0.468675,0.723591,,,
shellcheck,SC2082,"To expand via indirection, use name=""foo$n""; echo ""${!name}"".",SR 2.11,SR,,2,Timestamps,5,0.464754,0.690919,,,
shellcheck,SC2082,"To expand via indirection, use name=""foo$n""; echo ""${!name}"".",SR 5.2 RE 3,RE,SR 5.2,5,Fail close,6,0.464278,0.687035,,,
shellcheck,SC2083,Don't add spaces after the slash in ./file.,SR 3.5,SR,,3,Input validation,1,0.454267,1.0,,,
shellcheck,SC2083,Don't add spaces after the slash in ./file.,SR 7.3,SR,,7,Control system backup,2,0.442345,0.863921,,,
shellcheck,SC2083,Don't add spaces after the slash in ./file.,SR 2.11,SR,,2,Timestamps,3,0.438927,0.827838,,,
shellcheck,SC2083,Don't add spaces after the slash in ./file.,SR 5.2 RE 3,RE,SR 5.2,5,Fail close,4,0.437667,0.814859,,,
shellcheck,SC2083,Don't add spaces after the slash in ./file.,SR 3.2 RE 1,RE,SR 3.2,3,Malicious code protection on entry and exit points,5,0.436708,0.805088,,,
shellcheck,SC2083,Don't add spaces after the slash in ./file.,SR 2.9 RE 1,RE,SR 2.9,2,Warn when audit record storage capacity threshold reached,6,0.431938,0.757891,,,
shellcheck,SC2083,Don't add spaces after the slash in ./file.,SR 3.7,SR,,3,Error handling,7,0.426422,0.706169,,,
shellcheck,SC2083,Don't add spaces after the slash in ./file.,SR 3.3,SR,,3,Security functionality verification,8,0.425543,0.6982,,,
shellcheck,SC2084,Remove $ or use _=$((expr)) to avoid executing output.,SR 3.2 RE 1,RE,SR 3.2,3,Malicious code protection on entry and exit points,1,0.514786,1.0,,,
shellcheck,SC2084,Remove $ or use _=$((expr)) to avoid executing output.,SR 4.2 RE 1,RE,SR 4.2,4,Purging of shared memory resources,2,0.508696,0.936643,,,
shellcheck,SC2084,Remove $ or use _=$((expr)) to avoid executing output.,SR 3.5,SR,,3,Input validation,3,0.505207,0.901843,,,
shellcheck,SC2084,Remove $ or use _=$((expr)) to avoid executing output.,SR 3.7,SR,,3,Error handling,4,0.503023,0.88061,,,
shellcheck,SC2084,Remove $ or use _=$((expr)) to avoid executing output.,SR 1.4,SR,,1,Identifier management,5,0.498498,0.837918,,,
shellcheck,SC2084,Remove $ or use _=$((expr)) to avoid executing output.,SR 4.2,SR,,4,Information persistence,6,0.497804,0.831514,,,
shellcheck,SC2084,Remove $ or use _=$((expr)) to avoid executing output.,SR 2.4 RE 1,RE,SR 2.4,2,Mobile code integrity check,7,0.492077,0.780249,,,
shellcheck,SC2084,Remove $ or use _=$((expr)) to avoid executing output.,SR 5.2 RE 3,RE,SR 5.2,5,Fail close,8,0.488489,0.749464,,,
shellcheck,SC2084,Remove $ or use _=$((expr)) to avoid executing output.,SR 2.1 RE 4,RE,SR 2.1,2,Dual approval,9,0.487778,0.74349,,,
shellcheck,SC2084,Remove $ or use _=$((expr)) to avoid executing output.,SR 2.4,SR,,2,Mobile code,10,0.485734,0.726508,,,
shellcheck,SC2086,Double quote to prevent globbing and word splitting.,SR 3.5,SR,,3,Input validation,1,0.518202,1.0,,,
shellcheck,SC2086,Double quote to prevent globbing and word splitting.,SR 7.1 RE 1,RE,SR 7.1,7,Manage communication loads,2,0.517951,0.997345,,,
shellcheck,SC2086,Double quote to prevent globbing and word splitting.,SR 4.2 RE 1,RE,SR 4.2,4,Purging of shared memory resources,3,0.506196,0.879047,,,
shellcheck,SC2086,Double quote to prevent globbing and word splitting.,SR 3.2 RE 1,RE,SR 3.2,3,Malicious code protection on entry and exit points,4,0.500838,0.829072,,,
shellcheck,SC2086,Double quote to prevent globbing and word splitting.,SR 1.7 RE 1,RE,SR 1.7,1,Password generation and lifetime restrictions for human users,5,0.491139,0.744528,,,
shellcheck,SC2086,Double quote to prevent globbing and word splitting.,SR 5.2 RE 2,RE,SR 5.2,5,Island mode,6,0.487731,0.716554,,,
shellcheck,SC2087,Quote EOF to make here document expansions happen on the server side rather than on the client.,SR 7.1,SR,,7,Denial of service protection,1,0.541122,1.0,,,
shellcheck,SC2087,Quote EOF to make here document expansions happen on the server side rather than on the client.,SR 1.11,SR,,1,Unsuccessful login attempts,2,0.523695,0.835235,,,
shellcheck,SC2087,Quote EOF to make here document expansions happen on the server side rather than on the client.,SR 2.11,SR,,2,Timestamps,3,0.517378,0.781307,,,
shellcheck,SC2087,Quote EOF to make here document expansions happen on the server side rather than on the client.,SR 7.6 RE 1,RE,SR 7.6,7,Machine-readable reporting of current security settings,4,0.517053,0.778607,,,
shellcheck,SC2087,Quote EOF to make here document expansions happen on the server side rather than on the client.,SR 3.8 RE 1,RE,SR 3.8,3,Invalidation of session IDs after session termination,5,0.516653,0.775302,,,
shellcheck,SC2087,Quote EOF to make here document expansions happen on the server side rather than on the client.,SR 5.2 RE 3,RE,SR 5.2,5,Fail close,6,0.512565,0.742155,,,
shellcheck,SC2087,Quote EOF to make here document expansions happen on the server side rather than on the client.,SR 2.6,SR,,2,Remote session termination,7,0.512166,0.738981,,,
shellcheck,SC2087,Quote EOF to make here document expansions happen on the server side rather than on the client.,SR 3.9 RE 1,RE,SR 3.9,3,Audit records on write-once media,8,0.506667,0.696385,,,
shellcheck,SC2087,Quote EOF to make here document expansions happen on the server side rather than on the client.,SR 7.1 RE 1,RE,SR 7.1,7,Manage communication loads,9,0.506624,0.696062,,,
shellcheck,SC2088,Tilde does not expand in quotes. Use $HOME.,SR 1.11,SR,,1,Unsuccessful login attempts,1,0.467485,1.0,,,
shellcheck,SC2088,Tilde does not expand in quotes. Use $HOME.,SR 7.6 RE 1,RE,SR 7.6,7,Machine-readable reporting of current security settings,2,0.458965,0.90379,,,
shellcheck,SC2088,Tilde does not expand in quotes. Use $HOME.,SR 2.9 RE 1,RE,SR 2.9,2,Warn when audit record storage capacity threshold reached,3,0.458445,0.898168,,,
shellcheck,SC2088,Tilde does not expand in quotes. Use $HOME.,SR 1.7 RE 1,RE,SR 1.7,1,Password generation and lifetime restrictions for human users,4,0.451229,0.823122,,,
shellcheck,SC2088,Tilde does not expand in quotes. Use $HOME.,SR 3.2 RE 1,RE,SR 3.2,3,Malicious code protection on entry and exit points,5,0.448494,0.796054,,,
shellcheck,SC2088,Tilde does not expand in quotes. Use $HOME.,SR 2.11,SR,,2,Timestamps,6,0.447244,0.783922,,,
shellcheck,SC2088,Tilde does not expand in quotes. Use $HOME.,SR 5.2 RE 3,RE,SR 5.2,5,Fail close,7,0.446348,0.775321,,,
shellcheck,SC2088,Tilde does not expand in quotes. Use $HOME.,SR 3.9 RE 1,RE,SR 3.9,3,Audit records on write-once media,8,0.443171,0.745456,,,
shellcheck,SC2088,Tilde does not expand in quotes. Use $HOME.,SR 1.5 RE 1,RE,SR 1.5,1,Hardware security for software process identity credentials,9,0.437026,0.690347,,,
shellcheck,SC2088,Tilde does not expand in quotes. Use $HOME.,SR 3.5,SR,,3,Input validation,10,0.436212,0.683308,,,
shellcheck,SC2089,SC2089,SR 3.5,SR,,3,Input validation,1,0.512309,1.0,,,
shellcheck,SC2089,SC2089,SR 7.1 RE 1,RE,SR 7.1,7,Manage communication loads,2,0.499691,0.871835,,,
shellcheck,SC2089,SC2089,SR 3.7,SR,,3,Error handling,3,0.491637,0.7973,,,
shellcheck,SC2089,SC2089,SR 2.11,SR,,2,Timestamps,4,0.489066,0.77463,,,
shellcheck,SC2089,SC2089,SR 1.4,SR,,1,Identifier management,5,0.485413,0.743336,,,
shellcheck,SC2089,SC2089,SR 5.2 RE 1,RE,SR 5.2,5,"Deny by default, allow by exception",6,0.48508,0.740538,,,
shellcheck,SC2089,SC2089,SR 7.1,SR,,7,Denial of service protection,7,0.482978,0.723059,,,
shellcheck,SC2089,SC2089,SR 7.7,SR,,7,Least functionality,8,0.480515,0.703008,,,
shellcheck,SC2089,SC2089,SR 7.3,SR,,7,Control system backup,9,0.47875,0.688926,,,
shellcheck,SC2090,SC2090,SR 7.6,SR,,7,Network and security configuration settings,1,0.489061,1.0,,,
shellcheck,SC2090,SC2090,SR 5.4,SR,,5,Application partitioning,2,0.486336,0.969737,,,
shellcheck,SC2090,SC2090,SR 7.6 RE 1,RE,SR 7.6,7,Machine-readable reporting of current security settings,3,0.480567,0.90814,,,
shellcheck,SC2090,SC2090,SR 2.11 RE 1,RE,SR 2.11,2,Internal time synchronization,4,0.473323,0.835359,,,
shellcheck,SC2090,SC2090,SR 1.7 RE 1,RE,SR 1.7,1,Password generation and lifetime restrictions for human users,5,0.470074,0.804304,,,
shellcheck,SC2090,SC2090,SR 3.3,SR,,3,Security functionality verification,6,0.466434,0.77064,,,
shellcheck,SC2090,SC2090,SR 1.5 RE 1,RE,SR 1.5,1,Hardware security for software process identity credentials,7,0.465641,0.76346,,,
shellcheck,SC2090,SC2090,SR 7.1,SR,,7,Denial of service protection,8,0.465373,0.761044,,,
shellcheck,SC2090,SC2090,SR 2.8 RE 1,RE,SR 2.8,2,"Centrally managed, system-wide audit trail",9,0.463961,0.748432,,,
shellcheck,SC2090,SC2090,SR 2.11,SR,,2,Timestamps,10,0.463508,0.744423,,,
shellcheck,SC2091,Remove surrounding $() to avoid executing output (or use eval if intentional).,SR 3.5,SR,,3,Input validation,1,0.493645,1.0,,,
shellcheck,SC2091,Remove surrounding $() to avoid executing output (or use eval if intentional).,SR 7.6 RE 1,RE,SR 7.6,7,Machine-readable reporting of current security settings,2,0.489971,0.959742,,,
shellcheck,SC2091,Remove surrounding $() to avoid executing output (or use eval if intentional).,SR 3.7,SR,,3,Error handling,3,0.478045,0.838101,,,
shellcheck,SC2091,Remove surrounding $() to avoid executing output (or use eval if intentional).,SR 1.5 RE 1,RE,SR 1.5,1,Hardware security for software process identity credentials,4,0.47496,0.808786,,,
shellcheck,SC2091,Remove surrounding $() to avoid executing output (or use eval if intentional).,SR 5.2 RE 2,RE,SR 5.2,5,Island mode,5,0.47441,0.803647,,,
shellcheck,SC2091,Remove surrounding $() to avoid executing output (or use eval if intentional).,SR 5.2 RE 3,RE,SR 5.2,5,Fail close,6,0.474049,0.800283,,,
shellcheck,SC2091,Remove surrounding $() to avoid executing output (or use eval if intentional).,SR 2.11 RE 2,RE,SR 2.11,2,Protection of time source integrity,7,0.473445,0.794696,,,
shellcheck,SC2091,Remove surrounding $() to avoid executing output (or use eval if intentional).,SR 3.6,SR,,3,Deterministic output,8,0.470403,0.767014,,,
shellcheck,SC2091,Remove surrounding $() to avoid executing output (or use eval if intentional).,SR 1.2,SR,,1,Software process and device identification and authentication,9,0.4701,0.764297,,,
shellcheck,SC2091,Remove surrounding $() to avoid executing output (or use eval if intentional).,SR 2.11,SR,,2,Timestamps,10,0.46748,0.741161,,,
shellcheck,SC2092,Remove backticks to avoid executing output.,SR 4.2 RE 1,RE,SR 4.2,4,Purging of shared memory resources,1,0.52217,1.0,,,
shellcheck,SC2092,Remove backticks to avoid executing output.,SR 3.6,SR,,3,Deterministic output,2,0.495957,0.753316,,,
shellcheck,SC2092,Remove backticks to avoid executing output.,SR 3.2 RE 1,RE,SR 3.2,3,Malicious code protection on entry and exit points,3,0.489123,0.697966,,,
shellcheck,SC2092,Remove backticks to avoid executing output.,SR 4.2,SR,,4,Information persistence,4,0.488519,0.69324,,,
shellcheck,SC2093,Remove exec  if script should continue after this command.,SR 7.3,SR,,7,Control system backup,1,0.460921,1.0,,,
shellcheck,SC2093,Remove exec  if script should continue after this command.,SR 1.2,SR,,1,Software process and device identification and authentication,2,0.46087,0.999393,,,
shellcheck,SC2093,Remove exec  if script should continue after this command.,SR 7.1 RE 1,RE,SR 7.1,7,Manage communication loads,3,0.459401,0.982006,,,
shellcheck,SC2093,Remove exec  if script should continue after this command.,SR 2.8 RE 1,RE,SR 2.8,2,"Centrally managed, system-wide audit trail",4,0.456611,0.949645,,,
shellcheck,SC2093,Remove exec  if script should continue after this command.,SR 4.2,SR,,4,Information persistence,5,0.451182,0.889182,,,
shellcheck,SC2093,Remove exec  if script should continue after this command.,SR 3.2 RE 1,RE,SR 3.2,3,Malicious code protection on entry and exit points,6,0.449868,0.875031,,,
shellcheck,SC2093,Remove exec  if script should continue after this command.,SR 3.2 RE 2,RE,SR 3.2,3,Central management and reporting for malicious code protection,7,0.448172,0.857038,,,
shellcheck,SC2093,Remove exec  if script should continue after this command.,SR 3.2,SR,,3,Malicious code protection,8,0.447726,0.852359,,,
shellcheck,SC2093,Remove exec  if script should continue after this command.,SR 3.7,SR,,3,Error handling,9,0.446846,0.843185,,,
shellcheck,SC2093,Remove exec  if script should continue after this command.,SR 3.3 RE 2,RE,SR 3.3,3,Security functionality verification during normal operation,10,0.445054,0.82476,,,
shellcheck,SC2094,Make sure not to read and write the same file in the same pipeline.,SR 7.3,SR,,7,Control system backup,1,0.542948,1.0,,,
shellcheck,SC2094,Make sure not to read and write the same file in the same pipeline.,SR 4.2 RE 1,RE,SR 4.2,4,Purging of shared memory resources,2,0.542573,0.996209,,,
shellcheck,SC2094,Make sure not to read and write the same file in the same pipeline.,SR 3.2 RE 1,RE,SR 3.2,3,Malicious code protection on entry and exit points,3,0.525981,0.83978,,,
shellcheck,SC2094,Make sure not to read and write the same file in the same pipeline.,SR 1.5 RE 1,RE,SR 1.5,1,Hardware security for software process identity credentials,4,0.523153,0.815244,,,
shellcheck,SC2094,Make sure not to read and write the same file in the same pipeline.,SR 2.11,SR,,2,Timestamps,5,0.520937,0.796429,,,
shellcheck,SC2094,Make sure not to read and write the same file in the same pipeline.,SR 3.5,SR,,3,Input validation,6,0.5206,0.793602,,,
shellcheck,SC2094,Make sure not to read and write the same file in the same pipeline.,SR 3.9 RE 1,RE,SR 3.9,3,Audit records on write-once media,7,0.518875,0.779243,,,
shellcheck,SC2094,Make sure not to read and write the same file in the same pipeline.,SR 2.8 RE 1,RE,SR 2.8,2,"Centrally managed, system-wide audit trail",8,0.516938,0.76338,,,
shellcheck,SC2094,Make sure not to read and write the same file in the same pipeline.,SR 3.7,SR,,3,Error handling,9,0.514712,0.745474,,,
shellcheck,SC2094,Make sure not to read and write the same file in the same pipeline.,SR 4.2,SR,,4,Information persistence,10,0.512534,0.728287,,,
shellcheck,SC2095,Use ssh -n to prevent ssh from swallowing stdin.,SR 5.2 RE 2,RE,SR 5.2,5,Island mode,1,0.560149,1.0,,,
shellcheck,SC2095,Use ssh -n to prevent ssh from swallowing stdin.,SR 1.11,SR,,1,Unsuccessful login attempts,2,0.55079,0.911493,,,
shellcheck,SC2095,Use ssh -n to prevent ssh from swallowing stdin.,SR 5.2 RE 3,RE,SR 5.2,5,Fail close,3,0.549316,0.898163,,,
shellcheck,SC2095,Use ssh -n to prevent ssh from swallowing stdin.,SR 7.1,SR,,7,Denial of service protection,4,0.546107,0.869677,,,
shellcheck,SC2095,Use ssh -n to prevent ssh from swallowing stdin.,SR 3.2 RE 1,RE,SR 3.2,3,Malicious code protection on entry and exit points,5,0.54098,0.825712,,,
shellcheck,SC2095,Use ssh -n to prevent ssh from swallowing stdin.,SR 7.1 RE 1,RE,SR 7.1,7,Manage communication loads,6,0.532793,0.759281,,,
shellcheck,SC2095,Use ssh -n to prevent ssh from swallowing stdin.,SR 1.5 RE 1,RE,SR 1.5,1,Hardware security for software process identity credentials,7,0.530527,0.741689,,,
shellcheck,SC2095,Use ssh -n to prevent ssh from swallowing stdin.,SR 3.3,SR,,3,Security functionality verification,8,0.529257,0.731978,,,
shellcheck,SC2095,Use ssh -n to prevent ssh from swallowing stdin.,SR 3.7,SR,,3,Error handling,9,0.528919,0.729408,,,
shellcheck,SC2095,Use ssh -n to prevent ssh from swallowing stdin.,SR 4.2 RE 1,RE,SR 4.2,4,Purging of shared memory resources,10,0.5265,0.711248,,,
shellcheck,SC2096,"On most OS, shebangs can only specify a single parameter.",SR 7.1,SR,,7,Denial of service protection,1,0.500715,1.0,,,
shellcheck,SC2096,"On most OS, shebangs can only specify a single parameter.",SR 7.1 RE 1,RE,SR 7.1,7,Manage communication loads,2,0.500046,0.992673,,,
shellcheck,SC2096,"On most OS, shebangs can only specify a single parameter.",SR 5.2 RE 3,RE,SR 5.2,5,Fail close,3,0.498622,0.977233,,,
shellcheck,SC2096,"On most OS, shebangs can only specify a single parameter.",SR 7.1 RE 2,RE,SR 7.1,7,Limit DoS effects to other systems or networks,4,0.49496,0.938403,,,
shellcheck,SC2096,"On most OS, shebangs can only specify a single parameter.",SR 3.7,SR,,3,Error handling,5,0.494419,0.932775,,,
shellcheck,SC2096,"On most OS, shebangs can only specify a single parameter.",SR 1.7 RE 1,RE,SR 1.7,1,Password generation and lifetime restrictions for human users,6,0.493714,0.925484,,,
shellcheck,SC2096,"On most OS, shebangs can only specify a single parameter.",SR 1.5 RE 1,RE,SR 1.5,1,Hardware security for software process identity credentials,7,0.492273,0.910719,,,
shellcheck,SC2096,"On most OS, shebangs can only specify a single parameter.",SR 3.6,SR,,3,Deterministic output,8,0.491217,0.90003,,,
shellcheck,SC2096,"On most OS, shebangs can only specify a single parameter.",SR 4.2 RE 1,RE,SR 4.2,4,Purging of shared memory resources,9,0.489705,0.884895,,,
shellcheck,SC2096,"On most OS, shebangs can only specify a single parameter.",SR 3.2 RE 1,RE,SR 3.2,3,Malicious code protection on entry and exit points,10,0.485652,0.845357,,,
shellcheck,SC2097,This assignment is only seen by the forked process.,SR 5.2 RE 2,RE,SR 5.2,5,Island mode,1,0.557554,1.0,,,
shellcheck,SC2097,This assignment is only seen by the forked process.,SR 1.4,SR,,1,Identifier management,2,0.554437,0.969637,,,
shellcheck,SC2097,This assignment is only seen by the forked process.,SR 5.2 RE 3,RE,SR 5.2,5,Fail close,3,0.552247,0.948753,,,
shellcheck,SC2097,This assignment is only seen by the forked process.,SR 7.1 RE 1,RE,SR 7.1,7,Manage communication loads,4,0.548963,0.918135,,,
shellcheck,SC2097,This assignment is only seen by the forked process.,SR 7.3,SR,,7,Control system backup,5,0.543654,0.870351,,,
shellcheck,SC2097,This assignment is only seen by the forked process.,SR 3.2 RE 1,RE,SR 3.2,3,Malicious code protection on entry and exit points,6,0.542914,0.863858,,,
shellcheck,SC2097,This assignment is only seen by the forked process.,SR 4.2 RE 1,RE,SR 4.2,4,Purging of shared memory resources,7,0.540259,0.84088,,,
shellcheck,SC2097,This assignment is only seen by the forked process.,SR 1.2,SR,,1,Software process and device identification and authentication,8,0.535136,0.797947,,,
shellcheck,SC2097,This assignment is only seen by the forked process.,SR 1.5 RE 1,RE,SR 1.5,1,Hardware security for software process identity credentials,9,0.532811,0.779065,,,
shellcheck,SC2097,This assignment is only seen by the forked process.,SR 7.1 RE 2,RE,SR 7.1,7,Limit DoS effects to other systems or networks,10,0.531331,0.767238,,,
shellcheck,SC2098,This expansion will not see the mentioned assignment.,SR 7.8,SR,,7,Control system component inventory,1,0.479183,1.0,,,
shellcheck,SC2098,This expansion will not see the mentioned assignment.,SR 1.13 RE 1,RE,SR 1.13,1,Explicit access request approval,2,0.465255,0.850243,,,
shellcheck,SC2098,This expansion will not see the mentioned assignment.,SR 1.3 RE 1,RE,SR 1.3,1,Unified account management,3,0.465147,0.849162,,,
shellcheck,SC2098,This expansion will not see the mentioned assignment.,SR 5.4,SR,,5,Application partitioning,4,0.460915,0.807526,,,
shellcheck,SC2098,This expansion will not see the mentioned assignment.,SR 3.3,SR,,3,Security functionality verification,5,0.454857,0.75085,,,
shellcheck,SC2098,This expansion will not see the mentioned assignment.,SR 1.11,SR,,1,Unsuccessful login attempts,6,0.45342,0.737897,,,
shellcheck,SC2098,This expansion will not see the mentioned assignment.,SR 5.1 RE 2,RE,SR 5.1,5,Independence from non-control system networks,7,0.452553,0.730173,,,
shellcheck,SC2098,This expansion will not see the mentioned assignment.,SR 3.8,SR,,3,Session integrity,8,0.450065,0.708365,,,
shellcheck,SC2099,"Use $((..)) for arithmetics, e.g. i=$((i + 2))",SR 3.5,SR,,3,Input validation,1,0.545677,1.0,,,
shellcheck,SC2099,"Use $((..)) for arithmetics, e.g. i=$((i + 2))",SR 3.7,SR,,3,Error handling,2,0.530744,0.858468,,,
shellcheck,SC2099,"Use $((..)) for arithmetics, e.g. i=$((i + 2))",SR 1.4,SR,,1,Identifier management,3,0.510277,0.691491,,,
shellcheck,SC2100,"Use $((..)) for arithmetics, e.g. i=$((i + 2))",SR 3.5,SR,,3,Input validation,1,0.557402,1.0,,,
shellcheck,SC2100,"Use $((..)) for arithmetics, e.g. i=$((i + 2))",SR 3.7,SR,,3,Error handling,2,0.544075,0.875384,,,
shellcheck,SC2100,"Use $((..)) for arithmetics, e.g. i=$((i + 2))",SR 3.3,SR,,3,Security functionality verification,3,0.526561,0.731211,,,
shellcheck,SC2101,"Named class needs outer [], e.g. [[:digit:]].",SR 5.2 RE 3,RE,SR 5.2,5,Fail close,1,0.521594,1.0,,,
shellcheck,SC2101,"Named class needs outer [], e.g. [[:digit:]].",SR 4.2 RE 1,RE,SR 4.2,4,Purging of shared memory resources,2,0.521399,0.997941,,,
shellcheck,SC2101,"Named class needs outer [], e.g. [[:digit:]].",SR 3.2 RE 1,RE,SR 3.2,3,Malicious code protection on entry and exit points,3,0.51181,0.90109,,,
shellcheck,SC2101,"Named class needs outer [], e.g. [[:digit:]].",SR 7.3,SR,,7,Control system backup,4,0.511676,0.899795,,,
shellcheck,SC2101,"Named class needs outer [], e.g. [[:digit:]].",SR 3.7,SR,,3,Error handling,5,0.504627,0.833697,,,
shellcheck,SC2101,"Named class needs outer [], e.g. [[:digit:]].",SR 2.11,SR,,2,Timestamps,6,0.503899,0.827101,,,
shellcheck,SC2101,"Named class needs outer [], e.g. [[:digit:]].",SR 1.4,SR,,1,Identifier management,7,0.499912,0.791745,,,
shellcheck,SC2101,"Named class needs outer [], e.g. [[:digit:]].",SR 4.2,SR,,4,Information persistence,8,0.499033,0.784119,,,
shellcheck,SC2101,"Named class needs outer [], e.g. [[:digit:]].",SR 2.4 RE 1,RE,SR 2.4,2,Mobile code integrity check,9,0.494244,0.743618,,,
shellcheck,SC2101,"Named class needs outer [], e.g. [[:digit:]].",SR 1.11,SR,,1,Unsuccessful login attempts,10,0.493683,0.738983,,,
shellcheck,SC2102,Ranges can only match single chars (mentioned due to duplicates).,SR 3.8 RE 2,RE,SR 3.8,3,Unique session ID generation,1,0.520196,1.0,,,
shellcheck,SC2102,Ranges can only match single chars (mentioned due to duplicates).,SR 3.8 RE 3,RE,SR 3.8,3,Randomness of session IDs,2,0.516348,0.959992,,,
shellcheck,SC2102,Ranges can only match single chars (mentioned due to duplicates).,SR 2.11,SR,,2,Timestamps,3,0.515902,0.955441,,,
shellcheck,SC2102,Ranges can only match single chars (mentioned due to duplicates).,SR 1.11,SR,,1,Unsuccessful login attempts,4,0.51197,0.916066,,,
shellcheck,SC2102,Ranges can only match single chars (mentioned due to duplicates).,SR 3.2 RE 1,RE,SR 3.2,3,Malicious code protection on entry and exit points,5,0.506215,0.860844,,,
shellcheck,SC2102,Ranges can only match single chars (mentioned due to duplicates).,SR 2.9 RE 1,RE,SR 2.9,2,Warn when audit record storage capacity threshold reached,6,0.502269,0.824581,,,
shellcheck,SC2102,Ranges can only match single chars (mentioned due to duplicates).,SR 4.2 RE 1,RE,SR 4.2,4,Purging of shared memory resources,7,0.493355,0.747237,,,
shellcheck,SC2102,Ranges can only match single chars (mentioned due to duplicates).,SR 1.7 RE 1,RE,SR 1.7,1,Password generation and lifetime restrictions for human users,8,0.488068,0.704245,,,
shellcheck,SC2102,Ranges can only match single chars (mentioned due to duplicates).,SR 2.4 RE 1,RE,SR 2.4,2,Mobile code integrity check,9,0.487865,0.702635,,,
shellcheck,SC2102,Ranges can only match single chars (mentioned due to duplicates).,SR 3.8,SR,,3,Session integrity,10,0.487633,0.700801,,,
shellcheck,SC2103,Use a ( subshell ) to avoid having to cd back.,SR 7.3,SR,,7,Control system backup,1,0.561456,1.0,,,
shellcheck,SC2103,Use a ( subshell ) to avoid having to cd back.,SR 5.2 RE 3,RE,SR 5.2,5,Fail close,2,0.550857,0.900485,,,
shellcheck,SC2103,Use a ( subshell ) to avoid having to cd back.,SR 3.2 RE 1,RE,SR 3.2,3,Malicious code protection on entry and exit points,3,0.546884,0.86534,,,
shellcheck,SC2103,Use a ( subshell ) to avoid having to cd back.,SR 3.7,SR,,3,Error handling,4,0.531768,0.74171,,,
shellcheck,SC2103,Use a ( subshell ) to avoid having to cd back.,SR 3.9 RE 1,RE,SR 3.9,3,Audit records on write-once media,5,0.531594,0.74038,,,
shellcheck,SC2103,Use a ( subshell ) to avoid having to cd back.,SR 7.1,SR,,7,Denial of service protection,6,0.530354,0.730934,,,
shellcheck,SC2103,Use a ( subshell ) to avoid having to cd back.,SR 7.1 RE 1,RE,SR 7.1,7,Manage communication loads,7,0.529958,0.727935,,,
shellcheck,SC2103,Use a ( subshell ) to avoid having to cd back.,SR 7.3 RE 1,RE,SR 7.3,7,Backup verification,8,0.525453,0.694546,,,
shellcheck,SC2104,"In functions, use return instead of break.",SR 5.2 RE 3,RE,SR 5.2,5,Fail close,1,0.549705,1.0,,,
shellcheck,SC2105,break is only valid in loops,SR 1.11,SR,,1,Unsuccessful login attempts,1,0.562647,1.0,,,
shellcheck,SC2105,break is only valid in loops,SR 3.5,SR,,3,Input validation,2,0.558236,0.957636,,,
shellcheck,SC2105,break is only valid in loops,SR 5.2 RE 3,RE,SR 5.2,5,Fail close,3,0.551995,0.900213,,,
shellcheck,SC2105,break is only valid in loops,SR 3.7,SR,,3,Error handling,4,0.539049,0.790057,,,
shellcheck,SC2105,break is only valid in loops,SR 2.12 RE 1,RE,SR 2.12,2,Non-repudiation for all users,5,0.530785,0.725702,,,
shellcheck,SC2105,break is only valid in loops,SR 3.2 RE 1,RE,SR 3.2,3,Malicious code protection on entry and exit points,6,0.528909,0.711705,,,
shellcheck,SC2106,This only exits the subshell caused by the pipeline.,SR 5.2 RE 3,RE,SR 5.2,5,Fail close,1,0.562221,1.0,,,
shellcheck,SC2106,This only exits the subshell caused by the pipeline.,SR 3.2 RE 1,RE,SR 3.2,3,Malicious code protection on entry and exit points,2,0.556715,0.947307,,,
shellcheck,SC2106,This only exits the subshell caused by the pipeline.,SR 3.7,SR,,3,Error handling,3,0.524295,0.681047,,,
shellcheck,SC2107,"Instead of [ a && b ], use [ a ] && [ b ].",SR 3.7,SR,,3,Error handling,1,0.546422,1.0,,,
shellcheck,SC2107,"Instead of [ a && b ], use [ a ] && [ b ].",SR 3.2 RE 1,RE,SR 3.2,3,Malicious code protection on entry and exit points,2,0.538363,0.921529,,,
shellcheck,SC2107,"Instead of [ a && b ], use [ a ] && [ b ].",SR 1.4,SR,,1,Identifier management,3,0.530886,0.853304,,,
shellcheck,SC2107,"Instead of [ a && b ], use [ a ] && [ b ].",SR 3.5,SR,,3,Input validation,4,0.530516,0.850036,,,
shellcheck,SC2107,"Instead of [ a && b ], use [ a ] && [ b ].",SR 2.4,SR,,2,Mobile code,5,0.529606,0.842049,,,
shellcheck,SC2107,"Instead of [ a && b ], use [ a ] && [ b ].",SR 7.1,SR,,7,Denial of service protection,6,0.523141,0.787039,,,
shellcheck,SC2107,"Instead of [ a && b ], use [ a ] && [ b ].",SR 1.7 RE 1,RE,SR 1.7,1,Password generation and lifetime restrictions for human users,7,0.518829,0.752021,,,
shellcheck,SC2107,"Instead of [ a && b ], use [ a ] && [ b ].",SR 5.2 RE 3,RE,SR 5.2,5,Fail close,8,0.517849,0.744236,,,
shellcheck,SC2107,"Instead of [ a && b ], use [ a ] && [ b ].",SR 7.7,SR,,7,Least functionality,9,0.51512,0.72292,,,
shellcheck,SC2107,"Instead of [ a && b ], use [ a ] && [ b ].",SR 7.1 RE 1,RE,SR 7.1,7,Manage communication loads,10,0.514667,0.719429,,,
shellcheck,SC2108,"In [[..]], use && instead of -a.",SR 3.5,SR,,3,Input validation,1,0.522285,1.0,,,
shellcheck,SC2108,"In [[..]], use && instead of -a.",SR 3.7,SR,,3,Error handling,2,0.517758,0.953251,,,
shellcheck,SC2108,"In [[..]], use && instead of -a.",SR 1.4,SR,,1,Identifier management,3,0.512203,0.898341,,,
shellcheck,SC2108,"In [[..]], use && instead of -a.",SR 3.2 RE 1,RE,SR 3.2,3,Malicious code protection on entry and exit points,4,0.510043,0.877699,,,
shellcheck,SC2108,"In [[..]], use && instead of -a.",SR 5.2 RE 3,RE,SR 5.2,5,Fail close,5,0.504931,0.830394,,,
shellcheck,SC2108,"In [[..]], use && instead of -a.",SR 2.4,SR,,2,Mobile code,6,0.499078,0.778818,,,
shellcheck,SC2108,"In [[..]], use && instead of -a.",SR 5.2 RE 1,RE,SR 5.2,5,"Deny by default, allow by exception",7,0.498142,0.770818,,,
shellcheck,SC2108,"In [[..]], use && instead of -a.",SR 1.7 RE 1,RE,SR 1.7,1,Password generation and lifetime restrictions for human users,8,0.496085,0.753472,,,
shellcheck,SC2108,"In [[..]], use && instead of -a.",SR 2.4 RE 1,RE,SR 2.4,2,Mobile code integrity check,9,0.495077,0.745084,,,
shellcheck,SC2108,"In [[..]], use && instead of -a.",SR 3.6,SR,,3,Deterministic output,10,0.494058,0.736692,,,
shellcheck,SC2109,"Instead of [ a || b ], use [ a ] || [ b ].",SR 3.5,SR,,3,Input validation,1,0.55231,1.0,,,
shellcheck,SC2109,"Instead of [ a || b ], use [ a ] || [ b ].",SR 1.4,SR,,1,Identifier management,2,0.541982,0.901383,,,
shellcheck,SC2109,"Instead of [ a || b ], use [ a ] || [ b ].",SR 1.7 RE 1,RE,SR 1.7,1,Password generation and lifetime restrictions for human users,3,0.5356,0.844534,,,
shellcheck,SC2109,"Instead of [ a || b ], use [ a ] || [ b ].",SR 1.7,SR,,1,Strength of password-based authentication,4,0.534865,0.838179,,,
shellcheck,SC2109,"Instead of [ a || b ], use [ a ] || [ b ].",SR 2.4,SR,,2,Mobile code,5,0.531698,0.811239,,,
shellcheck,SC2109,"Instead of [ a || b ], use [ a ] || [ b ].",SR 3.6,SR,,3,Deterministic output,6,0.531561,0.81009,,,
shellcheck,SC2109,"Instead of [ a || b ], use [ a ] || [ b ].",SR 1.11,SR,,1,Unsuccessful login attempts,7,0.531042,0.805754,,,
shellcheck,SC2109,"Instead of [ a || b ], use [ a ] || [ b ].",SR 3.7,SR,,3,Error handling,8,0.526764,0.770693,,,
shellcheck,SC2109,"Instead of [ a || b ], use [ a ] || [ b ].",SR 3.2 RE 1,RE,SR 3.2,3,Malicious code protection on entry and exit points,9,0.525028,0.756827,,,
shellcheck,SC2109,"Instead of [ a || b ], use [ a ] || [ b ].",SR 1.13 RE 1,RE,SR 1.13,1,Explicit access request approval,10,0.519363,0.712991,,,
shellcheck,SC2110,"In [[..]], use || instead of -o.",SR 3.5,SR,,3,Input validation,1,0.536147,1.0,,,
shellcheck,SC2110,"In [[..]], use || instead of -o.",SR 1.4,SR,,1,Identifier management,2,0.528002,0.919254,,,
shellcheck,SC2110,"In [[..]], use || instead of -o.",SR 3.6,SR,,3,Deterministic output,3,0.525252,0.893229,,,
shellcheck,SC2110,"In [[..]], use || instead of -o.",SR 7.1,SR,,7,Denial of service protection,4,0.516157,0.81141,,,
shellcheck,SC2110,"In [[..]], use || instead of -o.",SR 1.11,SR,,1,Unsuccessful login attempts,5,0.508808,0.749872,,,
shellcheck,SC2110,"In [[..]], use || instead of -o.",SR 5.2 RE 3,RE,SR 5.2,5,Fail close,6,0.508611,0.748274,,,
shellcheck,SC2110,"In [[..]], use || instead of -o.",SR 7.1 RE 1,RE,SR 7.1,7,Manage communication loads,7,0.508057,0.7438,,,
shellcheck,SC2110,"In [[..]], use || instead of -o.",SR 1.7 RE 1,RE,SR 1.7,1,Password generation and lifetime restrictions for human users,8,0.507724,0.741125,,,
shellcheck,SC2110,"In [[..]], use || instead of -o.",SR 3.7,SR,,3,Error handling,9,0.506774,0.733532,,,
shellcheck,SC2110,"In [[..]], use || instead of -o.",SR 5.2 RE 2,RE,SR 5.2,5,Island mode,10,0.502357,0.699045,,,
shellcheck,SC2111,ksh does not allow function keyword and () at the same time.,SR 3.3,SR,,3,Security functionality verification,1,0.531596,1.0,,,
shellcheck,SC2111,ksh does not allow function keyword and () at the same time.,SR 7.7,SR,,7,Least functionality,2,0.519366,0.879836,,,
shellcheck,SC2111,ksh does not allow function keyword and () at the same time.,SR 5.2 RE 3,RE,SR 5.2,5,Fail close,3,0.513468,0.826267,,,
shellcheck,SC2111,ksh does not allow function keyword and () at the same time.,SR 3.3 RE 2,RE,SR 3.3,3,Security functionality verification during normal operation,4,0.501663,0.727055,,,
shellcheck,SC2111,ksh does not allow function keyword and () at the same time.,SR 3.2 RE 1,RE,SR 3.2,3,Malicious code protection on entry and exit points,5,0.500416,0.717164,,,
shellcheck,SC2111,ksh does not allow function keyword and () at the same time.,SR 3.3 RE 1,RE,SR 3.3,3,Automated mechanisms for security functionality verification,6,0.499476,0.709785,,,
shellcheck,SC2111,ksh does not allow function keyword and () at the same time.,SR 5.2 RE 1,RE,SR 5.2,5,"Deny by default, allow by exception",7,0.497006,0.690696,,,
shellcheck,SC2112,function keyword is non-standard. Delete it.,SR 3.3,SR,,3,Security functionality verification,1,0.538374,1.0,,,
shellcheck,SC2112,function keyword is non-standard. Delete it.,SR 3.3 RE 2,RE,SR 3.3,3,Security functionality verification during normal operation,2,0.520531,0.830795,,,
shellcheck,SC2112,function keyword is non-standard. Delete it.,SR 5.2 RE 3,RE,SR 5.2,5,Fail close,3,0.509056,0.73493,,,
shellcheck,SC2112,function keyword is non-standard. Delete it.,SR 3.2 RE 1,RE,SR 3.2,3,Malicious code protection on entry and exit points,4,0.50217,0.681892,,,
shellcheck,SC2113,function keyword is non-standard. Use foo() instead of function foo.,SR 3.3,SR,,3,Security functionality verification,1,0.516359,1.0,,,
shellcheck,SC2113,function keyword is non-standard. Use foo() instead of function foo.,SR 5.2 RE 3,RE,SR 5.2,5,Fail close,2,0.50538,0.888516,,,
shellcheck,SC2113,function keyword is non-standard. Use foo() instead of function foo.,SR 3.3 RE 2,RE,SR 3.3,3,Security functionality verification during normal operation,3,0.492227,0.768558,,,
shellcheck,SC2114,Warning: deletes a system directory.,SR 4.2 RE 1,RE,SR 4.2,4,Purging of shared memory resources,1,0.535213,1.0,,,
shellcheck,SC2114,Warning: deletes a system directory.,SR 4.2,SR,,4,Information persistence,2,0.507281,0.744675,,,
shellcheck,SC2115,"Use ""${var:?}"" to ensure this never expands to /* .",SR 5.2 RE 2,RE,SR 5.2,5,Island mode,1,0.551013,1.0,,,
shellcheck,SC2115,"Use ""${var:?}"" to ensure this never expands to /* .",SR 3.2 RE 1,RE,SR 3.2,3,Malicious code protection on entry and exit points,2,0.541261,0.90646,,,
shellcheck,SC2115,"Use ""${var:?}"" to ensure this never expands to /* .",SR 5.2 RE 3,RE,SR 5.2,5,Fail close,3,0.535475,0.854425,,,
shellcheck,SC2115,"Use ""${var:?}"" to ensure this never expands to /* .",SR 7.1 RE 1,RE,SR 7.1,7,Manage communication loads,4,0.531197,0.817554,,,
shellcheck,SC2115,"Use ""${var:?}"" to ensure this never expands to /* .",SR 2.9 RE 1,RE,SR 2.9,2,Warn when audit record storage capacity threshold reached,5,0.522679,0.748002,,,
shellcheck,SC2115,"Use ""${var:?}"" to ensure this never expands to /* .",SR 1.5 RE 1,RE,SR 1.5,1,Hardware security for software process identity credentials,6,0.519376,0.722371,,,
shellcheck,SC2115,"Use ""${var:?}"" to ensure this never expands to /* .",SR 2.11 RE 2,RE,SR 2.11,2,Protection of time source integrity,7,0.518739,0.71751,,,
shellcheck,SC2115,"Use ""${var:?}"" to ensure this never expands to /* .",SR 4.2 RE 1,RE,SR 4.2,4,Purging of shared memory resources,8,0.518413,0.715034,,,
shellcheck,SC2115,"Use ""${var:?}"" to ensure this never expands to /* .",SR 2.11,SR,,2,Timestamps,9,0.514465,0.685593,,,
shellcheck,SC2116,"Useless echo? Instead of cmd $(echo foo), just use cmd foo.",SR 2.11,SR,,2,Timestamps,1,0.50856,1.0,,,
shellcheck,SC2116,"Useless echo? Instead of cmd $(echo foo), just use cmd foo.",SR 1.4,SR,,1,Identifier management,2,0.500751,0.918411,,,
shellcheck,SC2116,"Useless echo? Instead of cmd $(echo foo), just use cmd foo.",SR 1.12,SR,,1,System use notification,3,0.498736,0.898268,,,
shellcheck,SC2116,"Useless echo? Instead of cmd $(echo foo), just use cmd foo.",SR 7.1 RE 1,RE,SR 7.1,7,Manage communication loads,4,0.493177,0.844567,,,
shellcheck,SC2116,"Useless echo? Instead of cmd $(echo foo), just use cmd foo.",SR 3.5,SR,,3,Input validation,5,0.486796,0.786192,,,
shellcheck,SC2116,"Useless echo? Instead of cmd $(echo foo), just use cmd foo.",SR 3.8 RE 2,RE,SR 3.8,3,Unique session ID generation,6,0.484596,0.766846,,,
shellcheck,SC2117,"To run commands as another user, use su -c or sudo.",SR 2.1 RE 3,RE,SR 2.1,2,Supervisor override,1,0.548524,1.0,,,
shellcheck,SC2117,"To run commands as another user, use su -c or sudo.",SR 2.1 RE 1,RE,SR 2.1,2,Authorization enforcement for all users,2,0.547861,0.993364,,,
shellcheck,SC2117,"To run commands as another user, use su -c or sudo.",SR 2.12 RE 1,RE,SR 2.12,2,Non-repudiation for all users,3,0.547089,0.985695,,,
shellcheck,SC2117,"To run commands as another user, use su -c or sudo.",SR 1.13 RE 1,RE,SR 1.13,1,Explicit access request approval,4,0.544514,0.960448,,,
shellcheck,SC2117,"To run commands as another user, use su -c or sudo.",SR 1.11,SR,,1,Unsuccessful login attempts,5,0.54275,0.943459,,,
shellcheck,SC2117,"To run commands as another user, use su -c or sudo.",SR 2.1 RE 2,RE,SR 2.1,2,Permission mapping to roles,6,0.536643,0.886524,,,
shellcheck,SC2117,"To run commands as another user, use su -c or sudo.",SR 1.5 RE 1,RE,SR 1.5,1,Hardware security for software process identity credentials,7,0.534673,0.868778,,,
shellcheck,SC2117,"To run commands as another user, use su -c or sudo.",SR 2.1,SR,,2,Authorization enforcement,8,0.528887,0.81831,,,
shellcheck,SC2117,"To run commands as another user, use su -c or sudo.",SR 5.3,SR,,5,General purpose person-to-person communication restrictions,9,0.521865,0.760316,,,
shellcheck,SC2117,"To run commands as another user, use su -c or sudo.",SR 1.1,SR,,1,Human user identification and authentication,10,0.520374,0.748443,,,
shellcheck,SC2118,Ksh does not support |&. Use 2>&1 |,SR 1.11,SR,,1,Unsuccessful login attempts,1,0.477711,1.0,,,
shellcheck,SC2118,Ksh does not support |&. Use 2>&1 |,SR 1.5 RE 1,RE,SR 1.5,1,Hardware security for software process identity credentials,2,0.471536,0.930948,,,
shellcheck,SC2118,Ksh does not support |&. Use 2>&1 |,SR 5.2 RE 3,RE,SR 5.2,5,Fail close,3,0.467706,0.890108,,,
shellcheck,SC2118,Ksh does not support |&. Use 2>&1 |,SR 5.2 RE 2,RE,SR 5.2,5,Island mode,4,0.461709,0.829121,,,
shellcheck,SC2118,Ksh does not support |&. Use 2>&1 |,SR 2.1 RE 4,RE,SR 2.1,2,Dual approval,5,0.459348,0.806074,,,
shellcheck,SC2118,Ksh does not support |&. Use 2>&1 |,SR 2.4 RE 1,RE,SR 2.4,2,Mobile code integrity check,6,0.454137,0.757041,,,
shellcheck,SC2118,Ksh does not support |&. Use 2>&1 |,SR 3.2 RE 1,RE,SR 3.2,3,Malicious code protection on entry and exit points,7,0.453759,0.753585,,,
shellcheck,SC2118,Ksh does not support |&. Use 2>&1 |,SR 5.3 RE 1,RE,SR 5.3,5,Prohibit all general purpose person-to-person communications,8,0.451002,0.728745,,,
shellcheck,SC2118,Ksh does not support |&. Use 2>&1 |,SR 3.3,SR,,3,Security functionality verification,9,0.449331,0.714019,,,
shellcheck,SC2118,Ksh does not support |&. Use 2>&1 |,SR 5.2 RE 1,RE,SR 5.2,5,"Deny by default, allow by exception",10,0.447115,0.69486,,,
shellcheck,SC2119,"Use foo ""$@"" if function's $1 should mean script's $1.",SR 2.12 RE 1,RE,SR 2.12,2,Non-repudiation for all users,1,0.523684,1.0,,,
shellcheck,SC2119,"Use foo ""$@"" if function's $1 should mean script's $1.",SR 3.5,SR,,3,Input validation,2,0.502271,0.794835,,,
shellcheck,SC2119,"Use foo ""$@"" if function's $1 should mean script's $1.",SR 1.5 RE 1,RE,SR 1.5,1,Hardware security for software process identity credentials,3,0.500371,0.778434,,,
shellcheck,SC2119,"Use foo ""$@"" if function's $1 should mean script's $1.",SR 3.6,SR,,3,Deterministic output,4,0.498297,0.760854,,,
shellcheck,SC2119,"Use foo ""$@"" if function's $1 should mean script's $1.",SR 1.2 RE 1,RE,SR 1.2,1,Unique identification and authentication,5,0.495367,0.736573,,,
shellcheck,SC2119,"Use foo ""$@"" if function's $1 should mean script's $1.",SR 3.3,SR,,3,Security functionality verification,6,0.492593,0.714168,,,
shellcheck,SC2119,"Use foo ""$@"" if function's $1 should mean script's $1.",SR 2.12,SR,,2,Non-repudiation,7,0.491782,0.707726,,,
shellcheck,SC2119,"Use foo ""$@"" if function's $1 should mean script's $1.",SR 7.7,SR,,7,Least functionality,8,0.488798,0.684428,,,
shellcheck,SC2120,SC2120,SR 7.1 RE 1,RE,SR 7.1,7,Manage communication loads,1,0.498918,1.0,,,
shellcheck,SC2120,SC2120,SR 3.5,SR,,3,Input validation,2,0.497635,0.985938,,,
shellcheck,SC2120,SC2120,SR 1.4,SR,,1,Identifier management,3,0.491022,0.915997,,,
shellcheck,SC2120,SC2120,SR 1.12,SR,,1,System use notification,4,0.486181,0.867413,,,
shellcheck,SC2120,SC2120,SR 2.11,SR,,2,Timestamps,5,0.483247,0.839016,,,
shellcheck,SC2120,SC2120,SR 2.12 RE 1,RE,SR 2.12,2,Non-repudiation for all users,6,0.482953,0.836204,,,
shellcheck,SC2120,SC2120,SR 5.2 RE 3,RE,SR 5.2,5,Fail close,7,0.482694,0.833742,,,
shellcheck,SC2120,SC2120,SR 2.1 RE 3,RE,SR 2.1,2,Supervisor override,8,0.481851,0.825765,,,
shellcheck,SC2120,SC2120,SR 7.6 RE 1,RE,SR 7.6,7,Machine-readable reporting of current security settings,9,0.481439,0.821892,,,
shellcheck,SC2120,SC2120,SR 3.7,SR,,3,Error handling,10,0.473521,0.75025,,,
shellcheck,SC2121,"To assign a variable, use just var=value, not set ...",SR 3.6,SR,,3,Deterministic output,1,0.510326,1.0,,,
shellcheck,SC2121,"To assign a variable, use just var=value, not set ...",SR 3.5,SR,,3,Input validation,2,0.503953,0.933219,,,
shellcheck,SC2121,"To assign a variable, use just var=value, not set ...",SR 1.4,SR,,1,Identifier management,3,0.491101,0.809618,,,
shellcheck,SC2121,"To assign a variable, use just var=value, not set ...",SR 3.8 RE 3,RE,SR 3.8,3,Randomness of session IDs,4,0.489676,0.796781,,,
shellcheck,SC2121,"To assign a variable, use just var=value, not set ...",SR 1.11,SR,,1,Unsuccessful login attempts,5,0.488489,0.786215,,,
shellcheck,SC2121,"To assign a variable, use just var=value, not set ...",SR 2.4,SR,,2,Mobile code,6,0.486387,0.76779,,,
shellcheck,SC2121,"To assign a variable, use just var=value, not set ...",SR 2.12 RE 1,RE,SR 2.12,2,Non-repudiation for all users,7,0.485838,0.763029,,,
shellcheck,SC2121,"To assign a variable, use just var=value, not set ...",SR 7.6,SR,,7,Network and security configuration settings,8,0.483936,0.746747,,,
shellcheck,SC2121,"To assign a variable, use just var=value, not set ...",SR 1.13 RE 1,RE,SR 1.13,1,Explicit access request approval,9,0.481612,0.727234,,,
shellcheck,SC2121,"To assign a variable, use just var=value, not set ...",SR 3.7,SR,,3,Error handling,10,0.481024,0.722362,,,
shellcheck,SC2122,>= is not a valid operator. Use ! a < b instead.,SR 3.5,SR,,3,Input validation,1,0.526533,1.0,,,
shellcheck,SC2122,>= is not a valid operator. Use ! a < b instead.,SR 1.11,SR,,1,Unsuccessful login attempts,2,0.524272,0.976616,,,
shellcheck,SC2122,>= is not a valid operator. Use ! a < b instead.,SR 5.2 RE 3,RE,SR 5.2,5,Fail close,3,0.519904,0.932691,,,
shellcheck,SC2122,>= is not a valid operator. Use ! a < b instead.,SR 3.6,SR,,3,Deterministic output,4,0.510341,0.842161,,,
shellcheck,SC2122,>= is not a valid operator. Use ! a < b instead.,SR 3.7,SR,,3,Error handling,5,0.508203,0.822934,,,
shellcheck,SC2122,>= is not a valid operator. Use ! a < b instead.,SR 2.12 RE 1,RE,SR 2.12,2,Non-repudiation for all users,6,0.50363,0.783028,,,
shellcheck,SC2122,>= is not a valid operator. Use ! a < b instead.,SR 2.12,SR,,2,Non-repudiation,7,0.499264,0.746414,,,
shellcheck,SC2122,>= is not a valid operator. Use ! a < b instead.,SR 3.2 RE 1,RE,SR 3.2,3,Malicious code protection on entry and exit points,8,0.495569,0.716528,,,
shellcheck,SC2122,>= is not a valid operator. Use ! a < b instead.,SR 3.3,SR,,3,Security functionality verification,9,0.494365,0.707004,,,
shellcheck,SC2122,>= is not a valid operator. Use ! a < b instead.,SR 2.4 RE 1,RE,SR 2.4,2,Mobile code integrity check,10,0.492657,0.693673,,,
shellcheck,SC2123,PATH is the shell search path. Use another name.,SR 7.3,SR,,7,Control system backup,1,0.501852,1.0,,,
shellcheck,SC2123,PATH is the shell search path. Use another name.,SR 3.7,SR,,3,Error handling,2,0.49849,0.9637,,,
shellcheck,SC2123,PATH is the shell search path. Use another name.,SR 3.2 RE 1,RE,SR 3.2,3,Malicious code protection on entry and exit points,3,0.482949,0.809634,,,
shellcheck,SC2123,PATH is the shell search path. Use another name.,SR 1.4,SR,,1,Identifier management,4,0.482789,0.808159,,,
shellcheck,SC2123,PATH is the shell search path. Use another name.,SR 3.5,SR,,3,Input validation,5,0.469783,0.695453,,,
shellcheck,SC2123,PATH is the shell search path. Use another name.,SR 5.2 RE 2,RE,SR 5.2,5,Island mode,6,0.469636,0.694258,,,
shellcheck,SC2124,"Assigning an array to a string! Assign as array, or use * instead of @ to concatenate.",SR 1.4,SR,,1,Identifier management,1,0.498684,1.0,,,
shellcheck,SC2124,"Assigning an array to a string! Assign as array, or use * instead of @ to concatenate.",SR 3.5,SR,,3,Input validation,2,0.494013,0.949558,,,
shellcheck,SC2124,"Assigning an array to a string! Assign as array, or use * instead of @ to concatenate.",SR 3.6,SR,,3,Deterministic output,3,0.474056,0.756876,,,
shellcheck,SC2124,"Assigning an array to a string! Assign as array, or use * instead of @ to concatenate.",SR 7.1 RE 1,RE,SR 7.1,7,Manage communication loads,4,0.470763,0.728405,,,
shellcheck,SC2124,"Assigning an array to a string! Assign as array, or use * instead of @ to concatenate.",SR 4.2 RE 1,RE,SR 4.2,4,Purging of shared memory resources,5,0.468583,0.710045,,,
shellcheck,SC2124,"Assigning an array to a string! Assign as array, or use * instead of @ to concatenate.",SR 1.7 RE 1,RE,SR 1.7,1,Password generation and lifetime restrictions for human users,6,0.467604,0.70193,,,
shellcheck,SC2124,"Assigning an array to a string! Assign as array, or use * instead of @ to concatenate.",SR 3.8 RE 2,RE,SR 3.8,3,Unique session ID generation,7,0.467433,0.700517,,,
shellcheck,SC2125,Brace expansions and globs are literal in assignments. Quote it or use an array.,SR 3.5,SR,,3,Input validation,1,0.499638,1.0,,,
shellcheck,SC2125,Brace expansions and globs are literal in assignments. Quote it or use an array.,SR 7.3,SR,,7,Control system backup,2,0.488821,0.886581,,,
shellcheck,SC2125,Brace expansions and globs are literal in assignments. Quote it or use an array.,SR 3.2 RE 1,RE,SR 3.2,3,Malicious code protection on entry and exit points,3,0.486213,0.860875,,,
shellcheck,SC2125,Brace expansions and globs are literal in assignments. Quote it or use an array.,SR 5.2 RE 3,RE,SR 5.2,5,Fail close,4,0.484541,0.844717,,,
shellcheck,SC2125,Brace expansions and globs are literal in assignments. Quote it or use an array.,SR 2.11,SR,,2,Timestamps,5,0.478004,0.783908,,,
shellcheck,SC2125,Brace expansions and globs are literal in assignments. Quote it or use an array.,SR 1.11,SR,,1,Unsuccessful login attempts,6,0.475,0.757196,,,
shellcheck,SC2125,Brace expansions and globs are literal in assignments. Quote it or use an array.,SR 2.11 RE 2,RE,SR 2.11,2,Protection of time source integrity,7,0.473042,0.740186,,,
shellcheck,SC2125,Brace expansions and globs are literal in assignments. Quote it or use an array.,SR 3.6,SR,,3,Deterministic output,8,0.470295,0.716854,,,
shellcheck,SC2125,Brace expansions and globs are literal in assignments. Quote it or use an array.,SR 2.9 RE 1,RE,SR 2.9,2,Warn when audit record storage capacity threshold reached,9,0.468253,0.699901,,,
shellcheck,SC2126,Consider using grep -c instead of grep | wc,SR 2.9 RE 1,RE,SR 2.9,2,Warn when audit record storage capacity threshold reached,1,0.495261,1.0,,,
shellcheck,SC2126,Consider using grep -c instead of grep | wc,SR 2.9,SR,,2,Audit storage capacity,2,0.48697,0.911327,,,
shellcheck,SC2126,Consider using grep -c instead of grep | wc,SR 3.2 RE 1,RE,SR 3.2,3,Malicious code protection on entry and exit points,3,0.485343,0.894705,,,
shellcheck,SC2126,Consider using grep -c instead of grep | wc,SR 3.7,SR,,3,Error handling,4,0.482953,0.870741,,,
shellcheck,SC2126,Consider using grep -c instead of grep | wc,SR 7.3,SR,,7,Control system backup,5,0.481245,0.853942,,,
shellcheck,SC2126,Consider using grep -c instead of grep | wc,SR 2.8 RE 1,RE,SR 2.8,2,"Centrally managed, system-wide audit trail",6,0.478152,0.824186,,,
shellcheck,SC2126,Consider using grep -c instead of grep | wc,SR 3.2 RE 2,RE,SR 3.2,3,Central management and reporting for malicious code protection,7,0.477468,0.81772,,,
shellcheck,SC2126,Consider using grep -c instead of grep | wc,SR 7.1 RE 1,RE,SR 7.1,7,Manage communication loads,8,0.476946,0.812818,,,
shellcheck,SC2126,Consider using grep -c instead of grep | wc,SR 3.2,SR,,3,Malicious code protection,9,0.476944,0.812803,,,
shellcheck,SC2126,Consider using grep -c instead of grep | wc,SR 5.2 RE 3,RE,SR 5.2,5,Fail close,10,0.476654,0.810083,,,
shellcheck,SC2127,"To use ${ ..; }, specify #!/usr/bin/env ksh.",SR 3.7,SR,,3,Error handling,1,0.529067,1.0,,,
shellcheck,SC2127,"To use ${ ..; }, specify #!/usr/bin/env ksh.",SR 7.1,SR,,7,Denial of service protection,2,0.525765,0.966152,,,
shellcheck,SC2127,"To use ${ ..; }, specify #!/usr/bin/env ksh.",SR 5.2 RE 1,RE,SR 5.2,5,"Deny by default, allow by exception",3,0.511999,0.834972,,,
shellcheck,SC2127,"To use ${ ..; }, specify #!/usr/bin/env ksh.",SR 3.5,SR,,3,Input validation,4,0.510419,0.8209,,,
shellcheck,SC2127,"To use ${ ..; }, specify #!/usr/bin/env ksh.",SR 7.1 RE 1,RE,SR 7.1,7,Manage communication loads,5,0.50723,0.793084,,,
shellcheck,SC2127,"To use ${ ..; }, specify #!/usr/bin/env ksh.",SR 1.4,SR,,1,Identifier management,6,0.50493,0.773499,,,
shellcheck,SC2127,"To use ${ ..; }, specify #!/usr/bin/env ksh.",SR 5.2 RE 3,RE,SR 5.2,5,Fail close,7,0.504886,0.773136,,,
shellcheck,SC2127,"To use ${ ..; }, specify #!/usr/bin/env ksh.",SR 2.12 RE 1,RE,SR 2.12,2,Non-repudiation for all users,8,0.503048,0.757776,,,
shellcheck,SC2127,"To use ${ ..; }, specify #!/usr/bin/env ksh.",SR 3.2 RE 1,RE,SR 3.2,3,Malicious code protection on entry and exit points,9,0.502944,0.756917,,,
shellcheck,SC2127,"To use ${ ..; }, specify #!/usr/bin/env ksh.",SR 1.13 RE 1,RE,SR 1.13,1,Explicit access request approval,10,0.49932,0.7274,,,
shellcheck,SC2128,Expanding an array without an index only gives the element in the index 0.,SR 7.1 RE 1,RE,SR 7.1,7,Manage communication loads,1,0.459383,1.0,,,
shellcheck,SC2128,Expanding an array without an index only gives the element in the index 0.,SR 5.2 RE 1,RE,SR 5.2,5,"Deny by default, allow by exception",2,0.458939,0.994692,,,
shellcheck,SC2128,Expanding an array without an index only gives the element in the index 0.,SR 3.6,SR,,3,Deterministic output,3,0.457062,0.972526,,,
shellcheck,SC2128,Expanding an array without an index only gives the element in the index 0.,SR 3.8 RE 2,RE,SR 3.8,3,Unique session ID generation,4,0.453977,0.936969,,,
shellcheck,SC2128,Expanding an array without an index only gives the element in the index 0.,SR 2.11,SR,,2,Timestamps,5,0.45349,0.931453,,,
shellcheck,SC2128,Expanding an array without an index only gives the element in the index 0.,SR 3.8 RE 3,RE,SR 3.8,3,Randomness of session IDs,6,0.452492,0.920231,,,
shellcheck,SC2128,Expanding an array without an index only gives the element in the index 0.,SR 4.2,SR,,4,Information persistence,7,0.446826,0.858618,,,
shellcheck,SC2128,Expanding an array without an index only gives the element in the index 0.,SR 1.13 RE 1,RE,SR 1.13,1,Explicit access request approval,8,0.445451,0.844184,,,
shellcheck,SC2128,Expanding an array without an index only gives the element in the index 0.,SR 4.2 RE 1,RE,SR 4.2,4,Purging of shared memory resources,9,0.441135,0.800167,,,
shellcheck,SC2128,Expanding an array without an index only gives the element in the index 0.,SR 1.4,SR,,1,Identifier management,10,0.439089,0.779971,,,
shellcheck,SC2129,Consider using { cmd1; cmd2; } >> file instead of individual redirects.,SR 2.11,SR,,2,Timestamps,1,0.537515,1.0,,,
shellcheck,SC2129,Consider using { cmd1; cmd2; } >> file instead of individual redirects.,SR 1.11,SR,,1,Unsuccessful login attempts,2,0.532691,0.951627,,,
shellcheck,SC2129,Consider using { cmd1; cmd2; } >> file instead of individual redirects.,SR 3.9 RE 1,RE,SR 3.9,3,Audit records on write-once media,3,0.524274,0.871817,,,
shellcheck,SC2129,Consider using { cmd1; cmd2; } >> file instead of individual redirects.,SR 7.1 RE 1,RE,SR 7.1,7,Manage communication loads,4,0.523542,0.865136,,,
shellcheck,SC2129,Consider using { cmd1; cmd2; } >> file instead of individual redirects.,SR 3.8 RE 1,RE,SR 3.8,3,Invalidation of session IDs after session termination,5,0.517354,0.810377,,,
shellcheck,SC2129,Consider using { cmd1; cmd2; } >> file instead of individual redirects.,SR 5.2 RE 1,RE,SR 5.2,5,"Deny by default, allow by exception",6,0.514821,0.788794,,,
shellcheck,SC2129,Consider using { cmd1; cmd2; } >> file instead of individual redirects.,SR 7.3,SR,,7,Control system backup,7,0.514485,0.785969,,,
shellcheck,SC2129,Consider using { cmd1; cmd2; } >> file instead of individual redirects.,SR 7.1,SR,,7,Denial of service protection,8,0.512088,0.766031,,,
shellcheck,SC2129,Consider using { cmd1; cmd2; } >> file instead of individual redirects.,SR 3.2 RE 1,RE,SR 3.2,3,Malicious code protection on entry and exit points,9,0.511969,0.765054,,,
shellcheck,SC2129,Consider using { cmd1; cmd2; } >> file instead of individual redirects.,SR 2.8 RE 1,RE,SR 2.8,2,"Centrally managed, system-wide audit trail",10,0.510005,0.749056,,,
shellcheck,SC2130,-eq is for integer comparisons. Use = instead.,SR 3.7,SR,,3,Error handling,1,0.516966,1.0,,,
shellcheck,SC2130,-eq is for integer comparisons. Use = instead.,SR 3.6,SR,,3,Deterministic output,2,0.515182,0.981165,,,
shellcheck,SC2130,-eq is for integer comparisons. Use = instead.,SR 3.8 RE 2,RE,SR 3.8,3,Unique session ID generation,3,0.507792,0.90621,,,
shellcheck,SC2130,-eq is for integer comparisons. Use = instead.,SR 3.8 RE 3,RE,SR 3.8,3,Randomness of session IDs,4,0.505819,0.887015,,,
shellcheck,SC2130,-eq is for integer comparisons. Use = instead.,SR 1.4,SR,,1,Identifier management,5,0.492234,0.76366,,,
shellcheck,SC2130,-eq is for integer comparisons. Use = instead.,SR 3.5,SR,,3,Input validation,6,0.490182,0.746316,,,
shellcheck,SC2130,-eq is for integer comparisons. Use = instead.,SR 3.8,SR,,3,Session integrity,7,0.486755,0.718066,,,
shellcheck,SC2130,-eq is for integer comparisons. Use = instead.,SR 3.3,SR,,3,Security functionality verification,8,0.485964,0.711674,,,
shellcheck,SC2130,-eq is for integer comparisons. Use = instead.,SR 1.11,SR,,1,Unsuccessful login attempts,9,0.485652,0.709163,,,
shellcheck,SC2130,-eq is for integer comparisons. Use = instead.,SR 5.2 RE 3,RE,SR 5.2,5,Fail close,10,0.48272,0.685932,,,
shellcheck,SC2139,"This expands when defined, not when used. Consider escaping.",SR 2.11,SR,,2,Timestamps,1,0.525947,1.0,,,
shellcheck,SC2139,"This expands when defined, not when used. Consider escaping.",SR 6.1 RE 1,RE,SR 6.1,6,Programmatic access to audit logs,2,0.516532,0.905425,,,
shellcheck,SC2139,"This expands when defined, not when used. Consider escaping.",SR 1.2 RE 1,RE,SR 1.2,1,Unique identification and authentication,3,0.515871,0.899071,,,
shellcheck,SC2139,"This expands when defined, not when used. Consider escaping.",SR 2.11 RE 2,RE,SR 2.11,2,Protection of time source integrity,4,0.514159,0.882786,,,
shellcheck,SC2139,"This expands when defined, not when used. Consider escaping.",SR 5.2 RE 2,RE,SR 5.2,5,Island mode,5,0.513916,0.880488,,,
shellcheck,SC2139,"This expands when defined, not when used. Consider escaping.",SR 7.1 RE 1,RE,SR 7.1,7,Manage communication loads,6,0.511848,0.861179,,,
shellcheck,SC2139,"This expands when defined, not when used. Consider escaping.",SR 1.4,SR,,1,Identifier management,7,0.510791,0.851439,,,
shellcheck,SC2139,"This expands when defined, not when used. Consider escaping.",SR 3.8,SR,,3,Session integrity,8,0.509587,0.840465,,,
shellcheck,SC2139,"This expands when defined, not when used. Consider escaping.",SR 1.5 RE 1,RE,SR 1.5,1,Hardware security for software process identity credentials,9,0.50788,0.825098,,,
shellcheck,SC2139,"This expands when defined, not when used. Consider escaping.",SR 3.5,SR,,3,Input validation,10,0.507289,0.819827,,,
shellcheck,SC2140,"Word is of the form ""A""B""C"" (B indicated). Did you mean ""ABC"" or ""A\""B\""C""?",SR 3.2 RE 1,RE,SR 3.2,3,Malicious code protection on entry and exit points,1,0.546477,1.0,,,
shellcheck,SC2140,"Word is of the form ""A""B""C"" (B indicated). Did you mean ""ABC"" or ""A\""B\""C""?",SR 3.7,SR,,3,Error handling,2,0.538434,0.921684,,,
shellcheck,SC2140,"Word is of the form ""A""B""C"" (B indicated). Did you mean ""ABC"" or ""A\""B\""C""?",SR 1.4,SR,,1,Identifier management,3,0.535883,0.897928,,,
shellcheck,SC2140,"Word is of the form ""A""B""C"" (B indicated). Did you mean ""ABC"" or ""A\""B\""C""?",SR 3.5,SR,,3,Input validation,4,0.528862,0.835095,,,
shellcheck,SC2140,"Word is of the form ""A""B""C"" (B indicated). Did you mean ""ABC"" or ""A\""B\""C""?",SR 2.4,SR,,2,Mobile code,5,0.526752,0.816937,,,
shellcheck,SC2140,"Word is of the form ""A""B""C"" (B indicated). Did you mean ""ABC"" or ""A\""B\""C""?",SR 2.4 RE 1,RE,SR 2.4,2,Mobile code integrity check,6,0.52212,0.778199,,,
shellcheck,SC2140,"Word is of the form ""A""B""C"" (B indicated). Did you mean ""ABC"" or ""A\""B\""C""?",SR 7.6 RE 1,RE,SR 7.6,7,Machine-readable reporting of current security settings,7,0.521304,0.771539,,,
shellcheck,SC2140,"Word is of the form ""A""B""C"" (B indicated). Did you mean ""ABC"" or ""A\""B\""C""?",SR 2.11,SR,,2,Timestamps,8,0.520153,0.762216,,,
shellcheck,SC2140,"Word is of the form ""A""B""C"" (B indicated). Did you mean ""ABC"" or ""A\""B\""C""?",SR 3.2,SR,,3,Malicious code protection,9,0.519387,0.756061,,,
shellcheck,SC2140,"Word is of the form ""A""B""C"" (B indicated). Did you mean ""ABC"" or ""A\""B\""C""?",SR 3.2 RE 2,RE,SR 3.2,3,Central management and reporting for malicious code protection,10,0.514304,0.716247,,,
shellcheck,SC2141,Did you mean IFS=$'\t' ?,SR 3.5,SR,,3,Input validation,1,0.540521,1.0,,,
shellcheck,SC2141,Did you mean IFS=$'\t' ?,SR 5.2 RE 3,RE,SR 5.2,5,Fail close,2,0.539919,0.993899,,,
shellcheck,SC2141,Did you mean IFS=$'\t' ?,SR 3.3,SR,,3,Security functionality verification,3,0.52443,0.846868,,,
shellcheck,SC2141,Did you mean IFS=$'\t' ?,SR 3.6,SR,,3,Deterministic output,4,0.516275,0.776924,,,
shellcheck,SC2141,Did you mean IFS=$'\t' ?,SR 1.4,SR,,1,Identifier management,5,0.506805,0.701711,,,
shellcheck,SC2141,Did you mean IFS=$'\t' ?,SR 5.2 RE 2,RE,SR 5.2,5,Island mode,6,0.506357,0.698303,,,
shellcheck,SC2141,Did you mean IFS=$'\t' ?,SR 3.7,SR,,3,Error handling,7,0.506264,0.697601,,,
shellcheck,SC2141,Did you mean IFS=$'\t' ?,SR 1.11,SR,,1,Unsuccessful login attempts,8,0.505456,0.691496,,,
shellcheck,SC2141,Did you mean IFS=$'\t' ?,SR 7.1,SR,,7,Denial of service protection,9,0.50442,0.683742,,,
shellcheck,SC2142,Aliases can't use positional parameters. Use a function.,SR 7.3,SR,,7,Control system backup,1,0.607247,1.0,,,
shellcheck,SC2143,Use grep -q instead of comparing output with [ -n .. ].,SR 3.7,SR,,3,Error handling,1,0.507892,1.0,,,
shellcheck,SC2143,Use grep -q instead of comparing output with [ -n .. ].,SR 2.9 RE 1,RE,SR 2.9,2,Warn when audit record storage capacity threshold reached,2,0.495488,0.872849,,,
shellcheck,SC2143,Use grep -q instead of comparing output with [ -n .. ].,SR 7.3 RE 1,RE,SR 7.3,7,Backup verification,3,0.483933,0.766618,,,
shellcheck,SC2143,Use grep -q instead of comparing output with [ -n .. ].,SR 7.3,SR,,7,Control system backup,4,0.482263,0.752177,,,
shellcheck,SC2143,Use grep -q instead of comparing output with [ -n .. ].,SR 2.4 RE 1,RE,SR 2.4,2,Mobile code integrity check,5,0.47559,0.696688,,,
shellcheck,SC2143,Use grep -q instead of comparing output with [ -n .. ].,SR 2.12 RE 1,RE,SR 2.12,2,Non-repudiation for all users,6,0.473545,0.680367,,,
shellcheck,SC2144,-e doesn't work with globs. Use a for loop.,SR 2.9 RE 1,RE,SR 2.9,2,Warn when audit record storage capacity threshold reached,1,0.524113,1.0,,,
shellcheck,SC2144,-e doesn't work with globs. Use a for loop.,SR 3.9 RE 1,RE,SR 3.9,3,Audit records on write-once media,2,0.488625,0.680033,,,
shellcheck,SC2145,Argument mixes string and array. Use * or separate argument.,SR 3.5,SR,,3,Input validation,1,0.503442,1.0,,,
shellcheck,SC2145,Argument mixes string and array. Use * or separate argument.,SR 5.2 RE 3,RE,SR 5.2,5,Fail close,2,0.49564,0.917681,,,
shellcheck,SC2145,Argument mixes string and array. Use * or separate argument.,SR 7.1 RE 1,RE,SR 7.1,7,Manage communication loads,3,0.49156,0.876898,,,
shellcheck,SC2145,Argument mixes string and array. Use * or separate argument.,SR 3.7,SR,,3,Error handling,4,0.488127,0.843739,,,
shellcheck,SC2145,Argument mixes string and array. Use * or separate argument.,SR 4.2 RE 1,RE,SR 4.2,4,Purging of shared memory resources,5,0.488048,0.842984,,,
shellcheck,SC2145,Argument mixes string and array. Use * or separate argument.,SR 7.7,SR,,7,Least functionality,6,0.487753,0.840183,,,
shellcheck,SC2145,Argument mixes string and array. Use * or separate argument.,SR 3.2 RE 1,RE,SR 3.2,3,Malicious code protection on entry and exit points,7,0.486557,0.828918,,,
shellcheck,SC2145,Argument mixes string and array. Use * or separate argument.,SR 5.2 RE 1,RE,SR 5.2,5,"Deny by default, allow by exception",8,0.484078,0.805955,,,
shellcheck,SC2145,Argument mixes string and array. Use * or separate argument.,SR 1.11,SR,,1,Unsuccessful login attempts,9,0.480654,0.775093,,,
shellcheck,SC2145,Argument mixes string and array. Use * or separate argument.,SR 1.4,SR,,1,Identifier management,10,0.477773,0.749889,,,
shellcheck,SC2146,This action ignores everything before the -o. Use \( \) to group.,SR 1.4,SR,,1,Identifier management,1,0.525487,1.0,,,
shellcheck,SC2146,This action ignores everything before the -o. Use \( \) to group.,SR 3.9 RE 1,RE,SR 3.9,3,Audit records on write-once media,2,0.518732,0.931312,,,
shellcheck,SC2146,This action ignores everything before the -o. Use \( \) to group.,SR 7.3,SR,,7,Control system backup,3,0.505928,0.811697,,,
shellcheck,SC2146,This action ignores everything before the -o. Use \( \) to group.,SR 5.4,SR,,5,Application partitioning,4,0.496718,0.733687,,,
shellcheck,SC2146,This action ignores everything before the -o. Use \( \) to group.,SR 3.5,SR,,3,Input validation,5,0.490084,0.681393,,,
shellcheck,SC2147,Literal tilde in PATH works poorly across programs.,SR 3.2 RE 1,RE,SR 3.2,3,Malicious code protection on entry and exit points,1,0.451679,1.0,,,
shellcheck,SC2147,Literal tilde in PATH works poorly across programs.,SR 5.2 RE 3,RE,SR 5.2,5,Fail close,2,0.451499,0.997815,,,
shellcheck,SC2147,Literal tilde in PATH works poorly across programs.,SR 1.5 RE 1,RE,SR 1.5,1,Hardware security for software process identity credentials,3,0.444489,0.915533,,,
shellcheck,SC2147,Literal tilde in PATH works poorly across programs.,SR 5.4,SR,,5,Application partitioning,4,0.443035,0.899181,,,
shellcheck,SC2147,Literal tilde in PATH works poorly across programs.,SR 5.2 RE 2,RE,SR 5.2,5,Island mode,5,0.441638,0.8837,,,
shellcheck,SC2147,Literal tilde in PATH works poorly across programs.,SR 3.5,SR,,3,Input validation,6,0.439946,0.865238,,,
shellcheck,SC2147,Literal tilde in PATH works poorly across programs.,SR 1.11,SR,,1,Unsuccessful login attempts,7,0.436501,0.828618,,,
shellcheck,SC2147,Literal tilde in PATH works poorly across programs.,SR 3.6,SR,,3,Deterministic output,8,0.43263,0.789002,,,
shellcheck,SC2147,Literal tilde in PATH works poorly across programs.,SR 1.7 RE 1,RE,SR 1.7,1,Password generation and lifetime restrictions for human users,9,0.43228,0.785495,,,
shellcheck,SC2147,Literal tilde in PATH works poorly across programs.,SR 4.1 RE 2,RE,SR 4.1,4,Protection of confidentiality across zone boundaries,10,0.431982,0.782525,,,
shellcheck,SC2148,Tips depend on target shell and yours is unknown. Add a shebang.,SR 3.8 RE 3,RE,SR 3.8,3,Randomness of session IDs,1,0.536035,1.0,,,
shellcheck,SC2149,"Remove $/${} for numeric index, or escape it for string.",SR 2.11,SR,,2,Timestamps,1,0.49261,1.0,,,
shellcheck,SC2149,"Remove $/${} for numeric index, or escape it for string.",SR 2.11 RE 2,RE,SR 2.11,2,Protection of time source integrity,2,0.492312,0.996672,,,
shellcheck,SC2149,"Remove $/${} for numeric index, or escape it for string.",SR 3.2 RE 1,RE,SR 3.2,3,Malicious code protection on entry and exit points,3,0.489995,0.97115,,,
shellcheck,SC2149,"Remove $/${} for numeric index, or escape it for string.",SR 5.2 RE 1,RE,SR 5.2,5,"Deny by default, allow by exception",4,0.489277,0.963347,,,
shellcheck,SC2149,"Remove $/${} for numeric index, or escape it for string.",SR 6.1 RE 1,RE,SR 6.1,6,Programmatic access to audit logs,5,0.486432,0.932942,,,
shellcheck,SC2149,"Remove $/${} for numeric index, or escape it for string.",SR 3.5,SR,,3,Input validation,6,0.48551,0.923254,,,
shellcheck,SC2149,"Remove $/${} for numeric index, or escape it for string.",SR 3.8 RE 3,RE,SR 3.8,3,Randomness of session IDs,7,0.483765,0.905152,,,
shellcheck,SC2149,"Remove $/${} for numeric index, or escape it for string.",SR 3.9,SR,,3,Protection of audit information,8,0.483228,0.899633,,,
shellcheck,SC2149,"Remove $/${} for numeric index, or escape it for string.",SR 1.7 RE 1,RE,SR 1.7,1,Password generation and lifetime restrictions for human users,9,0.482121,0.888363,,,
shellcheck,SC2149,"Remove $/${} for numeric index, or escape it for string.",SR 7.1,SR,,7,Denial of service protection,10,0.481171,0.878777,,,
shellcheck,SC2150,-exec does not automatically invoke a shell. Use -exec sh -c .. for that.,SR 3.3,SR,,3,Security functionality verification,1,0.484617,1.0,,,
shellcheck,SC2150,-exec does not automatically invoke a shell. Use -exec sh -c .. for that.,SR 7.3 RE 2,RE,SR 7.3,7,Backup automation,2,0.484467,0.998296,,,
shellcheck,SC2150,-exec does not automatically invoke a shell. Use -exec sh -c .. for that.,SR 3.3 RE 1,RE,SR 3.3,3,Automated mechanisms for security functionality verification,3,0.478025,0.927441,,,
shellcheck,SC2150,-exec does not automatically invoke a shell. Use -exec sh -c .. for that.,SR 1.13 RE 1,RE,SR 1.13,1,Explicit access request approval,4,0.472891,0.873969,,,
shellcheck,SC2150,-exec does not automatically invoke a shell. Use -exec sh -c .. for that.,SR 3.3 RE 2,RE,SR 3.3,3,Security functionality verification during normal operation,5,0.469204,0.837139,,,
shellcheck,SC2150,-exec does not automatically invoke a shell. Use -exec sh -c .. for that.,SR 5.2 RE 3,RE,SR 5.2,5,Fail close,6,0.468552,0.830761,,,
shellcheck,SC2150,-exec does not automatically invoke a shell. Use -exec sh -c .. for that.,SR 3.7,SR,,3,Error handling,7,0.467971,0.825114,,,
shellcheck,SC2150,-exec does not automatically invoke a shell. Use -exec sh -c .. for that.,SR 2.3,SR,,2,Use control for portable and mobile devices,8,0.462711,0.775372,,,
shellcheck,SC2150,-exec does not automatically invoke a shell. Use -exec sh -c .. for that.,SR 2.4 RE 1,RE,SR 2.4,2,Mobile code integrity check,9,0.460001,0.750727,,,
shellcheck,SC2150,-exec does not automatically invoke a shell. Use -exec sh -c .. for that.,SR 3.4 RE 1,RE,SR 3.4,3,Automated notification about integrity violations,10,0.458907,0.740955,,,
shellcheck,SC2151,Only one integer 0-255 can be returned. Use stdout for other data.,SR 3.8 RE 2,RE,SR 3.8,3,Unique session ID generation,1,0.535624,1.0,,,
shellcheck,SC2151,Only one integer 0-255 can be returned. Use stdout for other data.,SR 3.6,SR,,3,Deterministic output,2,0.527745,0.921722,,,
shellcheck,SC2151,Only one integer 0-255 can be returned. Use stdout for other data.,SR 3.8 RE 3,RE,SR 3.8,3,Randomness of session IDs,3,0.52623,0.907264,,,
shellcheck,SC2151,Only one integer 0-255 can be returned. Use stdout for other data.,SR 7.1 RE 1,RE,SR 7.1,7,Manage communication loads,4,0.516375,0.81767,,,
shellcheck,SC2151,Only one integer 0-255 can be returned. Use stdout for other data.,SR 3.7,SR,,3,Error handling,5,0.513223,0.790594,,,
shellcheck,SC2151,Only one integer 0-255 can be returned. Use stdout for other data.,SR 1.11,SR,,1,Unsuccessful login attempts,6,0.512448,0.78405,,,
shellcheck,SC2151,Only one integer 0-255 can be returned. Use stdout for other data.,SR 7.3,SR,,7,Control system backup,7,0.505303,0.725778,,,
shellcheck,SC2151,Only one integer 0-255 can be returned. Use stdout for other data.,SR 1.2 RE 1,RE,SR 1.2,1,Unique identification and authentication,8,0.505151,0.72458,,,
shellcheck,SC2151,Only one integer 0-255 can be returned. Use stdout for other data.,SR 3.8,SR,,3,Session integrity,9,0.504597,0.720216,,,
shellcheck,SC2151,Only one integer 0-255 can be returned. Use stdout for other data.,SR 3.8 RE 1,RE,SR 3.8,3,Invalidation of session IDs after session termination,10,0.501276,0.694529,,,
shellcheck,SC2152,Can only return 0-255. Other data should be written to stdout.,SR 1.11,SR,,1,Unsuccessful login attempts,1,0.533728,1.0,,,
shellcheck,SC2152,Can only return 0-255. Other data should be written to stdout.,SR 7.3,SR,,7,Control system backup,2,0.52069,0.872819,,,
shellcheck,SC2152,Can only return 0-255. Other data should be written to stdout.,SR 3.6,SR,,3,Deterministic output,3,0.517822,0.846704,,,
shellcheck,SC2152,Can only return 0-255. Other data should be written to stdout.,SR 7.1 RE 1,RE,SR 7.1,7,Manage communication loads,4,0.512133,0.796793,,,
shellcheck,SC2152,Can only return 0-255. Other data should be written to stdout.,SR 2.12 RE 1,RE,SR 2.12,2,Non-repudiation for all users,5,0.51206,0.796166,,,
shellcheck,SC2152,Can only return 0-255. Other data should be written to stdout.,SR 3.8 RE 3,RE,SR 3.8,3,Randomness of session IDs,6,0.509189,0.771921,,,
shellcheck,SC2152,Can only return 0-255. Other data should be written to stdout.,SR 3.3,SR,,3,Security functionality verification,7,0.506928,0.753258,,,
shellcheck,SC2152,Can only return 0-255. Other data should be written to stdout.,SR 3.8 RE 2,RE,SR 3.8,3,Unique session ID generation,8,0.505874,0.744681,,,
shellcheck,SC2152,Can only return 0-255. Other data should be written to stdout.,SR 3.7,SR,,3,Error handling,9,0.504118,0.730578,,,
shellcheck,SC2152,Can only return 0-255. Other data should be written to stdout.,SR 1.7 RE 1,RE,SR 1.7,1,Password generation and lifetime restrictions for human users,10,0.502075,0.714441,,,
shellcheck,SC2153,Possible Misspelling: MYVARIABLE may not be assigned. Did you mean MY_VARIABLE?,SR 3.5,SR,,3,Input validation,1,0.501284,1.0,,,
shellcheck,SC2153,Possible Misspelling: MYVARIABLE may not be assigned. Did you mean MY_VARIABLE?,SR 1.4,SR,,1,Identifier management,2,0.500694,0.993554,,,
shellcheck,SC2153,Possible Misspelling: MYVARIABLE may not be assigned. Did you mean MY_VARIABLE?,SR 3.7,SR,,3,Error handling,3,0.500058,0.986627,,,
shellcheck,SC2153,Possible Misspelling: MYVARIABLE may not be assigned. Did you mean MY_VARIABLE?,SR 2.12 RE 1,RE,SR 2.12,2,Non-repudiation for all users,4,0.482474,0.810307,,,
shellcheck,SC2153,Possible Misspelling: MYVARIABLE may not be assigned. Did you mean MY_VARIABLE?,SR 1.2 RE 1,RE,SR 1.2,1,Unique identification and authentication,5,0.476524,0.756846,,,
shellcheck,SC2153,Possible Misspelling: MYVARIABLE may not be assigned. Did you mean MY_VARIABLE?,SR 5.2 RE 3,RE,SR 5.2,5,Fail close,6,0.476034,0.752573,,,
shellcheck,SC2153,Possible Misspelling: MYVARIABLE may not be assigned. Did you mean MY_VARIABLE?,SR 3.8 RE 2,RE,SR 3.8,3,Unique session ID generation,7,0.470041,0.701921,,,
shellcheck,SC2154,var is referenced but not assigned.,SR 3.5,SR,,3,Input validation,1,0.498293,1.0,,,
shellcheck,SC2154,var is referenced but not assigned.,SR 1.4,SR,,1,Identifier management,2,0.488713,0.89873,,,
shellcheck,SC2154,var is referenced but not assigned.,SR 1.2 RE 1,RE,SR 1.2,1,Unique identification and authentication,3,0.46911,0.717532,,,
shellcheck,SC2154,var is referenced but not assigned.,SR 2.12 RE 1,RE,SR 2.12,2,Non-repudiation for all users,4,0.468066,0.708796,,,
shellcheck,SC2154,var is referenced but not assigned.,SR 1.2,SR,,1,Software process and device identification and authentication,5,0.467691,0.705681,,,
shellcheck,SC2154,var is referenced but not assigned.,SR 2.11,SR,,2,Timestamps,6,0.466548,0.696247,,,
shellcheck,SC2154,var is referenced but not assigned.,SR 3.7,SR,,3,Error handling,7,0.465497,0.687661,,,
shellcheck,SC2155,Declare and assign separately to avoid masking return values.,SR 3.6,SR,,3,Deterministic output,1,0.497016,1.0,,,
shellcheck,SC2155,Declare and assign separately to avoid masking return values.,SR 1.4,SR,,1,Identifier management,2,0.49399,0.966963,,,
shellcheck,SC2155,Declare and assign separately to avoid masking return values.,SR 5.2 RE 3,RE,SR 5.2,5,Fail close,3,0.493066,0.95706,,,
shellcheck,SC2155,Declare and assign separately to avoid masking return values.,SR 3.2 RE 1,RE,SR 3.2,3,Malicious code protection on entry and exit points,4,0.492869,0.954954,,,
shellcheck,SC2155,Declare and assign separately to avoid masking return values.,SR 3.7,SR,,3,Error handling,5,0.487549,0.899625,,,
shellcheck,SC2155,Declare and assign separately to avoid masking return values.,SR 3.5,SR,,3,Input validation,6,0.481444,0.839384,,,
shellcheck,SC2155,Declare and assign separately to avoid masking return values.,SR 7.3,SR,,7,Control system backup,7,0.480934,0.834507,,,
shellcheck,SC2155,Declare and assign separately to avoid masking return values.,SR 2.12 RE 1,RE,SR 2.12,2,Non-repudiation for all users,8,0.479525,0.821154,,,
shellcheck,SC2155,Declare and assign separately to avoid masking return values.,SR 4.2 RE 1,RE,SR 4.2,4,Purging of shared memory resources,9,0.479056,0.816743,,,
shellcheck,SC2155,Declare and assign separately to avoid masking return values.,SR 5.4,SR,,5,Application partitioning,10,0.47539,0.782959,,,
shellcheck,SC2156,Injecting filenames is fragile and insecure. Use parameters.,SR 1.2,SR,,1,Software process and device identification and authentication,1,0.501023,1.0,,,
shellcheck,SC2156,Injecting filenames is fragile and insecure. Use parameters.,SR 2.11,SR,,2,Timestamps,2,0.498496,0.972573,,,
shellcheck,SC2156,Injecting filenames is fragile and insecure. Use parameters.,SR 1.5 RE 1,RE,SR 1.5,1,Hardware security for software process identity credentials,3,0.498087,0.968199,,,
shellcheck,SC2156,Injecting filenames is fragile and insecure. Use parameters.,SR 3.7,SR,,3,Error handling,4,0.493477,0.919926,,,
shellcheck,SC2156,Injecting filenames is fragile and insecure. Use parameters.,SR 1.2 RE 1,RE,SR 1.2,1,Unique identification and authentication,5,0.493293,0.918043,,,
shellcheck,SC2156,Injecting filenames is fragile and insecure. Use parameters.,SR 3.8 RE 3,RE,SR 3.8,3,Randomness of session IDs,6,0.49039,0.888716,,,
shellcheck,SC2156,Injecting filenames is fragile and insecure. Use parameters.,SR 3.2,SR,,3,Malicious code protection,7,0.489551,0.880387,,,
shellcheck,SC2156,Injecting filenames is fragile and insecure. Use parameters.,SR 3.2 RE 1,RE,SR 3.2,3,Malicious code protection on entry and exit points,8,0.481454,0.803221,,,
shellcheck,SC2156,Injecting filenames is fragile and insecure. Use parameters.,SR 1.13 RE 1,RE,SR 1.13,1,Explicit access request approval,9,0.476738,0.760891,,,
shellcheck,SC2156,Injecting filenames is fragile and insecure. Use parameters.,SR 1.4,SR,,1,Identifier management,10,0.475265,0.748054,,,
shellcheck,SC2157,Argument to implicit -n is always true due to literal strings.,SR 3.5,SR,,3,Input validation,1,0.57725,1.0,,,
shellcheck,SC2158,[ false ] is true. Remove the brackets,SR 3.5,SR,,3,Input validation,1,0.546721,1.0,,,
shellcheck,SC2158,[ false ] is true. Remove the brackets,SR 5.2 RE 3,RE,SR 5.2,5,Fail close,2,0.52951,0.838683,,,
shellcheck,SC2158,[ false ] is true. Remove the brackets,SR 3.6,SR,,3,Deterministic output,3,0.513301,0.706863,,,
shellcheck,SC2158,[ false ] is true. Remove the brackets,SR 2.12 RE 1,RE,SR 2.12,2,Non-repudiation for all users,4,0.510351,0.684805,,,
shellcheck,SC2159,[ 0 ] is true. Use false instead.,SR 3.5,SR,,3,Input validation,1,0.557486,1.0,,,
shellcheck,SC2159,[ 0 ] is true. Use false instead.,SR 3.6,SR,,3,Deterministic output,2,0.547603,0.90631,,,
shellcheck,SC2159,[ 0 ] is true. Use false instead.,SR 5.2 RE 2,RE,SR 5.2,5,Island mode,3,0.536242,0.807604,,,
shellcheck,SC2159,[ 0 ] is true. Use false instead.,SR 5.2 RE 3,RE,SR 5.2,5,Fail close,4,0.535746,0.803502,,,
shellcheck,SC2159,[ 0 ] is true. Use false instead.,SR 3.2 RE 1,RE,SR 3.2,3,Malicious code protection on entry and exit points,5,0.525712,0.724153,,,
shellcheck,SC2159,[ 0 ] is true. Use false instead.,SR 2.12 RE 1,RE,SR 2.12,2,Non-repudiation for all users,6,0.524394,0.71422,,,
shellcheck,SC2159,[ 0 ] is true. Use false instead.,SR 1.11,SR,,1,Unsuccessful login attempts,7,0.52257,0.700661,,,
shellcheck,SC2159,[ 0 ] is true. Use false instead.,SR 3.8 RE 3,RE,SR 3.8,3,Randomness of session IDs,8,0.521205,0.69066,,,
shellcheck,SC2160,"Instead of [ true ], just use true.",SR 3.5,SR,,3,Input validation,1,0.563382,1.0,,,
shellcheck,SC2160,"Instead of [ true ], just use true.",SR 3.6,SR,,3,Deterministic output,2,0.534077,0.74543,,,
shellcheck,SC2161,"Instead of [ 1 ], use true.",SR 1.11,SR,,1,Unsuccessful login attempts,1,0.517836,1.0,,,
shellcheck,SC2161,"Instead of [ 1 ], use true.",SR 3.5,SR,,3,Input validation,2,0.51558,0.976275,,,
shellcheck,SC2161,"Instead of [ 1 ], use true.",SR 3.6,SR,,3,Deterministic output,3,0.508024,0.900137,,,
shellcheck,SC2161,"Instead of [ 1 ], use true.",SR 7.1 RE 1,RE,SR 7.1,7,Manage communication loads,4,0.501044,0.834182,,,
shellcheck,SC2161,"Instead of [ 1 ], use true.",SR 2.12 RE 1,RE,SR 2.12,2,Non-repudiation for all users,5,0.491017,0.746405,,,
shellcheck,SC2161,"Instead of [ 1 ], use true.",SR 2.7,SR,,2,Concurrent session control,6,0.48836,0.724459,,,
shellcheck,SC2161,"Instead of [ 1 ], use true.",SR 1.7 RE 1,RE,SR 1.7,1,Password generation and lifetime restrictions for human users,7,0.487317,0.715989,,,
shellcheck,SC2161,"Instead of [ 1 ], use true.",SR 5.2 RE 3,RE,SR 5.2,5,Fail close,8,0.483305,0.68417,,,
shellcheck,SC2162,read without -r will mangle backslashes.,SR 3.5,SR,,3,Input validation,1,0.505889,1.0,,,
shellcheck,SC2162,read without -r will mangle backslashes.,SR 3.7,SR,,3,Error handling,2,0.503192,0.971027,,,
shellcheck,SC2162,read without -r will mangle backslashes.,SR 5.2 RE 3,RE,SR 5.2,5,Fail close,3,0.490947,0.847982,,,
shellcheck,SC2162,read without -r will mangle backslashes.,SR 7.6 RE 1,RE,SR 7.6,7,Machine-readable reporting of current security settings,4,0.487385,0.81469,,,
shellcheck,SC2162,read without -r will mangle backslashes.,SR 3.8 RE 1,RE,SR 3.8,3,Invalidation of session IDs after session termination,5,0.487105,0.812125,,,
shellcheck,SC2162,read without -r will mangle backslashes.,SR 4.2,SR,,4,Information persistence,6,0.487065,0.811753,,,
shellcheck,SC2162,read without -r will mangle backslashes.,SR 7.3,SR,,7,Control system backup,7,0.486351,0.805229,,,
shellcheck,SC2162,read without -r will mangle backslashes.,SR 5.2 RE 1,RE,SR 5.2,5,"Deny by default, allow by exception",8,0.484985,0.792874,,,
shellcheck,SC2162,read without -r will mangle backslashes.,SR 1.4,SR,,1,Identifier management,9,0.483498,0.779593,,,
shellcheck,SC2162,read without -r will mangle backslashes.,SR 2.4 RE 1,RE,SR 2.4,2,Mobile code integrity check,10,0.483126,0.7763,,,
shellcheck,SC2163,"This does not export FOO. Remove $/${} for that, or use ${var?} to quiet.",SR 3.5,SR,,3,Input validation,1,0.50518,1.0,,,
shellcheck,SC2163,"This does not export FOO. Remove $/${} for that, or use ${var?} to quiet.",SR 1.4,SR,,1,Identifier management,2,0.496533,0.909413,,,
shellcheck,SC2163,"This does not export FOO. Remove $/${} for that, or use ${var?} to quiet.",SR 3.6,SR,,3,Deterministic output,3,0.495832,0.902378,,,
shellcheck,SC2163,"This does not export FOO. Remove $/${} for that, or use ${var?} to quiet.",SR 3.2 RE 1,RE,SR 3.2,3,Malicious code protection on entry and exit points,4,0.491725,0.862026,,,
shellcheck,SC2163,"This does not export FOO. Remove $/${} for that, or use ${var?} to quiet.",SR 3.7,SR,,3,Error handling,5,0.490871,0.85382,,,
shellcheck,SC2163,"This does not export FOO. Remove $/${} for that, or use ${var?} to quiet.",SR 5.2 RE 3,RE,SR 5.2,5,Fail close,6,0.489899,0.844569,,,
shellcheck,SC2163,"This does not export FOO. Remove $/${} for that, or use ${var?} to quiet.",SR 3.3,SR,,3,Security functionality verification,7,0.489238,0.838321,,,
shellcheck,SC2163,"This does not export FOO. Remove $/${} for that, or use ${var?} to quiet.",SR 7.7,SR,,7,Least functionality,8,0.488882,0.834966,,,
shellcheck,SC2163,"This does not export FOO. Remove $/${} for that, or use ${var?} to quiet.",SR 7.6 RE 1,RE,SR 7.6,7,Machine-readable reporting of current security settings,9,0.486556,0.813349,,,
shellcheck,SC2163,"This does not export FOO. Remove $/${} for that, or use ${var?} to quiet.",SR 7.1 RE 1,RE,SR 7.1,7,Manage communication loads,10,0.481043,0.763943,,,
shellcheck,SC2164,Use cd ... || exit in case cd fails.,SR 5.2 RE 3,RE,SR 5.2,5,Fail close,1,0.60945,1.0,,,
shellcheck,SC2164,Use cd ... || exit in case cd fails.,SR 3.2 RE 1,RE,SR 3.2,3,Malicious code protection on entry and exit points,2,0.580534,0.765401,,,
shellcheck,SC2165,This nested loop overrides the index variable of its parent.,SR 2.1 RE 3,RE,SR 2.1,2,Supervisor override,1,0.513958,1.0,,,
shellcheck,SC2165,This nested loop overrides the index variable of its parent.,SR 3.5,SR,,3,Input validation,2,0.486937,0.743008,,,
shellcheck,SC2165,This nested loop overrides the index variable of its parent.,SR 7.1 RE 1,RE,SR 7.1,7,Manage communication loads,3,0.486587,0.740077,,,
shellcheck,SC2166,Prefer [ p ] && [ q ] as [ p -a q ] is not well-defined.,SR 3.2 RE 1,RE,SR 3.2,3,Malicious code protection on entry and exit points,1,0.543437,1.0,,,
shellcheck,SC2166,Prefer [ p ] && [ q ] as [ p -a q ] is not well-defined.,SR 3.5,SR,,3,Input validation,2,0.538917,0.955103,,,
shellcheck,SC2166,Prefer [ p ] && [ q ] as [ p -a q ] is not well-defined.,SR 2.4 RE 1,RE,SR 2.4,2,Mobile code integrity check,3,0.538041,0.946589,,,
shellcheck,SC2166,Prefer [ p ] && [ q ] as [ p -a q ] is not well-defined.,SR 2.4,SR,,2,Mobile code,4,0.535744,0.924575,,,
shellcheck,SC2166,Prefer [ p ] && [ q ] as [ p -a q ] is not well-defined.,SR 3.7,SR,,3,Error handling,5,0.535504,0.922307,,,
shellcheck,SC2166,Prefer [ p ] && [ q ] as [ p -a q ] is not well-defined.,SR 1.9,SR,,1,Strength of public key authentication,6,0.535449,0.921786,,,
shellcheck,SC2166,Prefer [ p ] && [ q ] as [ p -a q ] is not well-defined.,SR 7.7,SR,,7,Least functionality,7,0.535311,0.920481,,,
shellcheck,SC2166,Prefer [ p ] && [ q ] as [ p -a q ] is not well-defined.,SR 1.7 RE 1,RE,SR 1.7,1,Password generation and lifetime restrictions for human users,8,0.532036,0.889929,,,
shellcheck,SC2166,Prefer [ p ] && [ q ] as [ p -a q ] is not well-defined.,SR 5.2 RE 1,RE,SR 5.2,5,"Deny by default, allow by exception",9,0.530533,0.87619,,,
shellcheck,SC2166,Prefer [ p ] && [ q ] as [ p -a q ] is not well-defined.,SR 1.8,SR,,1,Public key infrastructure (PKI) certificates,10,0.525754,0.833651,,,
shellcheck,SC2167,This parent loop has its index variable overridden.,SR 2.1 RE 3,RE,SR 2.1,2,Supervisor override,1,0.516923,1.0,,,
shellcheck,SC2167,This parent loop has its index variable overridden.,SR 7.1 RE 1,RE,SR 7.1,7,Manage communication loads,2,0.505363,0.883031,,,
shellcheck,SC2167,This parent loop has its index variable overridden.,SR 2.11,SR,,2,Timestamps,3,0.498229,0.816613,,,
shellcheck,SC2167,This parent loop has its index variable overridden.,SR 3.6,SR,,3,Deterministic output,4,0.492621,0.767325,,,
shellcheck,SC2167,This parent loop has its index variable overridden.,SR 3.2 RE 1,RE,SR 3.2,3,Malicious code protection on entry and exit points,5,0.487622,0.725463,,,
shellcheck,SC2167,This parent loop has its index variable overridden.,SR 4.2 RE 1,RE,SR 4.2,4,Purging of shared memory resources,6,0.485344,0.707017,,,
shellcheck,SC2167,This parent loop has its index variable overridden.,SR 3.8 RE 2,RE,SR 3.8,3,Unique session ID generation,7,0.482159,0.681874,,,
shellcheck,SC2168,local is only valid in functions.,SR 3.5,SR,,3,Input validation,1,0.538428,1.0,,,
shellcheck,SC2168,local is only valid in functions.,SR 3.8,SR,,3,Session integrity,2,0.517794,0.8066,,,
shellcheck,SC2168,local is only valid in functions.,SR 3.8 RE 2,RE,SR 3.8,3,Unique session ID generation,3,0.51358,0.771157,,,
shellcheck,SC2168,local is only valid in functions.,SR 2.12 RE 1,RE,SR 2.12,2,Non-repudiation for all users,4,0.502774,0.686038,,,
shellcheck,SC2168,local is only valid in functions.,SR 3.8 RE 1,RE,SR 3.8,3,Invalidation of session IDs after session termination,5,0.502573,0.684533,,,
shellcheck,SC2169,"In dash, something is not supported.",SR 1.11,SR,,1,Unsuccessful login attempts,1,0.521,1.0,,,
shellcheck,SC2169,"In dash, something is not supported.",SR 3.3,SR,,3,Security functionality verification,2,0.508203,0.872163,,,
shellcheck,SC2169,"In dash, something is not supported.",SR 7.7,SR,,7,Least functionality,3,0.488863,0.704565,,,
shellcheck,SC2170,Invalid number for -eq. Use = to compare as string (or use $var to expand as a variable).,SR 1.11,SR,,1,Unsuccessful login attempts,1,0.549008,1.0,,,
shellcheck,SC2170,Invalid number for -eq. Use = to compare as string (or use $var to expand as a variable).,SR 3.5,SR,,3,Input validation,2,0.53862,0.900258,,,
shellcheck,SC2170,Invalid number for -eq. Use = to compare as string (or use $var to expand as a variable).,SR 3.8,SR,,3,Session integrity,3,0.525114,0.782908,,,
shellcheck,SC2170,Invalid number for -eq. Use = to compare as string (or use $var to expand as a variable).,SR 3.8 RE 1,RE,SR 3.8,3,Invalidation of session IDs after session termination,4,0.521523,0.753911,,,
shellcheck,SC2170,Invalid number for -eq. Use = to compare as string (or use $var to expand as a variable).,SR 3.8 RE 2,RE,SR 3.8,3,Unique session ID generation,5,0.521389,0.752849,,,
shellcheck,SC2170,Invalid number for -eq. Use = to compare as string (or use $var to expand as a variable).,SR 2.12 RE 1,RE,SR 2.12,2,Non-repudiation for all users,6,0.513864,0.694994,,,
shellcheck,SC2171,Found trailing ] outside test. Add missing [ or quote if intentional.,SR 3.5,SR,,3,Input validation,1,0.55921,1.0,,,
shellcheck,SC2171,Found trailing ] outside test. Add missing [ or quote if intentional.,SR 2.4 RE 1,RE,SR 2.4,2,Mobile code integrity check,2,0.554342,0.953047,,,
shellcheck,SC2171,Found trailing ] outside test. Add missing [ or quote if intentional.,SR 3.7,SR,,3,Error handling,3,0.547934,0.894012,,,
shellcheck,SC2171,Found trailing ] outside test. Add missing [ or quote if intentional.,SR 5.2 RE 3,RE,SR 5.2,5,Fail close,4,0.546469,0.880948,,,
shellcheck,SC2171,Found trailing ] outside test. Add missing [ or quote if intentional.,SR 3.3,SR,,3,Security functionality verification,5,0.540781,0.831675,,,
shellcheck,SC2171,Found trailing ] outside test. Add missing [ or quote if intentional.,SR 2.12 RE 1,RE,SR 2.12,2,Non-repudiation for all users,6,0.525608,0.711182,,,
shellcheck,SC2172,Trapping signals by number is not well-defined. Prefer signal names.,SR 5.2 RE 3,RE,SR 5.2,5,Fail close,1,0.607064,1.0,,,
shellcheck,SC2172,Trapping signals by number is not well-defined. Prefer signal names.,SR 3.2 RE 1,RE,SR 3.2,3,Malicious code protection on entry and exit points,2,0.568402,0.696325,,,
shellcheck,SC2173,SIGKILL/SIGSTOP can not be trapped.,SR 3.2 RE 1,RE,SR 3.2,3,Malicious code protection on entry and exit points,1,0.547878,1.0,,,
shellcheck,SC2173,SIGKILL/SIGSTOP can not be trapped.,SR 5.2 RE 3,RE,SR 5.2,5,Fail close,2,0.546582,0.987051,,,
shellcheck,SC2173,SIGKILL/SIGSTOP can not be trapped.,SR 3.7,SR,,3,Error handling,3,0.5324,0.854177,,,
shellcheck,SC2173,SIGKILL/SIGSTOP can not be trapped.,SR 1.11,SR,,1,Unsuccessful login attempts,4,0.532318,0.853451,,,
shellcheck,SC2173,SIGKILL/SIGSTOP can not be trapped.,SR 3.6,SR,,3,Deterministic output,5,0.522793,0.772768,,,
shellcheck,SC2173,SIGKILL/SIGSTOP can not be trapped.,SR 1.7 RE 1,RE,SR 1.7,1,Password generation and lifetime restrictions for human users,6,0.521053,0.758731,,,
shellcheck,SC2173,SIGKILL/SIGSTOP can not be trapped.,SR 3.2,SR,,3,Malicious code protection,7,0.514313,0.706298,,,
shellcheck,SC2173,SIGKILL/SIGSTOP can not be trapped.,SR 7.1 RE 1,RE,SR 7.1,7,Manage communication loads,8,0.511562,0.685769,,,
shellcheck,SC2174,"When used with -p, -m only applies to the deepest directory.",SR 3.2 RE 1,RE,SR 3.2,3,Malicious code protection on entry and exit points,1,0.507376,1.0,,,
shellcheck,SC2174,"When used with -p, -m only applies to the deepest directory.",SR 2.4,SR,,2,Mobile code,2,0.5011,0.933836,,,
shellcheck,SC2174,"When used with -p, -m only applies to the deepest directory.",SR 5.4,SR,,5,Application partitioning,3,0.500397,0.926654,,,
shellcheck,SC2174,"When used with -p, -m only applies to the deepest directory.",SR 1.4,SR,,1,Identifier management,4,0.490728,0.832361,,,
shellcheck,SC2174,"When used with -p, -m only applies to the deepest directory.",SR 2.4 RE 1,RE,SR 2.4,2,Mobile code integrity check,5,0.48908,0.817094,,,
shellcheck,SC2174,"When used with -p, -m only applies to the deepest directory.",SR 1.7 RE 2,RE,SR 1.7,1,Password lifetime restrictions for all users,6,0.487324,0.801096,,,
shellcheck,SC2174,"When used with -p, -m only applies to the deepest directory.",SR 7.1 RE 1,RE,SR 7.1,7,Manage communication loads,7,0.48637,0.792504,,,
shellcheck,SC2174,"When used with -p, -m only applies to the deepest directory.",SR 5.2 RE 3,RE,SR 5.2,5,Fail close,8,0.484247,0.773665,,,
shellcheck,SC2174,"When used with -p, -m only applies to the deepest directory.",SR 1.7,SR,,1,Strength of password-based authentication,9,0.483357,0.765879,,,
shellcheck,SC2174,"When used with -p, -m only applies to the deepest directory.",SR 7.7,SR,,7,Least functionality,10,0.482962,0.762439,,,
shellcheck,SC2175,Quote this invalid brace expansion since it should be passed literally to eval,SR 3.5,SR,,3,Input validation,1,0.523971,1.0,,,
shellcheck,SC2175,Quote this invalid brace expansion since it should be passed literally to eval,SR 1.11,SR,,1,Unsuccessful login attempts,2,0.510397,0.865578,,,
shellcheck,SC2176,time is undefined for pipelines. time single stage or bash -c instead.,SR 2.11 RE 1,RE,SR 2.11,2,Internal time synchronization,1,0.564321,1.0,,,
shellcheck,SC2176,time is undefined for pipelines. time single stage or bash -c instead.,SR 2.11 RE 2,RE,SR 2.11,2,Protection of time source integrity,2,0.549624,0.864904,,,
shellcheck,SC2176,time is undefined for pipelines. time single stage or bash -c instead.,SR 2.11,SR,,2,Timestamps,3,0.549565,0.864389,,,
shellcheck,SC2177,"time is undefined for compound commands, use time sh -c instead.",SR 2.11,SR,,2,Timestamps,1,0.538503,1.0,,,
shellcheck,SC2177,"time is undefined for compound commands, use time sh -c instead.",SR 2.11 RE 2,RE,SR 2.11,2,Protection of time source integrity,2,0.519185,0.817969,,,
shellcheck,SC2177,"time is undefined for compound commands, use time sh -c instead.",SR 2.11 RE 1,RE,SR 2.11,2,Internal time synchronization,3,0.509481,0.737348,,,
shellcheck,SC2178,Variable was used as an array but is now assigned a string.,SR 1.4,SR,,1,Identifier management,1,0.52679,1.0,,,
shellcheck,SC2178,Variable was used as an array but is now assigned a string.,SR 3.8 RE 1,RE,SR 3.8,3,Invalidation of session IDs after session termination,2,0.522377,0.954786,,,
shellcheck,SC2178,Variable was used as an array but is now assigned a string.,SR 4.2 RE 1,RE,SR 4.2,4,Purging of shared memory resources,3,0.513734,0.871072,,,
shellcheck,SC2178,Variable was used as an array but is now assigned a string.,SR 3.5,SR,,3,Input validation,4,0.512385,0.858562,,,
shellcheck,SC2178,Variable was used as an array but is now assigned a string.,SR 3.6,SR,,3,Deterministic output,5,0.512007,0.855088,,,
shellcheck,SC2178,Variable was used as an array but is now assigned a string.,SR 2.4,SR,,2,Mobile code,6,0.504737,0.790405,,,
shellcheck,SC2178,Variable was used as an array but is now assigned a string.,SR 1.11,SR,,1,Unsuccessful login attempts,7,0.503155,0.776883,,,
shellcheck,SC2178,Variable was used as an array but is now assigned a string.,SR 7.6 RE 1,RE,SR 7.6,7,Machine-readable reporting of current security settings,8,0.502623,0.772374,,,
shellcheck,SC2178,Variable was used as an array but is now assigned a string.,SR 5.2 RE 3,RE,SR 5.2,5,Fail close,9,0.5,0.750465,,,
shellcheck,SC2178,Variable was used as an array but is now assigned a string.,SR 3.8 RE 3,RE,SR 3.8,3,Randomness of session IDs,10,0.499295,0.74466,,,
shellcheck,SC2179,"Use array+=(""item"") to append items to an array.",SR 3.6,SR,,3,Deterministic output,1,0.462965,1.0,,,
shellcheck,SC2179,"Use array+=(""item"") to append items to an array.",SR 2.4,SR,,2,Mobile code,2,0.46094,0.976183,,,
shellcheck,SC2179,"Use array+=(""item"") to append items to an array.",SR 3.5,SR,,3,Input validation,3,0.46082,0.974784,,,
shellcheck,SC2179,"Use array+=(""item"") to append items to an array.",SR 6.1 RE 1,RE,SR 6.1,6,Programmatic access to audit logs,4,0.459738,0.962267,,,
shellcheck,SC2179,"Use array+=(""item"") to append items to an array.",SR 1.11,SR,,1,Unsuccessful login attempts,5,0.458652,0.949822,,,
shellcheck,SC2179,"Use array+=(""item"") to append items to an array.",SR 3.2 RE 1,RE,SR 3.2,3,Malicious code protection on entry and exit points,6,0.45763,0.938241,,,
shellcheck,SC2179,"Use array+=(""item"") to append items to an array.",SR 1.4,SR,,1,Identifier management,7,0.455994,0.919944,,,
shellcheck,SC2179,"Use array+=(""item"") to append items to an array.",SR 5.2 RE 3,RE,SR 5.2,5,Fail close,8,0.455784,0.917612,,,
shellcheck,SC2179,"Use array+=(""item"") to append items to an array.",SR 3.2,SR,,3,Malicious code protection,9,0.454496,0.90344,,,
shellcheck,SC2179,"Use array+=(""item"") to append items to an array.",SR 3.8 RE 3,RE,SR 3.8,3,Randomness of session IDs,10,0.453938,0.897359,,,
shellcheck,SC2180,Bash does not support multidimensional arrays. Use 1D or associative arrays.,SR 1.4,SR,,1,Identifier management,1,0.481546,1.0,,,
shellcheck,SC2180,Bash does not support multidimensional arrays. Use 1D or associative arrays.,SR 1.7 RE 1,RE,SR 1.7,1,Password generation and lifetime restrictions for human users,2,0.464459,0.819787,,,
shellcheck,SC2180,Bash does not support multidimensional arrays. Use 1D or associative arrays.,SR 3.5,SR,,3,Input validation,3,0.464222,0.817489,,,
shellcheck,SC2180,Bash does not support multidimensional arrays. Use 1D or associative arrays.,SR 4.2 RE 1,RE,SR 4.2,4,Purging of shared memory resources,4,0.463661,0.812068,,,
shellcheck,SC2180,Bash does not support multidimensional arrays. Use 1D or associative arrays.,SR 2.11,SR,,2,Timestamps,5,0.460832,0.785195,,,
shellcheck,SC2180,Bash does not support multidimensional arrays. Use 1D or associative arrays.,SR 2.1 RE 4,RE,SR 2.1,2,Dual approval,6,0.458957,0.767783,,,
shellcheck,SC2180,Bash does not support multidimensional arrays. Use 1D or associative arrays.,SR 1.11,SR,,1,Unsuccessful login attempts,7,0.456702,0.747259,,,
shellcheck,SC2180,Bash does not support multidimensional arrays. Use 1D or associative arrays.,SR 7.1 RE 1,RE,SR 7.1,7,Manage communication loads,8,0.453596,0.719739,,,
shellcheck,SC2180,Bash does not support multidimensional arrays. Use 1D or associative arrays.,SR 3.8 RE 2,RE,SR 3.8,3,Unique session ID generation,9,0.450586,0.693858,,,
shellcheck,SC2180,Bash does not support multidimensional arrays. Use 1D or associative arrays.,SR 3.8 RE 3,RE,SR 3.8,3,Randomness of session IDs,10,0.450201,0.690597,,,
shellcheck,SC2181,"Check exit code directly with e.g. if mycmd;, not indirectly with $?.",SR 5.2 RE 3,RE,SR 5.2,5,Fail close,1,0.566644,1.0,,,
shellcheck,SC2181,"Check exit code directly with e.g. if mycmd;, not indirectly with $?.",SR 3.2 RE 1,RE,SR 3.2,3,Malicious code protection on entry and exit points,2,0.543575,0.795643,,,
shellcheck,SC2181,"Check exit code directly with e.g. if mycmd;, not indirectly with $?.",SR 3.7,SR,,3,Error handling,3,0.533417,0.717231,,,
shellcheck,SC2182,This printf format string has no variables. Other arguments are ignored.,SR 7.6 RE 1,RE,SR 7.6,7,Machine-readable reporting of current security settings,1,0.470333,1.0,,,
shellcheck,SC2182,This printf format string has no variables. Other arguments are ignored.,SR 1.4,SR,,1,Identifier management,2,0.467853,0.971342,,,
shellcheck,SC2182,This printf format string has no variables. Other arguments are ignored.,SR 2.11,SR,,2,Timestamps,3,0.465003,0.939251,,,
shellcheck,SC2182,This printf format string has no variables. Other arguments are ignored.,SR 3.5,SR,,3,Input validation,4,0.450293,0.787036,,,
shellcheck,SC2182,This printf format string has no variables. Other arguments are ignored.,SR 3.3,SR,,3,Security functionality verification,5,0.445314,0.740354,,,
shellcheck,SC2182,This printf format string has no variables. Other arguments are ignored.,SR 3.6,SR,,3,Deterministic output,6,0.442297,0.713179,,,
shellcheck,SC2182,This printf format string has no variables. Other arguments are ignored.,SR 5.2 RE 3,RE,SR 5.2,5,Fail close,7,0.439364,0.687555,,,
shellcheck,SC2183,"This format string has 2 variables, but is passed 1 argument.",SR 1.4,SR,,1,Identifier management,1,0.526244,1.0,,,
shellcheck,SC2183,"This format string has 2 variables, but is passed 1 argument.",SR 3.3,SR,,3,Security functionality verification,2,0.507688,0.820832,,,
shellcheck,SC2183,"This format string has 2 variables, but is passed 1 argument.",SR 1.11,SR,,1,Unsuccessful login attempts,3,0.498113,0.739223,,,
shellcheck,SC2184,Quote arguments to unset so they're not glob expanded.,SR 4.2 RE 1,RE,SR 4.2,4,Purging of shared memory resources,1,0.538949,1.0,,,
shellcheck,SC2184,Quote arguments to unset so they're not glob expanded.,SR 4.2,SR,,4,Information persistence,2,0.5308,0.919625,,,
shellcheck,SC2185,Some finds don't have a default path. Specify . explicitly.,SR 5.2 RE 1,RE,SR 5.2,5,"Deny by default, allow by exception",1,0.499637,1.0,,,
shellcheck,SC2185,Some finds don't have a default path. Specify . explicitly.,SR 3.7,SR,,3,Error handling,2,0.482127,0.821838,,,
shellcheck,SC2185,Some finds don't have a default path. Specify . explicitly.,SR 3.3,SR,,3,Security functionality verification,3,0.471803,0.7296,,,
shellcheck,SC2185,Some finds don't have a default path. Specify . explicitly.,SR 7.7,SR,,7,Least functionality,4,0.468771,0.704182,,,
shellcheck,SC2186,tempfile is deprecated. Use mktemp instead.,SR 2.11,SR,,2,Timestamps,1,0.525759,1.0,,,
shellcheck,SC2187,Ash scripts will be checked as Dash. Add # shellcheck shell=dash to silence.,SR 3.7,SR,,3,Error handling,1,0.50832,1.0,,,
shellcheck,SC2187,Ash scripts will be checked as Dash. Add # shellcheck shell=dash to silence.,SR 3.5,SR,,3,Input validation,2,0.507874,0.995184,,,
shellcheck,SC2187,Ash scripts will be checked as Dash. Add # shellcheck shell=dash to silence.,SR 2.11,SR,,2,Timestamps,3,0.507329,0.989329,,,
shellcheck,SC2187,Ash scripts will be checked as Dash. Add # shellcheck shell=dash to silence.,SR 3.3,SR,,3,Security functionality verification,4,0.505553,0.970433,,,
shellcheck,SC2187,Ash scripts will be checked as Dash. Add # shellcheck shell=dash to silence.,SR 2.9 RE 1,RE,SR 2.9,2,Warn when audit record storage capacity threshold reached,5,0.502585,0.939503,,,
shellcheck,SC2187,Ash scripts will be checked as Dash. Add # shellcheck shell=dash to silence.,SR 2.12 RE 1,RE,SR 2.12,2,Non-repudiation for all users,6,0.500311,0.916366,,,
shellcheck,SC2187,Ash scripts will be checked as Dash. Add # shellcheck shell=dash to silence.,SR 1.13 RE 1,RE,SR 1.13,1,Explicit access request approval,7,0.497063,0.884118,,,
shellcheck,SC2187,Ash scripts will be checked as Dash. Add # shellcheck shell=dash to silence.,SR 3.2 RE 1,RE,SR 3.2,3,Malicious code protection on entry and exit points,8,0.494823,0.862421,,,
shellcheck,SC2187,Ash scripts will be checked as Dash. Add # shellcheck shell=dash to silence.,SR 1.2,SR,,1,Software process and device identification and authentication,9,0.492624,0.841556,,,
shellcheck,SC2187,Ash scripts will be checked as Dash. Add # shellcheck shell=dash to silence.,SR 2.4 RE 1,RE,SR 2.4,2,Mobile code integrity check,10,0.490544,0.822195,,,
shellcheck,SC2188,This redirection doesn't have a command. Move to its command (or use true as no-op).,SR 7.6 RE 1,RE,SR 7.6,7,Machine-readable reporting of current security settings,1,0.565291,1.0,,,
shellcheck,SC2188,This redirection doesn't have a command. Move to its command (or use true as no-op).,SR 3.7,SR,,3,Error handling,2,0.559255,0.942671,,,
shellcheck,SC2188,This redirection doesn't have a command. Move to its command (or use true as no-op).,SR 1.11,SR,,1,Unsuccessful login attempts,3,0.557184,0.923627,,,
shellcheck,SC2188,This redirection doesn't have a command. Move to its command (or use true as no-op).,SR 2.11,SR,,2,Timestamps,4,0.549709,0.857501,,,
shellcheck,SC2188,This redirection doesn't have a command. Move to its command (or use true as no-op).,SR 5.2 RE 3,RE,SR 5.2,5,Fail close,5,0.546247,0.828218,,,
shellcheck,SC2188,This redirection doesn't have a command. Move to its command (or use true as no-op).,SR 2.12 RE 1,RE,SR 2.12,2,Non-repudiation for all users,6,0.545769,0.824236,,,
shellcheck,SC2188,This redirection doesn't have a command. Move to its command (or use true as no-op).,SR 1.13 RE 1,RE,SR 1.13,1,Explicit access request approval,7,0.54523,0.819768,,,
shellcheck,SC2188,This redirection doesn't have a command. Move to its command (or use true as no-op).,SR 3.2 RE 1,RE,SR 3.2,3,Malicious code protection on entry and exit points,8,0.542873,0.800468,,,
shellcheck,SC2188,This redirection doesn't have a command. Move to its command (or use true as no-op).,SR 7.1,SR,,7,Denial of service protection,9,0.542468,0.79719,,,
shellcheck,SC2188,This redirection doesn't have a command. Move to its command (or use true as no-op).,SR 7.3,SR,,7,Control system backup,10,0.542321,0.796001,,,
shellcheck,SC2189,You can't have | between this redirection and the command it should apply to.,SR 1.11,SR,,1,Unsuccessful login attempts,1,0.54206,1.0,,,
shellcheck,SC2189,You can't have | between this redirection and the command it should apply to.,SR 3.2 RE 1,RE,SR 3.2,3,Malicious code protection on entry and exit points,2,0.534626,0.926862,,,
shellcheck,SC2189,You can't have | between this redirection and the command it should apply to.,SR 2.9 RE 1,RE,SR 2.9,2,Warn when audit record storage capacity threshold reached,3,0.519327,0.790063,,,
shellcheck,SC2189,You can't have | between this redirection and the command it should apply to.,SR 5.2 RE 3,RE,SR 5.2,5,Fail close,4,0.51915,0.788589,,,
shellcheck,SC2189,You can't have | between this redirection and the command it should apply to.,SR 3.7,SR,,3,Error handling,5,0.518653,0.784443,,,
shellcheck,SC2189,You can't have | between this redirection and the command it should apply to.,SR 3.9 RE 1,RE,SR 3.9,3,Audit records on write-once media,6,0.518053,0.779466,,,
shellcheck,SC2189,You can't have | between this redirection and the command it should apply to.,SR 5.2 RE 2,RE,SR 5.2,5,Island mode,7,0.517561,0.775398,,,
shellcheck,SC2189,You can't have | between this redirection and the command it should apply to.,SR 4.1 RE 2,RE,SR 4.1,4,Protection of confidentiality across zone boundaries,8,0.517515,0.775022,,,
shellcheck,SC2189,You can't have | between this redirection and the command it should apply to.,SR 5.3 RE 1,RE,SR 5.3,5,Prohibit all general purpose person-to-person communications,9,0.517351,0.773673,,,
shellcheck,SC2189,You can't have | between this redirection and the command it should apply to.,SR 3.5,SR,,3,Input validation,10,0.51388,0.745551,,,
shellcheck,SC2190,"Elements in associative arrays need index, e.g. array=( [index]=value ) .",SR 3.5,SR,,3,Input validation,1,0.52327,1.0,,,
shellcheck,SC2190,"Elements in associative arrays need index, e.g. array=( [index]=value ) .",SR 1.4,SR,,1,Identifier management,2,0.521876,0.985437,,,
shellcheck,SC2190,"Elements in associative arrays need index, e.g. array=( [index]=value ) .",SR 2.4,SR,,2,Mobile code,3,0.512985,0.896567,,,
shellcheck,SC2190,"Elements in associative arrays need index, e.g. array=( [index]=value ) .",SR 1.7 RE 1,RE,SR 1.7,1,Password generation and lifetime restrictions for human users,4,0.507907,0.848835,,,
shellcheck,SC2190,"Elements in associative arrays need index, e.g. array=( [index]=value ) .",SR 4.3,SR,,4,Use of cryptography,5,0.506987,0.840408,,,
shellcheck,SC2190,"Elements in associative arrays need index, e.g. array=( [index]=value ) .",SR 1.7 RE 2,RE,SR 1.7,1,Password lifetime restrictions for all users,6,0.506726,0.838031,,,
shellcheck,SC2190,"Elements in associative arrays need index, e.g. array=( [index]=value ) .",SR 3.7,SR,,3,Error handling,7,0.505706,0.828801,,,
shellcheck,SC2190,"Elements in associative arrays need index, e.g. array=( [index]=value ) .",SR 5.4,SR,,5,Application partitioning,8,0.505277,0.824933,,,
shellcheck,SC2190,"Elements in associative arrays need index, e.g. array=( [index]=value ) .",SR 3.6,SR,,3,Deterministic output,9,0.504762,0.820325,,,
shellcheck,SC2190,"Elements in associative arrays need index, e.g. array=( [index]=value ) .",SR 2.1 RE 2,RE,SR 2.1,2,Permission mapping to roles,10,0.501904,0.7951,,,
shellcheck,SC2191,"The = here is literal. To assign by index, use ( [index]=value ) with no spaces. To keep as literal, quote it.",SR 3.5,SR,,3,Input validation,1,0.512406,1.0,,,
shellcheck,SC2191,"The = here is literal. To assign by index, use ( [index]=value ) with no spaces. To keep as literal, quote it.",SR 3.6,SR,,3,Deterministic output,2,0.494225,0.8198,,,
shellcheck,SC2191,"The = here is literal. To assign by index, use ( [index]=value ) with no spaces. To keep as literal, quote it.",SR 5.4,SR,,5,Application partitioning,3,0.48118,0.707643,,,
shellcheck,SC2192,"This array element has no value. Remove spaces after = or use """" for empty string.",SR 3.5,SR,,3,Input validation,1,0.488918,1.0,,,
shellcheck,SC2192,"This array element has no value. Remove spaces after = or use """" for empty string.",SR 3.6,SR,,3,Deterministic output,2,0.47923,0.89577,,,
shellcheck,SC2192,"This array element has no value. Remove spaces after = or use """" for empty string.",SR 3.8 RE 2,RE,SR 3.8,3,Unique session ID generation,3,0.474193,0.845192,,,
shellcheck,SC2192,"This array element has no value. Remove spaces after = or use """" for empty string.",SR 3.8 RE 1,RE,SR 3.8,3,Invalidation of session IDs after session termination,4,0.473516,0.838583,,,
shellcheck,SC2192,"This array element has no value. Remove spaces after = or use """" for empty string.",SR 2.4 RE 1,RE,SR 2.4,2,Mobile code integrity check,5,0.469436,0.799606,,,
shellcheck,SC2192,"This array element has no value. Remove spaces after = or use """" for empty string.",SR 5.4,SR,,5,Application partitioning,6,0.467829,0.784664,,,
shellcheck,SC2192,"This array element has no value. Remove spaces after = or use """" for empty string.",SR 1.4,SR,,1,Identifier management,7,0.465816,0.766275,,,
shellcheck,SC2192,"This array element has no value. Remove spaces after = or use """" for empty string.",SR 3.8 RE 3,RE,SR 3.8,3,Randomness of session IDs,8,0.464766,0.756821,,,
shellcheck,SC2192,"This array element has no value. Remove spaces after = or use """" for empty string.",SR 3.7,SR,,3,Error handling,9,0.462346,0.735403,,,
shellcheck,SC2192,"This array element has no value. Remove spaces after = or use """" for empty string.",SR 3.3,SR,,3,Security functionality verification,10,0.457592,0.694764,,,
shellcheck,SC2193,The arguments to this comparison can never be equal. Make sure your syntax is correct.,SR 3.5,SR,,3,Input validation,1,0.531763,1.0,,,
shellcheck,SC2193,The arguments to this comparison can never be equal. Make sure your syntax is correct.,SR 2.12 RE 1,RE,SR 2.12,2,Non-repudiation for all users,2,0.502856,0.735342,,,
shellcheck,SC2193,The arguments to this comparison can never be equal. Make sure your syntax is correct.,SR 1.11,SR,,1,Unsuccessful login attempts,3,0.49938,0.70782,,,
shellcheck,SC2193,The arguments to this comparison can never be equal. Make sure your syntax is correct.,SR 3.3,SR,,3,Security functionality verification,4,0.497053,0.689867,,,
shellcheck,SC2194,This word is constant. Did you forget the $ on a variable?,SR 1.4,SR,,1,Identifier management,1,0.518501,1.0,,,
shellcheck,SC2194,This word is constant. Did you forget the $ on a variable?,SR 3.5,SR,,3,Input validation,2,0.509607,0.909217,,,
shellcheck,SC2194,This word is constant. Did you forget the $ on a variable?,SR 2.12 RE 1,RE,SR 2.12,2,Non-repudiation for all users,3,0.507967,0.893249,,,
shellcheck,SC2194,This word is constant. Did you forget the $ on a variable?,SR 1.7 RE 1,RE,SR 1.7,1,Password generation and lifetime restrictions for human users,4,0.507483,0.888577,,,
shellcheck,SC2194,This word is constant. Did you forget the $ on a variable?,SR 3.2 RE 1,RE,SR 3.2,3,Malicious code protection on entry and exit points,5,0.501074,0.828579,,,
shellcheck,SC2194,This word is constant. Did you forget the $ on a variable?,SR 3.7,SR,,3,Error handling,6,0.501021,0.8281,,,
shellcheck,SC2194,This word is constant. Did you forget the $ on a variable?,SR 1.7 RE 2,RE,SR 1.7,1,Password lifetime restrictions for all users,7,0.500312,0.821675,,,
shellcheck,SC2194,This word is constant. Did you forget the $ on a variable?,SR 7.1 RE 1,RE,SR 7.1,7,Manage communication loads,8,0.499465,0.814053,,,
shellcheck,SC2194,This word is constant. Did you forget the $ on a variable?,SR 1.2 RE 1,RE,SR 1.2,1,Unique identification and authentication,9,0.494052,0.766698,,,
shellcheck,SC2194,This word is constant. Did you forget the $ on a variable?,SR 2.11 RE 2,RE,SR 2.11,2,Protection of time source integrity,10,0.49105,0.741424,,,
shellcheck,SC2195,This pattern will never match the case statement's word. Double check them.,SR 3.5,SR,,3,Input validation,1,0.513052,1.0,,,
shellcheck,SC2196,egrep is non-standard and deprecated. Use grep -E instead.,SR 3.2 RE 1,RE,SR 3.2,3,Malicious code protection on entry and exit points,1,0.490393,1.0,,,
shellcheck,SC2196,egrep is non-standard and deprecated. Use grep -E instead.,SR 2.11,SR,,2,Timestamps,2,0.482352,0.913081,,,
shellcheck,SC2196,egrep is non-standard and deprecated. Use grep -E instead.,SR 1.11,SR,,1,Unsuccessful login attempts,3,0.473614,0.825735,,,
shellcheck,SC2196,egrep is non-standard and deprecated. Use grep -E instead.,SR 3.8 RE 2,RE,SR 3.8,3,Unique session ID generation,4,0.471716,0.807702,,,
shellcheck,SC2196,egrep is non-standard and deprecated. Use grep -E instead.,SR 1.7 RE 1,RE,SR 1.7,1,Password generation and lifetime restrictions for human users,5,0.470688,0.798069,,,
shellcheck,SC2196,egrep is non-standard and deprecated. Use grep -E instead.,SR 6.1 RE 1,RE,SR 6.1,6,Programmatic access to audit logs,6,0.469976,0.791447,,,
shellcheck,SC2196,egrep is non-standard and deprecated. Use grep -E instead.,SR 3.8 RE 3,RE,SR 3.8,3,Randomness of session IDs,7,0.469807,0.789882,,,
shellcheck,SC2196,egrep is non-standard and deprecated. Use grep -E instead.,SR 3.7,SR,,3,Error handling,8,0.469247,0.784717,,,
shellcheck,SC2196,egrep is non-standard and deprecated. Use grep -E instead.,SR 7.6 RE 1,RE,SR 7.6,7,Machine-readable reporting of current security settings,9,0.466885,0.763244,,,
shellcheck,SC2196,egrep is non-standard and deprecated. Use grep -E instead.,SR 2.12 RE 1,RE,SR 2.12,2,Non-repudiation for all users,10,0.464327,0.740526,,,
shellcheck,SC2197,fgrep is non-standard and deprecated. Use grep -F instead.,SR 2.11,SR,,2,Timestamps,1,0.485213,1.0,,,
shellcheck,SC2197,fgrep is non-standard and deprecated. Use grep -F instead.,SR 3.3,SR,,3,Security functionality verification,2,0.47772,0.917963,,,
shellcheck,SC2197,fgrep is non-standard and deprecated. Use grep -F instead.,SR 3.2 RE 1,RE,SR 3.2,3,Malicious code protection on entry and exit points,3,0.47174,0.856519,,,
shellcheck,SC2197,fgrep is non-standard and deprecated. Use grep -F instead.,SR 3.7,SR,,3,Error handling,4,0.470023,0.839508,,,
shellcheck,SC2197,fgrep is non-standard and deprecated. Use grep -F instead.,SR 1.7 RE 1,RE,SR 1.7,1,Password generation and lifetime restrictions for human users,5,0.469938,0.838673,,,
shellcheck,SC2197,fgrep is non-standard and deprecated. Use grep -F instead.,SR 2.4 RE 1,RE,SR 2.4,2,Mobile code integrity check,6,0.466963,0.809892,,,
shellcheck,SC2197,fgrep is non-standard and deprecated. Use grep -F instead.,SR 7.3 RE 1,RE,SR 7.3,7,Backup verification,7,0.456539,0.71532,,,
shellcheck,SC2197,fgrep is non-standard and deprecated. Use grep -F instead.,SR 2.9 RE 1,RE,SR 2.9,2,Warn when audit record storage capacity threshold reached,8,0.45601,0.710774,,,
shellcheck,SC2197,fgrep is non-standard and deprecated. Use grep -F instead.,SR 1.11,SR,,1,Unsuccessful login attempts,9,0.455938,0.710154,,,
shellcheck,SC2197,fgrep is non-standard and deprecated. Use grep -F instead.,SR 7.3,SR,,7,Control system backup,10,0.455811,0.709069,,,
shellcheck,SC2198,Arrays don't work as operands in [ ]. Use a loop (or concatenate with * instead of @).,SR 3.5,SR,,3,Input validation,1,0.509467,1.0,,,
shellcheck,SC2198,Arrays don't work as operands in [ ]. Use a loop (or concatenate with * instead of @).,SR 1.11,SR,,1,Unsuccessful login attempts,2,0.492706,0.83195,,,
shellcheck,SC2198,Arrays don't work as operands in [ ]. Use a loop (or concatenate with * instead of @).,SR 3.8,SR,,3,Session integrity,3,0.484554,0.759002,,,
shellcheck,SC2198,Arrays don't work as operands in [ ]. Use a loop (or concatenate with * instead of @).,SR 2.11,SR,,2,Timestamps,4,0.483354,0.74872,,,
shellcheck,SC2198,Arrays don't work as operands in [ ]. Use a loop (or concatenate with * instead of @).,SR 3.8 RE 2,RE,SR 3.8,3,Unique session ID generation,5,0.481348,0.731793,,,
shellcheck,SC2198,Arrays don't work as operands in [ ]. Use a loop (or concatenate with * instead of @).,SR 3.8 RE 1,RE,SR 3.8,3,Invalidation of session IDs after session termination,6,0.478737,0.710228,,,
shellcheck,SC2198,Arrays don't work as operands in [ ]. Use a loop (or concatenate with * instead of @).,SR 5.2 RE 1,RE,SR 5.2,5,"Deny by default, allow by exception",7,0.474988,0.680171,,,
shellcheck,SC2199,Arrays implicitly concatenate in [[ ]]. Use a loop (or explicit * instead of @).,SR 3.5,SR,,3,Input validation,1,0.495755,1.0,,,
shellcheck,SC2199,Arrays implicitly concatenate in [[ ]]. Use a loop (or explicit * instead of @).,SR 2.11,SR,,2,Timestamps,2,0.482971,0.866157,,,
shellcheck,SC2199,Arrays implicitly concatenate in [[ ]]. Use a loop (or explicit * instead of @).,SR 3.8 RE 1,RE,SR 3.8,3,Invalidation of session IDs after session termination,3,0.480073,0.837949,,,
shellcheck,SC2199,Arrays implicitly concatenate in [[ ]]. Use a loop (or explicit * instead of @).,SR 3.8 RE 2,RE,SR 3.8,3,Unique session ID generation,4,0.479181,0.829426,,,
shellcheck,SC2199,Arrays implicitly concatenate in [[ ]]. Use a loop (or explicit * instead of @).,SR 3.8,SR,,3,Session integrity,5,0.478897,0.826727,,,
shellcheck,SC2199,Arrays implicitly concatenate in [[ ]]. Use a loop (or explicit * instead of @).,SR 2.3,SR,,2,Use control for portable and mobile devices,6,0.478582,0.82374,,,
shellcheck,SC2199,Arrays implicitly concatenate in [[ ]]. Use a loop (or explicit * instead of @).,SR 1.11,SR,,1,Unsuccessful login attempts,7,0.476107,0.800578,,,
shellcheck,SC2199,Arrays implicitly concatenate in [[ ]]. Use a loop (or explicit * instead of @).,SR 4.2 RE 1,RE,SR 4.2,4,Purging of shared memory resources,8,0.473337,0.775291,,,
shellcheck,SC2199,Arrays implicitly concatenate in [[ ]]. Use a loop (or explicit * instead of @).,SR 1.7 RE 1,RE,SR 1.7,1,Password generation and lifetime restrictions for human users,9,0.473068,0.772872,,,
shellcheck,SC2199,Arrays implicitly concatenate in [[ ]]. Use a loop (or explicit * instead of @).,SR 3.4 RE 1,RE,SR 3.4,3,Automated notification about integrity violations,10,0.47228,0.765823,,,
shellcheck,SC2200,Brace expansions don't work as operands in [ ]. Use a loop.,SR 3.5,SR,,3,Input validation,1,0.514261,1.0,,,
shellcheck,SC2200,Brace expansions don't work as operands in [ ]. Use a loop.,SR 1.11,SR,,1,Unsuccessful login attempts,2,0.50019,0.858482,,,
shellcheck,SC2200,Brace expansions don't work as operands in [ ]. Use a loop.,SR 5.2 RE 3,RE,SR 5.2,5,Fail close,3,0.483725,0.71414,,,
shellcheck,SC2201,Brace expansion doesn't happen in [[ ]]. Use a loop.,SR 3.5,SR,,3,Input validation,1,0.501662,1.0,,,
shellcheck,SC2201,Brace expansion doesn't happen in [[ ]]. Use a loop.,SR 1.11,SR,,1,Unsuccessful login attempts,2,0.488182,0.860873,,,
shellcheck,SC2201,Brace expansion doesn't happen in [[ ]]. Use a loop.,SR 5.2 RE 3,RE,SR 5.2,5,Fail close,3,0.480715,0.790902,,,
shellcheck,SC2201,Brace expansion doesn't happen in [[ ]]. Use a loop.,SR 3.2 RE 1,RE,SR 3.2,3,Malicious code protection on entry and exit points,4,0.471024,0.707093,,,
shellcheck,SC2202,Globs don't work as operands in [ ]. Use a loop.,SR 7.3,SR,,7,Control system backup,1,0.566687,1.0,,,
shellcheck,SC2202,Globs don't work as operands in [ ]. Use a loop.,SR 7.3 RE 1,RE,SR 7.3,7,Backup verification,2,0.558541,0.923453,,,
shellcheck,SC2202,Globs don't work as operands in [ ]. Use a loop.,SR 7.3 RE 2,RE,SR 7.3,7,Backup automation,3,0.554265,0.885231,,,
shellcheck,SC2202,Globs don't work as operands in [ ]. Use a loop.,SR 2.11,SR,,2,Timestamps,4,0.531997,0.706502,,,
shellcheck,SC2203,Globs are ignored in [[ ]] except right of =/!=. Use a loop.,SR 7.3,SR,,7,Control system backup,1,0.576088,1.0,,,
shellcheck,SC2203,Globs are ignored in [[ ]] except right of =/!=. Use a loop.,SR 7.3 RE 1,RE,SR 7.3,7,Backup verification,2,0.559565,0.852097,,,
shellcheck,SC2204,"(..) is a subshell. Did you mean [ .. ], a test expression?",SR 3.5,SR,,3,Input validation,1,0.567485,1.0,,,
shellcheck,SC2204,"(..) is a subshell. Did you mean [ .. ], a test expression?",SR 2.4 RE 1,RE,SR 2.4,2,Mobile code integrity check,2,0.55698,0.902336,,,
shellcheck,SC2204,"(..) is a subshell. Did you mean [ .. ], a test expression?",SR 5.2 RE 3,RE,SR 5.2,5,Fail close,3,0.552581,0.863829,,,
shellcheck,SC2204,"(..) is a subshell. Did you mean [ .. ], a test expression?",SR 5.2 RE 2,RE,SR 5.2,5,Island mode,4,0.544652,0.79782,,,
shellcheck,SC2204,"(..) is a subshell. Did you mean [ .. ], a test expression?",SR 3.2 RE 1,RE,SR 3.2,3,Malicious code protection on entry and exit points,5,0.542696,0.782187,,,
shellcheck,SC2204,"(..) is a subshell. Did you mean [ .. ], a test expression?",SR 7.3,SR,,7,Control system backup,6,0.53847,0.749276,,,
shellcheck,SC2204,"(..) is a subshell. Did you mean [ .. ], a test expression?",SR 5.4,SR,,5,Application partitioning,7,0.536111,0.731396,,,
shellcheck,SC2204,"(..) is a subshell. Did you mean [ .. ], a test expression?",SR 4.1 RE 2,RE,SR 4.1,4,Protection of confidentiality across zone boundaries,8,0.534966,0.722844,,,
shellcheck,SC2204,"(..) is a subshell. Did you mean [ .. ], a test expression?",SR 7.1,SR,,7,Denial of service protection,9,0.534662,0.720588,,,
shellcheck,SC2204,"(..) is a subshell. Did you mean [ .. ], a test expression?",SR 3.7,SR,,3,Error handling,10,0.529186,0.680923,,,
shellcheck,SC2205,"(..) is a subshell. Did you mean [ .. ], a test expression?",SR 3.5,SR,,3,Input validation,1,0.590186,1.0,,,
shellcheck,SC2205,"(..) is a subshell. Did you mean [ .. ], a test expression?",SR 5.2 RE 3,RE,SR 5.2,5,Fail close,2,0.56033,0.751623,,,
shellcheck,SC2205,"(..) is a subshell. Did you mean [ .. ], a test expression?",SR 2.4 RE 1,RE,SR 2.4,2,Mobile code integrity check,3,0.556775,0.725771,,,
shellcheck,SC2205,"(..) is a subshell. Did you mean [ .. ], a test expression?",SR 5.2 RE 2,RE,SR 5.2,5,Island mode,4,0.550694,0.683233,,,
shellcheck,SC2206,"Quote to prevent word splitting/globbing, or split robustly with mapfile or read -a.",SR 3.5,SR,,3,Input validation,1,0.576288,1.0,,,
shellcheck,SC2207,Prefer mapfile or read -a to split command output (or quote to avoid splitting).,SR 3.5,SR,,3,Input validation,1,0.546874,1.0,,,
shellcheck,SC2207,Prefer mapfile or read -a to split command output (or quote to avoid splitting).,SR 3.6,SR,,3,Deterministic output,2,0.529635,0.838478,,,
shellcheck,SC2207,Prefer mapfile or read -a to split command output (or quote to avoid splitting).,SR 5.4,SR,,5,Application partitioning,3,0.529216,0.834837,,,
shellcheck,SC2207,Prefer mapfile or read -a to split command output (or quote to avoid splitting).,SR 4.2,SR,,4,Information persistence,4,0.523316,0.784919,,,
shellcheck,SC2207,Prefer mapfile or read -a to split command output (or quote to avoid splitting).,SR 7.6 RE 1,RE,SR 7.6,7,Machine-readable reporting of current security settings,5,0.513969,0.710849,,,
shellcheck,SC2208,Use [[ ]] or quote arguments to -v to avoid glob expansion.,SR 3.2 RE 1,RE,SR 3.2,3,Malicious code protection on entry and exit points,1,0.510017,1.0,,,
shellcheck,SC2208,Use [[ ]] or quote arguments to -v to avoid glob expansion.,SR 2.9 RE 1,RE,SR 2.9,2,Warn when audit record storage capacity threshold reached,2,0.509739,0.997007,,,
shellcheck,SC2208,Use [[ ]] or quote arguments to -v to avoid glob expansion.,SR 5.2 RE 3,RE,SR 5.2,5,Fail close,3,0.508186,0.980419,,,
shellcheck,SC2208,Use [[ ]] or quote arguments to -v to avoid glob expansion.,SR 3.6,SR,,3,Deterministic output,4,0.490489,0.80676,,,
shellcheck,SC2208,Use [[ ]] or quote arguments to -v to avoid glob expansion.,SR 7.3,SR,,7,Control system backup,5,0.489372,0.796715,,,
shellcheck,SC2208,Use [[ ]] or quote arguments to -v to avoid glob expansion.,SR 4.2 RE 1,RE,SR 4.2,4,Purging of shared memory resources,6,0.488122,0.78558,,,
shellcheck,SC2208,Use [[ ]] or quote arguments to -v to avoid glob expansion.,SR 2.9,SR,,2,Audit storage capacity,7,0.485748,0.764799,,,
shellcheck,SC2208,Use [[ ]] or quote arguments to -v to avoid glob expansion.,SR 5.2 RE 1,RE,SR 5.2,5,"Deny by default, allow by exception",8,0.485159,0.759712,,,
shellcheck,SC2208,Use [[ ]] or quote arguments to -v to avoid glob expansion.,SR 1.11,SR,,1,Unsuccessful login attempts,9,0.484286,0.752224,,,
shellcheck,SC2208,Use [[ ]] or quote arguments to -v to avoid glob expansion.,SR 3.5,SR,,3,Input validation,10,0.48297,0.741044,,,
shellcheck,SC2209,Use var=$(command) to assign output (or quote to assign string).,SR 3.6,SR,,3,Deterministic output,1,0.573971,1.0,,,
shellcheck,SC2209,Use var=$(command) to assign output (or quote to assign string).,SR 2.12 RE 1,RE,SR 2.12,2,Non-repudiation for all users,2,0.552365,0.809746,,,
shellcheck,SC2209,Use var=$(command) to assign output (or quote to assign string).,SR 7.6 RE 1,RE,SR 7.6,7,Machine-readable reporting of current security settings,3,0.536341,0.688707,,,
shellcheck,SC2210,This is a file redirection. Was it supposed to be a comparison or fd operation?,SR 5.2 RE 3,RE,SR 5.2,5,Fail close,1,0.569475,1.0,,,
shellcheck,SC2210,This is a file redirection. Was it supposed to be a comparison or fd operation?,SR 3.2 RE 1,RE,SR 3.2,3,Malicious code protection on entry and exit points,2,0.567236,0.978572,,,
shellcheck,SC2210,This is a file redirection. Was it supposed to be a comparison or fd operation?,SR 7.1,SR,,7,Denial of service protection,3,0.55442,0.862992,,,
shellcheck,SC2210,This is a file redirection. Was it supposed to be a comparison or fd operation?,SR 7.3,SR,,7,Control system backup,4,0.550465,0.829665,,,
shellcheck,SC2210,This is a file redirection. Was it supposed to be a comparison or fd operation?,SR 3.3,SR,,3,Security functionality verification,5,0.549587,0.822411,,,
shellcheck,SC2210,This is a file redirection. Was it supposed to be a comparison or fd operation?,SR 1.11,SR,,1,Unsuccessful login attempts,6,0.548548,0.813902,,,
shellcheck,SC2210,This is a file redirection. Was it supposed to be a comparison or fd operation?,SR 3.7,SR,,3,Error handling,7,0.547356,0.804221,,,
shellcheck,SC2210,This is a file redirection. Was it supposed to be a comparison or fd operation?,SR 3.5,SR,,3,Input validation,8,0.545316,0.787874,,,
shellcheck,SC2210,This is a file redirection. Was it supposed to be a comparison or fd operation?,SR 3.6,SR,,3,Deterministic output,9,0.541622,0.758965,,,
shellcheck,SC2210,This is a file redirection. Was it supposed to be a comparison or fd operation?,SR 3.3 RE 2,RE,SR 3.3,3,Security functionality verification during normal operation,10,0.538762,0.73718,,,
shellcheck,SC2211,"This is a glob used as a command name. Was it supposed to be in ${..}, array, or is it missing quoting?",SR 2.11,SR,,2,Timestamps,1,0.502138,1.0,,,
shellcheck,SC2211,"This is a glob used as a command name. Was it supposed to be in ${..}, array, or is it missing quoting?",SR 1.4,SR,,1,Identifier management,2,0.494477,0.918918,,,
shellcheck,SC2211,"This is a glob used as a command name. Was it supposed to be in ${..}, array, or is it missing quoting?",SR 3.5,SR,,3,Input validation,3,0.491124,0.885172,,,
shellcheck,SC2211,"This is a glob used as a command name. Was it supposed to be in ${..}, array, or is it missing quoting?",SR 7.3,SR,,7,Control system backup,4,0.489754,0.871677,,,
shellcheck,SC2211,"This is a glob used as a command name. Was it supposed to be in ${..}, array, or is it missing quoting?",SR 4.2,SR,,4,Information persistence,5,0.48173,0.795969,,,
shellcheck,SC2211,"This is a glob used as a command name. Was it supposed to be in ${..}, array, or is it missing quoting?",SR 4.2 RE 1,RE,SR 4.2,4,Purging of shared memory resources,6,0.480031,0.780645,,,
shellcheck,SC2211,"This is a glob used as a command name. Was it supposed to be in ${..}, array, or is it missing quoting?",SR 7.1 RE 1,RE,SR 7.1,7,Manage communication loads,7,0.478268,0.765008,,,
shellcheck,SC2211,"This is a glob used as a command name. Was it supposed to be in ${..}, array, or is it missing quoting?",SR 7.6 RE 1,RE,SR 7.6,7,Machine-readable reporting of current security settings,8,0.476841,0.752537,,,
shellcheck,SC2211,"This is a glob used as a command name. Was it supposed to be in ${..}, array, or is it missing quoting?",SR 2.9,SR,,2,Audit storage capacity,9,0.475288,0.739157,,,
shellcheck,SC2211,"This is a glob used as a command name. Was it supposed to be in ${..}, array, or is it missing quoting?",SR 5.2 RE 3,RE,SR 5.2,5,Fail close,10,0.472963,0.719487,,,
shellcheck,SC2212,Use false instead of empty [/[[ conditionals.,SR 3.7,SR,,3,Error handling,1,0.513449,1.0,,,
shellcheck,SC2212,Use false instead of empty [/[[ conditionals.,SR 3.5,SR,,3,Input validation,2,0.509239,0.955724,,,
shellcheck,SC2212,Use false instead of empty [/[[ conditionals.,SR 5.2 RE 3,RE,SR 5.2,5,Fail close,3,0.508237,0.945423,,,
shellcheck,SC2212,Use false instead of empty [/[[ conditionals.,SR 3.6,SR,,3,Deterministic output,4,0.507703,0.939976,,,
shellcheck,SC2212,Use false instead of empty [/[[ conditionals.,SR 7.1,SR,,7,Denial of service protection,5,0.506723,0.930041,,,
shellcheck,SC2212,Use false instead of empty [/[[ conditionals.,SR 7.7,SR,,7,Least functionality,6,0.503738,0.900301,,,
shellcheck,SC2212,Use false instead of empty [/[[ conditionals.,SR 3.8 RE 1,RE,SR 3.8,3,Invalidation of session IDs after session termination,7,0.502485,0.88805,,,
shellcheck,SC2212,Use false instead of empty [/[[ conditionals.,SR 2.9 RE 1,RE,SR 2.9,2,Warn when audit record storage capacity threshold reached,8,0.502132,0.884625,,,
shellcheck,SC2212,Use false instead of empty [/[[ conditionals.,SR 1.11,SR,,1,Unsuccessful login attempts,9,0.501845,0.88185,,,
shellcheck,SC2212,Use false instead of empty [/[[ conditionals.,SR 5.2 RE 2,RE,SR 5.2,5,Island mode,10,0.499386,0.858342,,,
shellcheck,SC2213,"getopts specified -n, but it's not handled by this case.",SR 3.7,SR,,3,Error handling,1,0.526133,1.0,,,
shellcheck,SC2213,"getopts specified -n, but it's not handled by this case.",SR 1.11,SR,,1,Unsuccessful login attempts,2,0.524668,0.984779,,,
shellcheck,SC2213,"getopts specified -n, but it's not handled by this case.",SR 2.12 RE 1,RE,SR 2.12,2,Non-repudiation for all users,3,0.518082,0.918684,,,
shellcheck,SC2213,"getopts specified -n, but it's not handled by this case.",SR 1.13 RE 1,RE,SR 1.13,1,Explicit access request approval,4,0.512305,0.863737,,,
shellcheck,SC2213,"getopts specified -n, but it's not handled by this case.",SR 5.2 RE 1,RE,SR 5.2,5,"Deny by default, allow by exception",5,0.505187,0.799766,,,
shellcheck,SC2213,"getopts specified -n, but it's not handled by this case.",SR 7.1,SR,,7,Denial of service protection,6,0.50446,0.793457,,,
shellcheck,SC2213,"getopts specified -n, but it's not handled by this case.",SR 2.12,SR,,2,Non-repudiation,7,0.498011,0.739245,,,
shellcheck,SC2213,"getopts specified -n, but it's not handled by this case.",SR 3.6,SR,,3,Deterministic output,8,0.495009,0.715066,,,
shellcheck,SC2213,"getopts specified -n, but it's not handled by this case.",SR 1.7 RE 1,RE,SR 1.7,1,Password generation and lifetime restrictions for human users,9,0.493626,0.70415,,,
shellcheck,SC2213,"getopts specified -n, but it's not handled by this case.",SR 1.4,SR,,1,Identifier management,10,0.491903,0.690732,,,
shellcheck,SC2214,This case is not specified by getopts.,SR 1.11,SR,,1,Unsuccessful login attempts,1,0.537787,1.0,,,
shellcheck,SC2214,This case is not specified by getopts.,SR 2.12 RE 1,RE,SR 2.12,2,Non-repudiation for all users,2,0.515648,0.793574,,,
shellcheck,SC2214,This case is not specified by getopts.,SR 7.1,SR,,7,Denial of service protection,3,0.511273,0.757237,,,
shellcheck,SC2214,This case is not specified by getopts.,SR 3.8 RE 3,RE,SR 3.8,3,Randomness of session IDs,4,0.507325,0.725635,,,
shellcheck,SC2214,This case is not specified by getopts.,SR 3.7,SR,,3,Error handling,5,0.50452,0.703839,,,
shellcheck,SC2214,This case is not specified by getopts.,SR 3.2 RE 1,RE,SR 3.2,3,Malicious code protection on entry and exit points,6,0.501847,0.683576,,,
shellcheck,SC2214,This case is not specified by getopts.,SR 5.2 RE 1,RE,SR 5.2,5,"Deny by default, allow by exception",7,0.501403,0.680258,,,
shellcheck,SC2215,This flag is used as a command name. Bad line break or missing [ .. ]?,SR 3.7,SR,,3,Error handling,1,0.52511,1.0,,,
shellcheck,SC2215,This flag is used as a command name. Bad line break or missing [ .. ]?,SR 5.2 RE 3,RE,SR 5.2,5,Fail close,2,0.521407,0.96182,,,
shellcheck,SC2215,This flag is used as a command name. Bad line break or missing [ .. ]?,SR 3.5,SR,,3,Input validation,3,0.515982,0.908058,,,
shellcheck,SC2215,This flag is used as a command name. Bad line break or missing [ .. ]?,SR 2.4 RE 1,RE,SR 2.4,2,Mobile code integrity check,4,0.515223,0.900729,,,
shellcheck,SC2215,This flag is used as a command name. Bad line break or missing [ .. ]?,SR 3.2 RE 1,RE,SR 3.2,3,Malicious code protection on entry and exit points,5,0.504231,0.79999,,,
shellcheck,SC2215,This flag is used as a command name. Bad line break or missing [ .. ]?,SR 5.2 RE 2,RE,SR 5.2,5,Island mode,6,0.499316,0.758031,,,
shellcheck,SC2215,This flag is used as a command name. Bad line break or missing [ .. ]?,SR 3.3,SR,,3,Security functionality verification,7,0.491367,0.693994,,,
shellcheck,SC2215,This flag is used as a command name. Bad line break or missing [ .. ]?,SR 1.11,SR,,1,Unsuccessful login attempts,8,0.490556,0.687712,,,
shellcheck,SC2215,This flag is used as a command name. Bad line break or missing [ .. ]?,SR 1.4,SR,,1,Identifier management,9,0.49005,0.683827,,,
shellcheck,SC2216,"Piping to rm, a command that doesn't read stdin. Wrong command or missing xargs?",SR 3.7,SR,,3,Error handling,1,0.519847,1.0,,,
shellcheck,SC2216,"Piping to rm, a command that doesn't read stdin. Wrong command or missing xargs?",SR 3.5,SR,,3,Input validation,2,0.510597,0.905975,,,
shellcheck,SC2216,"Piping to rm, a command that doesn't read stdin. Wrong command or missing xargs?",SR 7.3,SR,,7,Control system backup,3,0.497142,0.782219,,,
shellcheck,SC2216,"Piping to rm, a command that doesn't read stdin. Wrong command or missing xargs?",SR 4.2,SR,,4,Information persistence,4,0.496858,0.779766,,,
shellcheck,SC2216,"Piping to rm, a command that doesn't read stdin. Wrong command or missing xargs?",SR 2.11,SR,,2,Timestamps,5,0.493466,0.750936,,,
shellcheck,SC2216,"Piping to rm, a command that doesn't read stdin. Wrong command or missing xargs?",SR 7.1 RE 1,RE,SR 7.1,7,Manage communication loads,6,0.489025,0.714505,,,
shellcheck,SC2216,"Piping to rm, a command that doesn't read stdin. Wrong command or missing xargs?",SR 4.2 RE 1,RE,SR 4.2,4,Purging of shared memory resources,7,0.484918,0.682122,,,
shellcheck,SC2217,"Redirecting to echo, a command that doesn't read stdin. Bad quoting or missing xargs?",SR 5.2 RE 3,RE,SR 5.2,5,Fail close,1,0.486677,1.0,,,
shellcheck,SC2217,"Redirecting to echo, a command that doesn't read stdin. Bad quoting or missing xargs?",SR 3.7,SR,,3,Error handling,2,0.479813,0.92485,,,
shellcheck,SC2217,"Redirecting to echo, a command that doesn't read stdin. Bad quoting or missing xargs?",SR 1.11,SR,,1,Unsuccessful login attempts,3,0.471114,0.836309,,,
shellcheck,SC2217,"Redirecting to echo, a command that doesn't read stdin. Bad quoting or missing xargs?",SR 3.5,SR,,3,Input validation,4,0.468581,0.811873,,,
shellcheck,SC2217,"Redirecting to echo, a command that doesn't read stdin. Bad quoting or missing xargs?",SR 7.1,SR,,7,Denial of service protection,5,0.461116,0.74324,,,
shellcheck,SC2217,"Redirecting to echo, a command that doesn't read stdin. Bad quoting or missing xargs?",SR 7.1 RE 1,RE,SR 7.1,7,Manage communication loads,6,0.455909,0.698241,,,
shellcheck,SC2218,This function is only defined later. Move the definition up.,SR 5.2 RE 3,RE,SR 5.2,5,Fail close,1,0.51203,1.0,,,
shellcheck,SC2218,This function is only defined later. Move the definition up.,SR 3.2 RE 1,RE,SR 3.2,3,Malicious code protection on entry and exit points,2,0.502034,0.897231,,,
shellcheck,SC2218,This function is only defined later. Move the definition up.,SR 3.3,SR,,3,Security functionality verification,3,0.501293,0.889976,,,
shellcheck,SC2218,This function is only defined later. Move the definition up.,SR 3.3 RE 2,RE,SR 3.3,3,Security functionality verification during normal operation,4,0.486902,0.758235,,,
shellcheck,SC2218,This function is only defined later. Move the definition up.,SR 3.2,SR,,3,Malicious code protection,5,0.486466,0.754504,,,
shellcheck,SC2218,This function is only defined later. Move the definition up.,SR 3.5,SR,,3,Input validation,6,0.484578,0.738537,,,
shellcheck,SC2218,This function is only defined later. Move the definition up.,SR 7.7,SR,,7,Least functionality,7,0.483933,0.733145,,,
shellcheck,SC2218,This function is only defined later. Move the definition up.,SR 1.2 RE 1,RE,SR 1.2,1,Unique identification and authentication,8,0.482352,0.720069,,,
shellcheck,SC2218,This function is only defined later. Move the definition up.,SR 1.5 RE 1,RE,SR 1.5,1,Hardware security for software process identity credentials,9,0.478101,0.685855,,,
shellcheck,SC2219,"Instead of let expr, prefer (( expr )) .",SR 3.5,SR,,3,Input validation,1,0.501557,1.0,,,
shellcheck,SC2219,"Instead of let expr, prefer (( expr )) .",SR 3.3,SR,,3,Security functionality verification,2,0.498409,0.965962,,,
shellcheck,SC2219,"Instead of let expr, prefer (( expr )) .",SR 4.3,SR,,4,Use of cryptography,3,0.497528,0.956613,,,
shellcheck,SC2219,"Instead of let expr, prefer (( expr )) .",SR 3.7,SR,,3,Error handling,4,0.497119,0.952295,,,
shellcheck,SC2219,"Instead of let expr, prefer (( expr )) .",SR 7.7,SR,,7,Least functionality,5,0.490027,0.879927,,,
shellcheck,SC2219,"Instead of let expr, prefer (( expr )) .",SR 1.11,SR,,1,Unsuccessful login attempts,6,0.485974,0.840638,,,
shellcheck,SC2219,"Instead of let expr, prefer (( expr )) .",SR 2.4 RE 1,RE,SR 2.4,2,Mobile code integrity check,7,0.484919,0.830648,,,
shellcheck,SC2219,"Instead of let expr, prefer (( expr )) .",SR 5.2 RE 3,RE,SR 5.2,5,Fail close,8,0.480802,0.792598,,,
shellcheck,SC2219,"Instead of let expr, prefer (( expr )) .",SR 3.2 RE 1,RE,SR 3.2,3,Malicious code protection on entry and exit points,9,0.47894,0.775867,,,
shellcheck,SC2219,"Instead of let expr, prefer (( expr )) .",SR 5.2 RE 1,RE,SR 5.2,5,"Deny by default, allow by exception",10,0.478547,0.772371,,,
shellcheck,SC2220,Invalid flags are not handled. Add a *) case.,SR 3.7,SR,,3,Error handling,1,0.586431,1.0,,,
shellcheck,SC2220,Invalid flags are not handled. Add a *) case.,SR 1.11,SR,,1,Unsuccessful login attempts,2,0.571777,0.870071,,,
shellcheck,SC2221,This pattern always overrides a later one.,SR 3.2 RE 1,RE,SR 3.2,3,Malicious code protection on entry and exit points,1,0.552374,1.0,,,
shellcheck,SC2221,This pattern always overrides a later one.,SR 3.5,SR,,3,Input validation,2,0.552362,0.999882,,,
shellcheck,SC2221,This pattern always overrides a later one.,SR 3.7,SR,,3,Error handling,3,0.542672,0.907136,,,
shellcheck,SC2221,This pattern always overrides a later one.,SR 1.7 RE 1,RE,SR 1.7,1,Password generation and lifetime restrictions for human users,4,0.542292,0.90365,,,
shellcheck,SC2221,This pattern always overrides a later one.,SR 1.11,SR,,1,Unsuccessful login attempts,5,0.540791,0.889972,,,
shellcheck,SC2221,This pattern always overrides a later one.,SR 3.8 RE 1,RE,SR 3.8,3,Invalidation of session IDs after session termination,6,0.536294,0.850023,,,
shellcheck,SC2221,This pattern always overrides a later one.,SR 2.11,SR,,2,Timestamps,7,0.535948,0.847016,,,
shellcheck,SC2221,This pattern always overrides a later one.,SR 3.8,SR,,3,Session integrity,8,0.535446,0.842658,,,
shellcheck,SC2221,This pattern always overrides a later one.,SR 2.11 RE 2,RE,SR 2.11,2,Protection of time source integrity,9,0.533119,0.822717,,,
shellcheck,SC2221,This pattern always overrides a later one.,SR 1.4,SR,,1,Identifier management,10,0.529001,0.788364,,,
shellcheck,SC2222,This pattern never matches because of a previous pattern.,SR 3.8 RE 3,RE,SR 3.8,3,Randomness of session IDs,1,0.500609,1.0,,,
shellcheck,SC2222,This pattern never matches because of a previous pattern.,SR 1.11,SR,,1,Unsuccessful login attempts,2,0.492841,0.917587,,,
shellcheck,SC2222,This pattern never matches because of a previous pattern.,SR 2.11 RE 2,RE,SR 2.11,2,Protection of time source integrity,3,0.485449,0.844404,,,
shellcheck,SC2222,This pattern never matches because of a previous pattern.,SR 3.2 RE 1,RE,SR 3.2,3,Malicious code protection on entry and exit points,4,0.477243,0.768826,,,
shellcheck,SC2222,This pattern never matches because of a previous pattern.,SR 3.8 RE 2,RE,SR 3.8,3,Unique session ID generation,5,0.476324,0.760719,,,
shellcheck,SC2222,This pattern never matches because of a previous pattern.,SR 2.11,SR,,2,Timestamps,6,0.471441,0.718806,,,
shellcheck,SC2222,This pattern never matches because of a previous pattern.,SR 1.7 RE 1,RE,SR 1.7,1,Password generation and lifetime restrictions for human users,7,0.46808,0.691068,,,
shellcheck,SC2223,This default assignment may cause DoS due to globbing. Quote it.,SR 3.7,SR,,3,Error handling,1,0.545916,1.0,,,
shellcheck,SC2223,This default assignment may cause DoS due to globbing. Quote it.,SR 3.2 RE 1,RE,SR 3.2,3,Malicious code protection on entry and exit points,2,0.535187,0.896579,,,
shellcheck,SC2223,This default assignment may cause DoS due to globbing. Quote it.,SR 3.5,SR,,3,Input validation,3,0.522207,0.783327,,,
shellcheck,SC2223,This default assignment may cause DoS due to globbing. Quote it.,SR 4.2 RE 1,RE,SR 4.2,4,Purging of shared memory resources,4,0.520927,0.772824,,,
shellcheck,SC2223,This default assignment may cause DoS due to globbing. Quote it.,SR 2.9 RE 1,RE,SR 2.9,2,Warn when audit record storage capacity threshold reached,5,0.520465,0.769065,,,
shellcheck,SC2223,This default assignment may cause DoS due to globbing. Quote it.,SR 2.11 RE 2,RE,SR 2.11,2,Protection of time source integrity,6,0.519392,0.760384,,,
shellcheck,SC2223,This default assignment may cause DoS due to globbing. Quote it.,SR 2.11,SR,,2,Timestamps,7,0.519088,0.75794,,,
shellcheck,SC2223,This default assignment may cause DoS due to globbing. Quote it.,SR 2.4,SR,,2,Mobile code,8,0.518458,0.752896,,,
shellcheck,SC2223,This default assignment may cause DoS due to globbing. Quote it.,SR 7.6 RE 1,RE,SR 7.6,7,Machine-readable reporting of current security settings,9,0.515073,0.726251,,,
shellcheck,SC2223,This default assignment may cause DoS due to globbing. Quote it.,SR 1.7 RE 1,RE,SR 1.7,1,Password generation and lifetime restrictions for human users,10,0.513027,0.710529,,,
shellcheck,SC2224,This mv has no destination. Check the arguments.,SR 3.2 RE 1,RE,SR 3.2,3,Malicious code protection on entry and exit points,1,0.515718,1.0,,,
shellcheck,SC2224,This mv has no destination. Check the arguments.,SR 5.2 RE 3,RE,SR 5.2,5,Fail close,2,0.507805,0.918477,,,
shellcheck,SC2224,This mv has no destination. Check the arguments.,SR 3.7,SR,,3,Error handling,3,0.505043,0.891331,,,
shellcheck,SC2224,This mv has no destination. Check the arguments.,SR 7.3,SR,,7,Control system backup,4,0.496334,0.810009,,,
shellcheck,SC2224,This mv has no destination. Check the arguments.,SR 2.4 RE 1,RE,SR 2.4,2,Mobile code integrity check,5,0.488418,0.741457,,,
shellcheck,SC2224,This mv has no destination. Check the arguments.,SR 7.1 RE 1,RE,SR 7.1,7,Manage communication loads,6,0.486982,0.72955,,,
shellcheck,SC2224,This mv has no destination. Check the arguments.,SR 7.3 RE 1,RE,SR 7.3,7,Backup verification,7,0.48313,0.69837,,,
shellcheck,SC2224,This mv has no destination. Check the arguments.,SR 3.6,SR,,3,Deterministic output,8,0.481336,0.684228,,,
shellcheck,SC2225,This cp has no destination. Check the arguments.,SR 3.2 RE 1,RE,SR 3.2,3,Malicious code protection on entry and exit points,1,0.534389,1.0,,,
shellcheck,SC2225,This cp has no destination. Check the arguments.,SR 7.3,SR,,7,Control system backup,2,0.521801,0.877122,,,
shellcheck,SC2225,This cp has no destination. Check the arguments.,SR 3.7,SR,,3,Error handling,3,0.507028,0.748959,,,
shellcheck,SC2225,This cp has no destination. Check the arguments.,SR 5.2 RE 3,RE,SR 5.2,5,Fail close,4,0.499636,0.690841,,,
shellcheck,SC2226,"This ln has no destination. Check the arguments, or specify . explicitly.",SR 3.2 RE 1,RE,SR 3.2,3,Malicious code protection on entry and exit points,1,0.519651,1.0,,,
shellcheck,SC2226,"This ln has no destination. Check the arguments, or specify . explicitly.",SR 5.2 RE 3,RE,SR 5.2,5,Fail close,2,0.506425,0.867793,,,
shellcheck,SC2226,"This ln has no destination. Check the arguments, or specify . explicitly.",SR 3.6,SR,,3,Deterministic output,3,0.499163,0.801525,,,
shellcheck,SC2226,"This ln has no destination. Check the arguments, or specify . explicitly.",SR 7.3,SR,,7,Control system backup,4,0.499146,0.80138,,,
shellcheck,SC2226,"This ln has no destination. Check the arguments, or specify . explicitly.",SR 3.7,SR,,3,Error handling,5,0.496545,0.77868,,,
shellcheck,SC2227,Redirection applies to the find command itself. Rewrite to work per action (or move to end).,SR 3.2 RE 1,RE,SR 3.2,3,Malicious code protection on entry and exit points,1,0.509007,1.0,,,
shellcheck,SC2227,Redirection applies to the find command itself. Rewrite to work per action (or move to end).,SR 7.1 RE 1,RE,SR 7.1,7,Manage communication loads,2,0.501783,0.924396,,,
shellcheck,SC2227,Redirection applies to the find command itself. Rewrite to work per action (or move to end).,SR 3.7,SR,,3,Error handling,3,0.499991,0.906385,,,
shellcheck,SC2227,Redirection applies to the find command itself. Rewrite to work per action (or move to end).,SR 5.2 RE 3,RE,SR 5.2,5,Fail close,4,0.49743,0.881143,,,
shellcheck,SC2227,Redirection applies to the find command itself. Rewrite to work per action (or move to end).,SR 1.4,SR,,1,Identifier management,5,0.495044,0.858141,,,
shellcheck,SC2227,Redirection applies to the find command itself. Rewrite to work per action (or move to end).,SR 2.12 RE 1,RE,SR 2.12,2,Non-repudiation for all users,6,0.492016,0.82967,,,
shellcheck,SC2227,Redirection applies to the find command itself. Rewrite to work per action (or move to end).,SR 2.1 RE 2,RE,SR 2.1,2,Permission mapping to roles,7,0.490945,0.819787,,,
shellcheck,SC2227,Redirection applies to the find command itself. Rewrite to work per action (or move to end).,SR 7.3,SR,,7,Control system backup,8,0.486952,0.783779,,,
shellcheck,SC2227,Redirection applies to the find command itself. Rewrite to work per action (or move to end).,SR 3.9 RE 1,RE,SR 3.9,3,Audit records on write-once media,9,0.486926,0.783548,,,
shellcheck,SC2227,Redirection applies to the find command itself. Rewrite to work per action (or move to end).,SR 1.11,SR,,1,Unsuccessful login attempts,10,0.486405,0.778944,,,
shellcheck,SC2229,"This does not read foo. Remove $/${} for that, or use ${var?} to quiet.",SR 4.2,SR,,4,Information persistence,1,0.531999,1.0,,,
shellcheck,SC2229,"This does not read foo. Remove $/${} for that, or use ${var?} to quiet.",SR 3.5,SR,,3,Input validation,2,0.524865,0.928434,,,
shellcheck,SC2229,"This does not read foo. Remove $/${} for that, or use ${var?} to quiet.",SR 7.1,SR,,7,Denial of service protection,3,0.51888,0.871686,,,
shellcheck,SC2229,"This does not read foo. Remove $/${} for that, or use ${var?} to quiet.",SR 7.1 RE 1,RE,SR 7.1,7,Manage communication loads,4,0.518331,0.866623,,,
shellcheck,SC2229,"This does not read foo. Remove $/${} for that, or use ${var?} to quiet.",SR 3.7,SR,,3,Error handling,5,0.511943,0.809489,,,
shellcheck,SC2229,"This does not read foo. Remove $/${} for that, or use ${var?} to quiet.",SR 5.2 RE 3,RE,SR 5.2,5,Fail close,6,0.511219,0.803211,,,
shellcheck,SC2229,"This does not read foo. Remove $/${} for that, or use ${var?} to quiet.",SR 1.11,SR,,1,Unsuccessful login attempts,7,0.5069,0.766588,,,
shellcheck,SC2229,"This does not read foo. Remove $/${} for that, or use ${var?} to quiet.",SR 7.7,SR,,7,Least functionality,8,0.502348,0.729482,,,
shellcheck,SC2229,"This does not read foo. Remove $/${} for that, or use ${var?} to quiet.",SR 3.2 RE 1,RE,SR 3.2,3,Malicious code protection on entry and exit points,9,0.502094,0.727462,,,
shellcheck,SC2229,"This does not read foo. Remove $/${} for that, or use ${var?} to quiet.",SR 2.12 RE 1,RE,SR 2.12,2,Non-repudiation for all users,10,0.498518,0.699416,,,
shellcheck,SC2230,which is non-standard. Use builtin command -v instead.,SR 3.2 RE 1,RE,SR 3.2,3,Malicious code protection on entry and exit points,1,0.532431,1.0,,,
shellcheck,SC2230,which is non-standard. Use builtin command -v instead.,SR 7.6 RE 1,RE,SR 7.6,7,Machine-readable reporting of current security settings,2,0.529164,0.96671,,,
shellcheck,SC2230,which is non-standard. Use builtin command -v instead.,SR 1.13 RE 1,RE,SR 1.13,1,Explicit access request approval,3,0.526359,0.938861,,,
shellcheck,SC2230,which is non-standard. Use builtin command -v instead.,SR 2.12 RE 1,RE,SR 2.12,2,Non-repudiation for all users,4,0.526352,0.938791,,,
shellcheck,SC2230,which is non-standard. Use builtin command -v instead.,SR 3.7,SR,,3,Error handling,5,0.522545,0.902052,,,
shellcheck,SC2230,which is non-standard. Use builtin command -v instead.,SR 3.3,SR,,3,Security functionality verification,6,0.522471,0.901345,,,
shellcheck,SC2230,which is non-standard. Use builtin command -v instead.,SR 2.8 RE 1,RE,SR 2.8,2,"Centrally managed, system-wide audit trail",7,0.520566,0.883424,,,
shellcheck,SC2230,which is non-standard. Use builtin command -v instead.,SR 3.5,SR,,3,Input validation,8,0.517756,0.857513,,,
shellcheck,SC2230,which is non-standard. Use builtin command -v instead.,SR 3.3 RE 2,RE,SR 3.3,3,Security functionality verification during normal operation,9,0.515419,0.836441,,,
shellcheck,SC2230,which is non-standard. Use builtin command -v instead.,SR 4.2,SR,,4,Information persistence,10,0.511601,0.802922,,,
shellcheck,SC2231,"Quote expansions in this for loop glob to prevent word splitting, e.g. ""${dir}""/*.txt.",SR 3.2 RE 1,RE,SR 3.2,3,Malicious code protection on entry and exit points,1,0.515594,1.0,,,
shellcheck,SC2231,"Quote expansions in this for loop glob to prevent word splitting, e.g. ""${dir}""/*.txt.",SR 2.9 RE 1,RE,SR 2.9,2,Warn when audit record storage capacity threshold reached,2,0.515121,0.994963,,,
shellcheck,SC2231,"Quote expansions in this for loop glob to prevent word splitting, e.g. ""${dir}""/*.txt.",SR 4.2 RE 1,RE,SR 4.2,4,Purging of shared memory resources,3,0.502095,0.864233,,,
shellcheck,SC2231,"Quote expansions in this for loop glob to prevent word splitting, e.g. ""${dir}""/*.txt.",SR 3.5,SR,,3,Input validation,4,0.498701,0.832583,,,
shellcheck,SC2231,"Quote expansions in this for loop glob to prevent word splitting, e.g. ""${dir}""/*.txt.",SR 2.11,SR,,2,Timestamps,5,0.488542,0.743481,,,
shellcheck,SC2231,"Quote expansions in this for loop glob to prevent word splitting, e.g. ""${dir}""/*.txt.",SR 1.7 RE 1,RE,SR 1.7,1,Password generation and lifetime restrictions for human users,6,0.48832,0.741623,,,
shellcheck,SC2231,"Quote expansions in this for loop glob to prevent word splitting, e.g. ""${dir}""/*.txt.",SR 2.9,SR,,2,Audit storage capacity,7,0.48716,0.731984,,,
shellcheck,SC2231,"Quote expansions in this for loop glob to prevent word splitting, e.g. ""${dir}""/*.txt.",SR 7.1 RE 1,RE,SR 7.1,7,Manage communication loads,8,0.486323,0.725094,,,
shellcheck,SC2231,"Quote expansions in this for loop glob to prevent word splitting, e.g. ""${dir}""/*.txt.",SR 3.9 RE 1,RE,SR 3.9,3,Audit records on write-once media,9,0.482037,0.690637,,,
shellcheck,SC2232,Can't use sudo with builtins like cd. Did you want sudo sh -c .. instead?,SR 3.2 RE 1,RE,SR 3.2,3,Malicious code protection on entry and exit points,1,0.506436,1.0,,,
shellcheck,SC2232,Can't use sudo with builtins like cd. Did you want sudo sh -c .. instead?,SR 3.2,SR,,3,Malicious code protection,2,0.504521,0.979377,,,
shellcheck,SC2232,Can't use sudo with builtins like cd. Did you want sudo sh -c .. instead?,SR 3.7,SR,,3,Error handling,3,0.495319,0.88508,,,
shellcheck,SC2232,Can't use sudo with builtins like cd. Did you want sudo sh -c .. instead?,SR 1.5 RE 1,RE,SR 1.5,1,Hardware security for software process identity credentials,4,0.495002,0.881971,,,
shellcheck,SC2232,Can't use sudo with builtins like cd. Did you want sudo sh -c .. instead?,SR 1.11,SR,,1,Unsuccessful login attempts,5,0.490306,0.836917,,,
shellcheck,SC2232,Can't use sudo with builtins like cd. Did you want sudo sh -c .. instead?,SR 7.1,SR,,7,Denial of service protection,6,0.481872,0.760747,,,
shellcheck,SC2232,Can't use sudo with builtins like cd. Did you want sudo sh -c .. instead?,SR 3.2 RE 2,RE,SR 3.2,3,Central management and reporting for malicious code protection,7,0.479148,0.737392,,,
shellcheck,SC2232,Can't use sudo with builtins like cd. Did you want sudo sh -c .. instead?,SR 5.2 RE 3,RE,SR 5.2,5,Fail close,8,0.479099,0.736974,,,
shellcheck,SC2232,Can't use sudo with builtins like cd. Did you want sudo sh -c .. instead?,SR 4.2,SR,,4,Information persistence,9,0.478744,0.733977,,,
shellcheck,SC2232,Can't use sudo with builtins like cd. Did you want sudo sh -c .. instead?,SR 2.3,SR,,2,Use control for portable and mobile devices,10,0.475378,0.706038,,,
shellcheck,SC2233,Remove superfluous (..) around condition to avoid subshell overhead.,SR 7.7,SR,,7,Least functionality,1,0.556641,1.0,,,
shellcheck,SC2233,Remove superfluous (..) around condition to avoid subshell overhead.,SR 3.7,SR,,3,Error handling,2,0.554054,0.974704,,,
shellcheck,SC2233,Remove superfluous (..) around condition to avoid subshell overhead.,SR 3.3,SR,,3,Security functionality verification,3,0.54807,0.918202,,,
shellcheck,SC2233,Remove superfluous (..) around condition to avoid subshell overhead.,SR 3.5,SR,,3,Input validation,4,0.545918,0.898544,,,
shellcheck,SC2233,Remove superfluous (..) around condition to avoid subshell overhead.,SR 5.2 RE 2,RE,SR 5.2,5,Island mode,5,0.545428,0.894119,,,
shellcheck,SC2233,Remove superfluous (..) around condition to avoid subshell overhead.,SR 3.2 RE 1,RE,SR 3.2,3,Malicious code protection on entry and exit points,6,0.544647,0.887095,,,
shellcheck,SC2233,Remove superfluous (..) around condition to avoid subshell overhead.,SR 5.2 RE 3,RE,SR 5.2,5,Fail close,7,0.53706,0.821226,,,
shellcheck,SC2233,Remove superfluous (..) around condition to avoid subshell overhead.,SR 3.6,SR,,3,Deterministic output,8,0.531389,0.774657,,,
shellcheck,SC2233,Remove superfluous (..) around condition to avoid subshell overhead.,SR 2.4 RE 1,RE,SR 2.4,2,Mobile code integrity check,9,0.526043,0.732747,,,
shellcheck,SC2233,Remove superfluous (..) around condition to avoid subshell overhead.,SR 3.3 RE 1,RE,SR 3.3,3,Automated mechanisms for security functionality verification,10,0.524108,0.718046,,,
shellcheck,SC2234,Remove superfluous (..) around test command to avoid subshell overhead.,SR 3.5,SR,,3,Input validation,1,0.511375,1.0,,,
shellcheck,SC2234,Remove superfluous (..) around test command to avoid subshell overhead.,SR 3.7,SR,,3,Error handling,2,0.502994,0.913128,,,
shellcheck,SC2234,Remove superfluous (..) around test command to avoid subshell overhead.,SR 7.7,SR,,7,Least functionality,3,0.500055,0.884164,,,
shellcheck,SC2234,Remove superfluous (..) around test command to avoid subshell overhead.,SR 4.2,SR,,4,Information persistence,4,0.494748,0.833769,,,
shellcheck,SC2234,Remove superfluous (..) around test command to avoid subshell overhead.,SR 5.2 RE 3,RE,SR 5.2,5,Fail close,5,0.494329,0.829895,,,
shellcheck,SC2234,Remove superfluous (..) around test command to avoid subshell overhead.,SR 4.2 RE 1,RE,SR 4.2,4,Purging of shared memory resources,6,0.493592,0.823107,,,
shellcheck,SC2234,Remove superfluous (..) around test command to avoid subshell overhead.,SR 7.6 RE 1,RE,SR 7.6,7,Machine-readable reporting of current security settings,7,0.490084,0.79145,,,
shellcheck,SC2234,Remove superfluous (..) around test command to avoid subshell overhead.,SR 3.2 RE 1,RE,SR 3.2,3,Malicious code protection on entry and exit points,8,0.486993,0.764378,,,
shellcheck,SC2234,Remove superfluous (..) around test command to avoid subshell overhead.,SR 3.3,SR,,3,Security functionality verification,9,0.485818,0.75429,,,
shellcheck,SC2234,Remove superfluous (..) around test command to avoid subshell overhead.,SR 2.11,SR,,2,Timestamps,10,0.484673,0.744564,,,
shellcheck,SC2235,Use { ..; } instead of (..) to avoid subshell overhead.,SR 5.2 RE 3,RE,SR 5.2,5,Fail close,1,0.564993,1.0,,,
shellcheck,SC2235,Use { ..; } instead of (..) to avoid subshell overhead.,SR 3.2 RE 1,RE,SR 3.2,3,Malicious code protection on entry and exit points,2,0.558876,0.941884,,,
shellcheck,SC2235,Use { ..; } instead of (..) to avoid subshell overhead.,SR 3.5,SR,,3,Input validation,3,0.554293,0.90018,,,
shellcheck,SC2235,Use { ..; } instead of (..) to avoid subshell overhead.,SR 3.7,SR,,3,Error handling,4,0.550515,0.866945,,,
shellcheck,SC2235,Use { ..; } instead of (..) to avoid subshell overhead.,SR 5.2 RE 2,RE,SR 5.2,5,Island mode,5,0.537372,0.759058,,,
shellcheck,SC2235,Use { ..; } instead of (..) to avoid subshell overhead.,SR 7.1 RE 1,RE,SR 7.1,7,Manage communication loads,6,0.532888,0.724865,,,
shellcheck,SC2235,Use { ..; } instead of (..) to avoid subshell overhead.,SR 1.4,SR,,1,Identifier management,7,0.527525,0.685644,,,
shellcheck,SC2236,Use -n instead of ! -z.,SR 1.11,SR,,1,Unsuccessful login attempts,1,0.540638,1.0,,,
shellcheck,SC2236,Use -n instead of ! -z.,SR 3.8 RE 3,RE,SR 3.8,3,Randomness of session IDs,2,0.537985,0.973307,,,
shellcheck,SC2236,Use -n instead of ! -z.,SR 3.2 RE 1,RE,SR 3.2,3,Malicious code protection on entry and exit points,3,0.532064,0.915828,,,
shellcheck,SC2236,Use -n instead of ! -z.,SR 3.7,SR,,3,Error handling,4,0.53014,0.897763,,,
shellcheck,SC2236,Use -n instead of ! -z.,SR 3.8 RE 2,RE,SR 3.8,3,Unique session ID generation,5,0.528404,0.881711,,,
shellcheck,SC2236,Use -n instead of ! -z.,SR 5.2 RE 2,RE,SR 5.2,5,Island mode,6,0.527952,0.877575,,,
shellcheck,SC2236,Use -n instead of ! -z.,SR 3.6,SR,,3,Deterministic output,7,0.524809,0.849217,,,
shellcheck,SC2236,Use -n instead of ! -z.,SR 1.7 RE 1,RE,SR 1.7,1,Password generation and lifetime restrictions for human users,8,0.524752,0.848716,,,
shellcheck,SC2236,Use -n instead of ! -z.,SR 1.12,SR,,1,System use notification,9,0.523803,0.840302,,,
shellcheck,SC2236,Use -n instead of ! -z.,SR 7.1,SR,,7,Denial of service protection,10,0.52241,0.82809,,,
shellcheck,SC2237,Use [ -n .. ] instead of ! [ -z .. ].,SR 1.11,SR,,1,Unsuccessful login attempts,1,0.544119,1.0,,,
shellcheck,SC2237,Use [ -n .. ] instead of ! [ -z .. ].,SR 3.6,SR,,3,Deterministic output,2,0.539272,0.951975,,,
shellcheck,SC2237,Use [ -n .. ] instead of ! [ -z .. ].,SR 5.2 RE 2,RE,SR 5.2,5,Island mode,3,0.536168,0.922223,,,
shellcheck,SC2237,Use [ -n .. ] instead of ! [ -z .. ].,SR 7.1,SR,,7,Denial of service protection,4,0.535706,0.917859,,,
shellcheck,SC2237,Use [ -n .. ] instead of ! [ -z .. ].,SR 3.2 RE 1,RE,SR 3.2,3,Malicious code protection on entry and exit points,5,0.535395,0.914939,,,
shellcheck,SC2237,Use [ -n .. ] instead of ! [ -z .. ].,SR 3.7,SR,,3,Error handling,6,0.534866,0.909978,,,
shellcheck,SC2237,Use [ -n .. ] instead of ! [ -z .. ].,SR 3.8 RE 3,RE,SR 3.8,3,Randomness of session IDs,7,0.529783,0.86342,,,
shellcheck,SC2237,Use [ -n .. ] instead of ! [ -z .. ].,SR 3.8 RE 1,RE,SR 3.8,3,Invalidation of session IDs after session termination,8,0.526391,0.833446,,,
shellcheck,SC2237,Use [ -n .. ] instead of ! [ -z .. ].,SR 1.7 RE 1,RE,SR 1.7,1,Password generation and lifetime restrictions for human users,9,0.525159,0.822773,,,
shellcheck,SC2237,Use [ -n .. ] instead of ! [ -z .. ].,SR 2.12 RE 1,RE,SR 2.12,2,Non-repudiation for all users,10,0.524119,0.813853,,,
shellcheck,SC2238,Redirecting to/from command name instead of file. Did you want pipes/xargs (or quote to ignore)?,SR 3.7,SR,,3,Error handling,1,0.532747,1.0,,,
shellcheck,SC2238,Redirecting to/from command name instead of file. Did you want pipes/xargs (or quote to ignore)?,SR 3.2 RE 1,RE,SR 3.2,3,Malicious code protection on entry and exit points,2,0.516346,0.841996,,,
shellcheck,SC2238,Redirecting to/from command name instead of file. Did you want pipes/xargs (or quote to ignore)?,SR 5.2 RE 3,RE,SR 5.2,5,Fail close,3,0.510494,0.790836,,,
shellcheck,SC2238,Redirecting to/from command name instead of file. Did you want pipes/xargs (or quote to ignore)?,SR 3.5,SR,,3,Input validation,4,0.506952,0.761123,,,
shellcheck,SC2238,Redirecting to/from command name instead of file. Did you want pipes/xargs (or quote to ignore)?,SR 5.2 RE 1,RE,SR 5.2,5,"Deny by default, allow by exception",5,0.504489,0.741003,,,
shellcheck,SC2238,Redirecting to/from command name instead of file. Did you want pipes/xargs (or quote to ignore)?,SR 7.3,SR,,7,Control system backup,6,0.496806,0.681027,,,
shellcheck,SC2239,Ensure the shebang uses the absolute path to the interpreter.,SR 3.7,SR,,3,Error handling,1,0.464108,1.0,,,
shellcheck,SC2239,Ensure the shebang uses the absolute path to the interpreter.,SR 3.5,SR,,3,Input validation,2,0.462729,0.983772,,,
shellcheck,SC2239,Ensure the shebang uses the absolute path to the interpreter.,SR 1.5 RE 1,RE,SR 1.5,1,Hardware security for software process identity credentials,3,0.457395,0.922992,,,
shellcheck,SC2239,Ensure the shebang uses the absolute path to the interpreter.,SR 3.2 RE 1,RE,SR 3.2,3,Malicious code protection on entry and exit points,4,0.456085,0.908551,,,
shellcheck,SC2239,Ensure the shebang uses the absolute path to the interpreter.,SR 5.2 RE 3,RE,SR 5.2,5,Fail close,5,0.450701,0.851102,,,
shellcheck,SC2239,Ensure the shebang uses the absolute path to the interpreter.,SR 1.2,SR,,1,Software process and device identification and authentication,6,0.447075,0.814122,,,
shellcheck,SC2239,Ensure the shebang uses the absolute path to the interpreter.,SR 2.12 RE 1,RE,SR 2.12,2,Non-repudiation for all users,7,0.447056,0.813934,,,
shellcheck,SC2239,Ensure the shebang uses the absolute path to the interpreter.,SR 1.2 RE 1,RE,SR 1.2,1,Unique identification and authentication,8,0.441501,0.759842,,,
shellcheck,SC2239,Ensure the shebang uses the absolute path to the interpreter.,SR 3.6,SR,,3,Deterministic output,9,0.440795,0.753179,,,
shellcheck,SC2239,Ensure the shebang uses the absolute path to the interpreter.,SR 2.8 RE 1,RE,SR 2.8,2,"Centrally managed, system-wide audit trail",10,0.439166,0.737996,,,
shellcheck,SC2240,The dot command does not support arguments in sh/dash. Set them as variables.,SR 5.2 RE 1,RE,SR 5.2,5,"Deny by default, allow by exception",1,0.48133,1.0,,,
shellcheck,SC2240,The dot command does not support arguments in sh/dash. Set them as variables.,SR 7.1 RE 1,RE,SR 7.1,7,Manage communication loads,2,0.475569,0.935927,,,
shellcheck,SC2240,The dot command does not support arguments in sh/dash. Set them as variables.,SR 3.7,SR,,3,Error handling,3,0.474109,0.920227,,,
shellcheck,SC2240,The dot command does not support arguments in sh/dash. Set them as variables.,SR 3.2 RE 1,RE,SR 3.2,3,Malicious code protection on entry and exit points,4,0.471901,0.896908,,,
shellcheck,SC2240,The dot command does not support arguments in sh/dash. Set them as variables.,SR 3.5,SR,,3,Input validation,5,0.466705,0.843921,,,
shellcheck,SC2240,The dot command does not support arguments in sh/dash. Set them as variables.,SR 7.1,SR,,7,Denial of service protection,6,0.462345,0.801456,,,
shellcheck,SC2240,The dot command does not support arguments in sh/dash. Set them as variables.,SR 5.2 RE 3,RE,SR 5.2,5,Fail close,7,0.46191,0.797318,,,
shellcheck,SC2240,The dot command does not support arguments in sh/dash. Set them as variables.,SR 5.4,SR,,5,Application partitioning,8,0.461301,0.791553,,,
shellcheck,SC2240,The dot command does not support arguments in sh/dash. Set them as variables.,SR 1.11,SR,,1,Unsuccessful login attempts,9,0.459844,0.777904,,,
shellcheck,SC2240,The dot command does not support arguments in sh/dash. Set them as variables.,SR 1.4,SR,,1,Identifier management,10,0.457681,0.75799,,,
shellcheck,SC2241,The exit status can only be one integer 0-255. Use stdout for other data.,SR 3.7,SR,,3,Error handling,1,0.562933,1.0,,,
shellcheck,SC2241,The exit status can only be one integer 0-255. Use stdout for other data.,SR 1.11,SR,,1,Unsuccessful login attempts,2,0.552979,0.90654,,,
shellcheck,SC2241,The exit status can only be one integer 0-255. Use stdout for other data.,SR 3.8 RE 1,RE,SR 3.8,3,Invalidation of session IDs after session termination,3,0.544186,0.830036,,,
shellcheck,SC2241,The exit status can only be one integer 0-255. Use stdout for other data.,SR 5.2 RE 3,RE,SR 5.2,5,Fail close,4,0.542826,0.818692,,,
shellcheck,SC2241,The exit status can only be one integer 0-255. Use stdout for other data.,SR 7.1,SR,,7,Denial of service protection,5,0.532508,0.736687,,,
shellcheck,SC2241,The exit status can only be one integer 0-255. Use stdout for other data.,SR 7.3,SR,,7,Control system backup,6,0.529389,0.713263,,,
shellcheck,SC2241,The exit status can only be one integer 0-255. Use stdout for other data.,SR 3.2 RE 1,RE,SR 3.2,3,Malicious code protection on entry and exit points,7,0.527648,0.700456,,,
shellcheck,SC2241,The exit status can only be one integer 0-255. Use stdout for other data.,SR 7.1 RE 1,RE,SR 7.1,7,Manage communication loads,8,0.525769,0.686852,,,
shellcheck,SC2241,The exit status can only be one integer 0-255. Use stdout for other data.,SR 2.10,SR,,2,Response to audit processing failures,9,0.524997,0.681319,,,
shellcheck,SC2242,Can only exit with status 0-255. Other data should be written to stdout/stderr.,SR 3.7,SR,,3,Error handling,1,0.559251,1.0,,,
shellcheck,SC2242,Can only exit with status 0-255. Other data should be written to stdout/stderr.,SR 5.2 RE 3,RE,SR 5.2,5,Fail close,2,0.558612,0.99373,,,
shellcheck,SC2242,Can only exit with status 0-255. Other data should be written to stdout/stderr.,SR 3.2 RE 1,RE,SR 3.2,3,Malicious code protection on entry and exit points,3,0.526034,0.714067,,,
shellcheck,SC2242,Can only exit with status 0-255. Other data should be written to stdout/stderr.,SR 1.11,SR,,1,Unsuccessful login attempts,4,0.525953,0.71346,,,
shellcheck,SC2243,Prefer explicit -n to check for output (or run command without [/[[ to check for success),SR 3.6,SR,,3,Deterministic output,1,0.572983,1.0,,,
shellcheck,SC2243,Prefer explicit -n to check for output (or run command without [/[[ to check for success),SR 3.5,SR,,3,Input validation,2,0.563734,0.914382,,,
shellcheck,SC2243,Prefer explicit -n to check for output (or run command without [/[[ to check for success),SR 5.2 RE 3,RE,SR 5.2,5,Fail close,3,0.55483,0.837724,,,
shellcheck,SC2243,Prefer explicit -n to check for output (or run command without [/[[ to check for success),SR 2.12 RE 1,RE,SR 2.12,2,Non-repudiation for all users,4,0.554468,0.83472,,,
shellcheck,SC2243,Prefer explicit -n to check for output (or run command without [/[[ to check for success),SR 3.3,SR,,3,Security functionality verification,5,0.551911,0.813764,,,
shellcheck,SC2243,Prefer explicit -n to check for output (or run command without [/[[ to check for success),SR 3.7,SR,,3,Error handling,6,0.550428,0.801814,,,
shellcheck,SC2243,Prefer explicit -n to check for output (or run command without [/[[ to check for success),SR 1.13 RE 1,RE,SR 1.13,1,Explicit access request approval,7,0.549065,0.79095,,,
shellcheck,SC2243,Prefer explicit -n to check for output (or run command without [/[[ to check for success),SR 3.3 RE 2,RE,SR 3.3,3,Security functionality verification during normal operation,8,0.545849,0.765805,,,
shellcheck,SC2243,Prefer explicit -n to check for output (or run command without [/[[ to check for success),SR 7.6 RE 1,RE,SR 7.6,7,Machine-readable reporting of current security settings,9,0.541721,0.734495,,,
shellcheck,SC2243,Prefer explicit -n to check for output (or run command without [/[[ to check for success),SR 2.4 RE 1,RE,SR 2.4,2,Mobile code integrity check,10,0.539634,0.71906,,,
shellcheck,SC2244,Prefer explicit -n to check non-empty string (or use =/-ne to check boolean/integer).,SR 3.5,SR,,3,Input validation,1,0.557389,1.0,,,
shellcheck,SC2244,Prefer explicit -n to check non-empty string (or use =/-ne to check boolean/integer).,SR 1.13 RE 1,RE,SR 1.13,1,Explicit access request approval,2,0.535999,0.806357,,,
shellcheck,SC2244,Prefer explicit -n to check non-empty string (or use =/-ne to check boolean/integer).,SR 2.12 RE 1,RE,SR 2.12,2,Non-repudiation for all users,3,0.53041,0.761184,,,
shellcheck,SC2244,Prefer explicit -n to check non-empty string (or use =/-ne to check boolean/integer).,SR 3.8,SR,,3,Session integrity,4,0.521957,0.696813,,,
shellcheck,SC2245,-d only applies to the first expansion of this glob. Use a loop to check any/all.,SR 2.12 RE 1,RE,SR 2.12,2,Non-repudiation for all users,1,0.521169,1.0,,,
shellcheck,SC2245,-d only applies to the first expansion of this glob. Use a loop to check any/all.,SR 7.3 RE 1,RE,SR 7.3,7,Backup verification,2,0.519134,0.978708,,,
shellcheck,SC2245,-d only applies to the first expansion of this glob. Use a loop to check any/all.,SR 2.4 RE 1,RE,SR 2.4,2,Mobile code integrity check,3,0.512818,0.914989,,,
shellcheck,SC2245,-d only applies to the first expansion of this glob. Use a loop to check any/all.,SR 3.3,SR,,3,Security functionality verification,4,0.501066,0.805454,,,
shellcheck,SC2245,-d only applies to the first expansion of this glob. Use a loop to check any/all.,SR 7.3,SR,,7,Control system backup,5,0.497552,0.774867,,,
shellcheck,SC2245,-d only applies to the first expansion of this glob. Use a loop to check any/all.,SR 3.2 RE 1,RE,SR 3.2,3,Malicious code protection on entry and exit points,6,0.49592,0.760993,,,
shellcheck,SC2245,-d only applies to the first expansion of this glob. Use a loop to check any/all.,SR 2.9 RE 1,RE,SR 2.9,2,Warn when audit record storage capacity threshold reached,7,0.494659,0.750414,,,
shellcheck,SC2245,-d only applies to the first expansion of this glob. Use a loop to check any/all.,SR 1.2 RE 1,RE,SR 1.2,1,Unique identification and authentication,8,0.493228,0.73855,,,
shellcheck,SC2245,-d only applies to the first expansion of this glob. Use a loop to check any/all.,SR 1.11,SR,,1,Unsuccessful login attempts,9,0.493066,0.737219,,,
shellcheck,SC2245,-d only applies to the first expansion of this glob. Use a loop to check any/all.,SR 1.2,SR,,1,Software process and device identification and authentication,10,0.49193,0.727922,,,
shellcheck,SC2246,This shebang specifies a directory. Ensure the interpreter is a file.,SR 3.5,SR,,3,Input validation,1,0.512839,1.0,,,
shellcheck,SC2246,This shebang specifies a directory. Ensure the interpreter is a file.,SR 5.2 RE 3,RE,SR 5.2,5,Fail close,2,0.505662,0.925413,,,
shellcheck,SC2246,This shebang specifies a directory. Ensure the interpreter is a file.,SR 3.7,SR,,3,Error handling,3,0.49951,0.865168,,,
shellcheck,SC2246,This shebang specifies a directory. Ensure the interpreter is a file.,SR 3.2 RE 1,RE,SR 3.2,3,Malicious code protection on entry and exit points,4,0.498501,0.8556,,,
shellcheck,SC2246,This shebang specifies a directory. Ensure the interpreter is a file.,SR 2.12 RE 1,RE,SR 2.12,2,Non-repudiation for all users,5,0.48115,0.704125,,,
shellcheck,SC2246,This shebang specifies a directory. Ensure the interpreter is a file.,SR 2.4 RE 1,RE,SR 2.4,2,Mobile code integrity check,6,0.480676,0.700313,,,
shellcheck,SC2246,This shebang specifies a directory. Ensure the interpreter is a file.,SR 7.1 RE 1,RE,SR 7.1,7,Manage communication loads,7,0.478187,0.6806,,,
shellcheck,SC2247,"Flip leading $ and "" if this should be a quoted substitution.",SR 3.5,SR,,3,Input validation,1,0.524896,1.0,,,
shellcheck,SC2248,Problematic code:,SR 3.2 RE 1,RE,SR 3.2,3,Malicious code protection on entry and exit points,1,0.560143,1.0,,,
shellcheck,SC2248,Problematic code:,SR 3.7,SR,,3,Error handling,2,0.546966,0.877281,,,
shellcheck,SC2248,Problematic code:,SR 3.2,SR,,3,Malicious code protection,3,0.538843,0.807972,,,
shellcheck,SC2248,Problematic code:,SR 3.2 RE 2,RE,SR 3.2,3,Central management and reporting for malicious code protection,4,0.532185,0.75457,,,
shellcheck,SC2248,Problematic code:,SR 5.2 RE 3,RE,SR 5.2,5,Fail close,5,0.526191,0.708996,,,
shellcheck,SC2248,Problematic code:,SR 2.4 RE 1,RE,SR 2.4,2,Mobile code integrity check,6,0.525835,0.706366,,,
shellcheck,SC2248,Problematic code:,SR 5.4,SR,,5,Application partitioning,7,0.523166,0.686866,,,
shellcheck,SC2248,Problematic code:,SR 2.4,SR,,2,Mobile code,8,0.523156,0.686793,,,
shellcheck,SC2249,"Consider adding a default *) case, even if it just exits with error.",SR 1.11,SR,,1,Unsuccessful login attempts,1,0.598058,1.0,,,
shellcheck,SC2249,"Consider adding a default *) case, even if it just exits with error.",SR 3.7,SR,,3,Error handling,2,0.580482,0.848691,,,
shellcheck,SC2249,"Consider adding a default *) case, even if it just exits with error.",SR 5.2 RE 1,RE,SR 5.2,5,"Deny by default, allow by exception",3,0.566402,0.741477,,,
shellcheck,SC2249,"Consider adding a default *) case, even if it just exits with error.",SR 3.2 RE 1,RE,SR 3.2,3,Malicious code protection on entry and exit points,4,0.563576,0.721356,,,
shellcheck,SC2249,"Consider adding a default *) case, even if it just exits with error.",SR 3.8 RE 1,RE,SR 3.8,3,Invalidation of session IDs after session termination,5,0.562934,0.716846,,,
shellcheck,SC2249,"Consider adding a default *) case, even if it just exits with error.",SR 7.5,SR,,7,Emergency power,6,0.560477,0.69981,,,
shellcheck,SC2249,"Consider adding a default *) case, even if it just exits with error.",SR 7.1,SR,,7,Denial of service protection,7,0.559296,0.691736,,,
shellcheck,SC2250,Prefer putting braces around variable references even when not strictly required.,SR 5.2 RE 3,RE,SR 5.2,5,Fail close,1,0.520034,1.0,,,
shellcheck,SC2250,Prefer putting braces around variable references even when not strictly required.,SR 7.7,SR,,7,Least functionality,2,0.514637,0.944241,,,
shellcheck,SC2250,Prefer putting braces around variable references even when not strictly required.,SR 3.5,SR,,3,Input validation,3,0.513742,0.935247,,,
shellcheck,SC2250,Prefer putting braces around variable references even when not strictly required.,SR 3.2 RE 1,RE,SR 3.2,3,Malicious code protection on entry and exit points,4,0.507855,0.877799,,,
shellcheck,SC2250,Prefer putting braces around variable references even when not strictly required.,SR 5.2 RE 1,RE,SR 5.2,5,"Deny by default, allow by exception",5,0.497947,0.787649,,,
shellcheck,SC2250,Prefer putting braces around variable references even when not strictly required.,SR 1.11,SR,,1,Unsuccessful login attempts,6,0.491023,0.729267,,,
shellcheck,SC2250,Prefer putting braces around variable references even when not strictly required.,SR 3.7,SR,,3,Error handling,7,0.489001,0.7129,,,
shellcheck,SC2250,Prefer putting braces around variable references even when not strictly required.,SR 2.4,SR,,2,Mobile code,8,0.486715,0.694767,,,
shellcheck,SC2251,This ! is not on a condition and skips errexit. Add || exit 1 or make sure $? is checked.,SR 3.7,SR,,3,Error handling,1,0.578528,1.0,,,
shellcheck,SC2251,This ! is not on a condition and skips errexit. Add || exit 1 or make sure $? is checked.,SR 1.11,SR,,1,Unsuccessful login attempts,2,0.57405,0.958169,,,
shellcheck,SC2251,This ! is not on a condition and skips errexit. Add || exit 1 or make sure $? is checked.,SR 5.2 RE 3,RE,SR 5.2,5,Fail close,3,0.566548,0.891293,,,
shellcheck,SC2251,This ! is not on a condition and skips errexit. Add || exit 1 or make sure $? is checked.,SR 3.2 RE 1,RE,SR 3.2,3,Malicious code protection on entry and exit points,4,0.5551,0.796635,,,
shellcheck,SC2252,"You probably wanted && here, otherwise it's always true.",SR 3.5,SR,,3,Input validation,1,0.566891,1.0,,,
shellcheck,SC2252,"You probably wanted && here, otherwise it's always true.",SR 2.12 RE 1,RE,SR 2.12,2,Non-repudiation for all users,2,0.554049,0.881586,,,
shellcheck,SC2252,"You probably wanted && here, otherwise it's always true.",SR 1.11,SR,,1,Unsuccessful login attempts,3,0.532444,0.708363,,,
shellcheck,SC2252,"You probably wanted && here, otherwise it's always true.",SR 3.2 RE 1,RE,SR 3.2,3,Malicious code protection on entry and exit points,4,0.530168,0.691869,,,
shellcheck,SC2253,"Use -R to recurse, or explicitly a-r to remove read permissions.",SR 4.2,SR,,4,Information persistence,1,0.579409,1.0,,,
shellcheck,SC2254,Quote expansions in case patterns to match literally rather than as a glob.,SR 3.5,SR,,3,Input validation,1,0.56505,1.0,,,
shellcheck,SC2254,Quote expansions in case patterns to match literally rather than as a glob.,SR 3.2 RE 1,RE,SR 3.2,3,Malicious code protection on entry and exit points,2,0.536695,0.753395,,,
shellcheck,SC2254,Quote expansions in case patterns to match literally rather than as a glob.,SR 2.11,SR,,2,Timestamps,3,0.530704,0.708291,,,
shellcheck,SC2255,"[ ] does not apply arithmetic evaluation. Evaluate with $((..)) for numbers, or use string comparator for strings.",SR 3.5,SR,,3,Input validation,1,0.514639,1.0,,,
shellcheck,SC2255,"[ ] does not apply arithmetic evaluation. Evaluate with $((..)) for numbers, or use string comparator for strings.",SR 3.7,SR,,3,Error handling,2,0.503795,0.889469,,,
shellcheck,SC2255,"[ ] does not apply arithmetic evaluation. Evaluate with $((..)) for numbers, or use string comparator for strings.",SR 3.6,SR,,3,Deterministic output,3,0.483246,0.707389,,,
shellcheck,SC2256,"This translated string is the name of a variable. Flip leading $ and "" if this should be a quoted substitution.",SR 3.5,SR,,3,Input validation,1,0.513239,1.0,,,
shellcheck,SC2257,Arithmetic modifications in command redirections may be discarded. Do them separately.,SR 3.8 RE 1,RE,SR 3.8,3,Invalidation of session IDs after session termination,1,0.542096,1.0,,,
shellcheck,SC2257,Arithmetic modifications in command redirections may be discarded. Do them separately.,SR 3.2 RE 1,RE,SR 3.2,3,Malicious code protection on entry and exit points,2,0.535067,0.930734,,,
shellcheck,SC2257,Arithmetic modifications in command redirections may be discarded. Do them separately.,SR 1.11,SR,,1,Unsuccessful login attempts,3,0.534813,0.928304,,,
shellcheck,SC2257,Arithmetic modifications in command redirections may be discarded. Do them separately.,SR 3.8 RE 2,RE,SR 3.8,3,Unique session ID generation,4,0.532251,0.904109,,,
shellcheck,SC2257,Arithmetic modifications in command redirections may be discarded. Do them separately.,SR 3.7,SR,,3,Error handling,5,0.531507,0.897177,,,
shellcheck,SC2257,Arithmetic modifications in command redirections may be discarded. Do them separately.,SR 2.11,SR,,2,Timestamps,6,0.527758,0.862925,,,
shellcheck,SC2257,Arithmetic modifications in command redirections may be discarded. Do them separately.,SR 3.8,SR,,3,Session integrity,7,0.525428,0.84217,,,
shellcheck,SC2257,Arithmetic modifications in command redirections may be discarded. Do them separately.,SR 2.11 RE 2,RE,SR 2.11,2,Protection of time source integrity,8,0.525383,0.841774,,,
shellcheck,SC2257,Arithmetic modifications in command redirections may be discarded. Do them separately.,SR 3.8 RE 3,RE,SR 3.8,3,Randomness of session IDs,9,0.522969,0.820727,,,
shellcheck,SC2257,Arithmetic modifications in command redirections may be discarded. Do them separately.,SR 1.13 RE 1,RE,SR 1.13,1,Explicit access request approval,10,0.522786,0.819146,,,
shellcheck,SC2258,"The trailing comma is part of the value, not a separator. Delete or quote it.",SR 3.5,SR,,3,Input validation,1,0.501465,1.0,,,
shellcheck,SC2258,"The trailing comma is part of the value, not a separator. Delete or quote it.",SR 1.4,SR,,1,Identifier management,2,0.478344,0.771344,,,
shellcheck,SC2259,"This redirection overrides piped input. To use both, merge or pass filenames.",SR 2.12 RE 1,RE,SR 2.12,2,Non-repudiation for all users,1,0.549758,1.0,,,
shellcheck,SC2259,"This redirection overrides piped input. To use both, merge or pass filenames.",SR 3.7,SR,,3,Error handling,2,0.545606,0.959161,,,
shellcheck,SC2259,"This redirection overrides piped input. To use both, merge or pass filenames.",SR 3.5,SR,,3,Input validation,3,0.54455,0.94899,,,
shellcheck,SC2259,"This redirection overrides piped input. To use both, merge or pass filenames.",SR 1.11,SR,,1,Unsuccessful login attempts,4,0.541811,0.923037,,,
shellcheck,SC2259,"This redirection overrides piped input. To use both, merge or pass filenames.",SR 2.1 RE 3,RE,SR 2.1,2,Supervisor override,5,0.540603,0.911776,,,
shellcheck,SC2259,"This redirection overrides piped input. To use both, merge or pass filenames.",SR 2.11,SR,,2,Timestamps,6,0.536007,0.869952,,,
shellcheck,SC2259,"This redirection overrides piped input. To use both, merge or pass filenames.",SR 5.2 RE 1,RE,SR 5.2,5,"Deny by default, allow by exception",7,0.535782,0.867938,,,
shellcheck,SC2259,"This redirection overrides piped input. To use both, merge or pass filenames.",SR 3.2 RE 1,RE,SR 3.2,3,Malicious code protection on entry and exit points,8,0.531888,0.83381,,,
shellcheck,SC2259,"This redirection overrides piped input. To use both, merge or pass filenames.",SR 3.8 RE 1,RE,SR 3.8,3,Invalidation of session IDs after session termination,9,0.527885,0.799879,,,
shellcheck,SC2259,"This redirection overrides piped input. To use both, merge or pass filenames.",SR 2.8 RE 1,RE,SR 2.8,2,"Centrally managed, system-wide audit trail",10,0.526712,0.790146,,,
shellcheck,SC2260,This redirection overrides the output pipe. Use tee to output to both.,SR 1.5 RE 1,RE,SR 1.5,1,Hardware security for software process identity credentials,1,0.536644,1.0,,,
shellcheck,SC2260,This redirection overrides the output pipe. Use tee to output to both.,SR 3.2 RE 1,RE,SR 3.2,3,Malicious code protection on entry and exit points,2,0.534991,0.983173,,,
shellcheck,SC2260,This redirection overrides the output pipe. Use tee to output to both.,SR 7.6 RE 1,RE,SR 7.6,7,Machine-readable reporting of current security settings,3,0.533679,0.969986,,,
shellcheck,SC2260,This redirection overrides the output pipe. Use tee to output to both.,SR 3.7,SR,,3,Error handling,4,0.532256,0.955846,,,
shellcheck,SC2260,This redirection overrides the output pipe. Use tee to output to both.,SR 5.2 RE 3,RE,SR 5.2,5,Fail close,5,0.526328,0.898742,,,
shellcheck,SC2260,This redirection overrides the output pipe. Use tee to output to both.,SR 5.3 RE 1,RE,SR 5.3,5,Prohibit all general purpose person-to-person communications,6,0.525829,0.894069,,,
shellcheck,SC2260,This redirection overrides the output pipe. Use tee to output to both.,SR 5.2 RE 2,RE,SR 5.2,5,Island mode,7,0.522007,0.858902,,,
shellcheck,SC2260,This redirection overrides the output pipe. Use tee to output to both.,SR 2.3 RE 1,RE,SR 2.3,2,Enforcement of security status of portable and mobile devices,8,0.516112,0.806899,,,
shellcheck,SC2260,This redirection overrides the output pipe. Use tee to output to both.,SR 5.3,SR,,5,General purpose person-to-person communication restrictions,9,0.509856,0.754545,,,
shellcheck,SC2260,This redirection overrides the output pipe. Use tee to output to both.,SR 2.4 RE 1,RE,SR 2.4,2,Mobile code integrity check,10,0.509611,0.752558,,,
shellcheck,SC2261,"Multiple redirections compete for stdout. Use cat, tee, or pass filenames instead.",SR 3.2 RE 1,RE,SR 3.2,3,Malicious code protection on entry and exit points,1,0.544038,1.0,,,
shellcheck,SC2261,"Multiple redirections compete for stdout. Use cat, tee, or pass filenames instead.",SR 3.7,SR,,3,Error handling,2,0.527837,0.846818,,,
shellcheck,SC2261,"Multiple redirections compete for stdout. Use cat, tee, or pass filenames instead.",SR 1.2 RE 1,RE,SR 1.2,1,Unique identification and authentication,3,0.527383,0.842815,,,
shellcheck,SC2261,"Multiple redirections compete for stdout. Use cat, tee, or pass filenames instead.",SR 1.5 RE 1,RE,SR 1.5,1,Hardware security for software process identity credentials,4,0.525778,0.828803,,,
shellcheck,SC2261,"Multiple redirections compete for stdout. Use cat, tee, or pass filenames instead.",SR 3.9 RE 1,RE,SR 3.9,3,Audit records on write-once media,5,0.52513,0.823203,,,
shellcheck,SC2261,"Multiple redirections compete for stdout. Use cat, tee, or pass filenames instead.",SR 4.2 RE 1,RE,SR 4.2,4,Purging of shared memory resources,6,0.524528,0.818022,,,
shellcheck,SC2261,"Multiple redirections compete for stdout. Use cat, tee, or pass filenames instead.",SR 7.1 RE 1,RE,SR 7.1,7,Manage communication loads,7,0.523936,0.812961,,,
shellcheck,SC2261,"Multiple redirections compete for stdout. Use cat, tee, or pass filenames instead.",SR 5.2 RE 3,RE,SR 5.2,5,Fail close,8,0.521651,0.793654,,,
shellcheck,SC2261,"Multiple redirections compete for stdout. Use cat, tee, or pass filenames instead.",SR 3.6,SR,,3,Deterministic output,9,0.51829,0.765928,,,
shellcheck,SC2261,"Multiple redirections compete for stdout. Use cat, tee, or pass filenames instead.",SR 1.2,SR,,1,Software process and device identification and authentication,10,0.513105,0.724724,,,
shellcheck,SC2262,This alias can't be defined and used in the same parsing unit. Use a function instead.,SR 3.3,SR,,3,Security functionality verification,1,0.570322,1.0,,,
shellcheck,SC2262,This alias can't be defined and used in the same parsing unit. Use a function instead.,SR 1.5 RE 1,RE,SR 1.5,1,Hardware security for software process identity credentials,2,0.551766,0.833657,,,
shellcheck,SC2262,This alias can't be defined and used in the same parsing unit. Use a function instead.,SR 3.2 RE 1,RE,SR 3.2,3,Malicious code protection on entry and exit points,3,0.539483,0.736574,,,
shellcheck,SC2262,This alias can't be defined and used in the same parsing unit. Use a function instead.,SR 1.1 RE 2,RE,SR 1.1,1,Multifactor authentication for untrusted networks,4,0.536711,0.715997,,,
shellcheck,SC2262,This alias can't be defined and used in the same parsing unit. Use a function instead.,SR 2.4 RE 1,RE,SR 2.4,2,Mobile code integrity check,5,0.535707,0.708663,,,
shellcheck,SC2262,This alias can't be defined and used in the same parsing unit. Use a function instead.,SR 2.11,SR,,2,Timestamps,6,0.534664,0.701107,,,
shellcheck,SC2262,This alias can't be defined and used in the same parsing unit. Use a function instead.,SR 1.2 RE 1,RE,SR 1.2,1,Unique identification and authentication,7,0.532937,0.688742,,,
shellcheck,SC2262,This alias can't be defined and used in the same parsing unit. Use a function instead.,SR 3.1 RE 1,RE,SR 3.1,3,Cryptographic integrity protection,8,0.532675,0.686878,,,
shellcheck,SC2263,"Since they're in the same parsing unit, this command will not refer to the previously mentioned alias.",SR 5.3 RE 1,RE,SR 5.3,5,Prohibit all general purpose person-to-person communications,1,0.561925,1.0,,,
shellcheck,SC2263,"Since they're in the same parsing unit, this command will not refer to the previously mentioned alias.",SR 5.3,SR,,5,General purpose person-to-person communication restrictions,2,0.548739,0.877571,,,
shellcheck,SC2263,"Since they're in the same parsing unit, this command will not refer to the previously mentioned alias.",SR 7.7,SR,,7,Least functionality,3,0.532163,0.741341,,,
shellcheck,SC2263,"Since they're in the same parsing unit, this command will not refer to the previously mentioned alias.",SR 1.4,SR,,1,Identifier management,4,0.527699,0.707772,,,
shellcheck,SC2263,"Since they're in the same parsing unit, this command will not refer to the previously mentioned alias.",SR 5.2 RE 2,RE,SR 5.2,5,Island mode,5,0.526239,0.697073,,,
shellcheck,SC2263,"Since they're in the same parsing unit, this command will not refer to the previously mentioned alias.",SR 4.2 RE 1,RE,SR 4.2,4,Purging of shared memory resources,6,0.524357,0.683467,,,
shellcheck,SC2264,This function unconditionally re-invokes itself. Missing command?,SR 5.2 RE 3,RE,SR 5.2,5,Fail close,1,0.530125,1.0,,,
shellcheck,SC2264,This function unconditionally re-invokes itself. Missing command?,SR 3.3,SR,,3,Security functionality verification,2,0.514081,0.844487,,,
shellcheck,SC2264,This function unconditionally re-invokes itself. Missing command?,SR 3.3 RE 2,RE,SR 3.3,3,Security functionality verification during normal operation,3,0.513723,0.841261,,,
shellcheck,SC2264,This function unconditionally re-invokes itself. Missing command?,SR 4.2,SR,,4,Information persistence,4,0.51052,0.812816,,,
shellcheck,SC2264,This function unconditionally re-invokes itself. Missing command?,SR 1.2 RE 1,RE,SR 1.2,1,Unique identification and authentication,5,0.509802,0.806545,,,
shellcheck,SC2264,This function unconditionally re-invokes itself. Missing command?,SR 3.5,SR,,3,Input validation,6,0.505538,0.770132,,,
shellcheck,SC2264,This function unconditionally re-invokes itself. Missing command?,SR 3.7,SR,,3,Error handling,7,0.504342,0.760165,,,
shellcheck,SC2264,This function unconditionally re-invokes itself. Missing command?,SR 7.3 RE 2,RE,SR 7.3,7,Backup automation,8,0.50049,0.728781,,,
shellcheck,SC2264,This function unconditionally re-invokes itself. Missing command?,SR 1.7 RE 1,RE,SR 1.7,1,Password generation and lifetime restrictions for human users,9,0.497974,0.708856,,,
shellcheck,SC2264,This function unconditionally re-invokes itself. Missing command?,SR 2.4 RE 1,RE,SR 2.4,2,Mobile code integrity check,10,0.497458,0.704829,,,
shellcheck,SC2265,Use && for logical AND. Single & will background and return true.,SR 2.12 RE 1,RE,SR 2.12,2,Non-repudiation for all users,1,0.579682,1.0,,,
shellcheck,SC2265,Use && for logical AND. Single & will background and return true.,SR 1.5 RE 1,RE,SR 1.5,1,Hardware security for software process identity credentials,2,0.558398,0.814044,,,
shellcheck,SC2265,Use && for logical AND. Single & will background and return true.,SR 3.5,SR,,3,Input validation,3,0.54346,0.701258,,,
shellcheck,SC2265,Use && for logical AND. Single & will background and return true.,SR 7.3,SR,,7,Control system backup,4,0.542688,0.695799,,,
shellcheck,SC2265,Use && for logical AND. Single & will background and return true.,SR 1.2 RE 1,RE,SR 1.2,1,Unique identification and authentication,5,0.542008,0.691018,,,
shellcheck,SC2265,Use && for logical AND. Single & will background and return true.,SR 2.4 RE 1,RE,SR 2.4,2,Mobile code integrity check,6,0.541566,0.687926,,,
shellcheck,SC2265,Use && for logical AND. Single & will background and return true.,SR 3.2 RE 1,RE,SR 3.2,3,Malicious code protection on entry and exit points,7,0.54088,0.683143,,,
shellcheck,SC2266,Use || for logical OR. Single | will pipe.,SR 3.5,SR,,3,Input validation,1,0.561667,1.0,,,
shellcheck,SC2266,Use || for logical OR. Single | will pipe.,SR 3.6,SR,,3,Deterministic output,2,0.555608,0.942091,,,
shellcheck,SC2266,Use || for logical OR. Single | will pipe.,SR 2.12 RE 1,RE,SR 2.12,2,Non-repudiation for all users,3,0.538937,0.796753,,,
shellcheck,SC2266,Use || for logical OR. Single | will pipe.,SR 3.2 RE 1,RE,SR 3.2,3,Malicious code protection on entry and exit points,4,0.529996,0.726715,,,
shellcheck,SC2266,Use || for logical OR. Single | will pipe.,SR 1.7,SR,,1,Strength of password-based authentication,5,0.524926,0.689292,,,
shellcheck,SC2267,GNU xargs -i is deprecated in favor of -I{},SR 1.4,SR,,1,Identifier management,1,0.486104,1.0,,,
shellcheck,SC2267,GNU xargs -i is deprecated in favor of -I{},SR 3.5,SR,,3,Input validation,2,0.482314,0.957867,,,
shellcheck,SC2267,GNU xargs -i is deprecated in favor of -I{},SR 3.8 RE 1,RE,SR 3.8,3,Invalidation of session IDs after session termination,3,0.478488,0.916818,,,
shellcheck,SC2267,GNU xargs -i is deprecated in favor of -I{},SR 4.2,SR,,4,Information persistence,4,0.476819,0.899363,,,
shellcheck,SC2267,GNU xargs -i is deprecated in favor of -I{},SR 3.7,SR,,3,Error handling,5,0.471958,0.850084,,,
shellcheck,SC2267,GNU xargs -i is deprecated in favor of -I{},SR 2.11,SR,,2,Timestamps,6,0.469049,0.821656,,,
shellcheck,SC2267,GNU xargs -i is deprecated in favor of -I{},SR 7.3,SR,,7,Control system backup,7,0.46273,0.762591,,,
shellcheck,SC2267,GNU xargs -i is deprecated in favor of -I{},SR 3.8 RE 2,RE,SR 3.8,3,Unique session ID generation,8,0.461533,0.75181,,,
shellcheck,SC2267,GNU xargs -i is deprecated in favor of -I{},SR 3.8 RE 3,RE,SR 3.8,3,Randomness of session IDs,9,0.461134,0.74824,,,
shellcheck,SC2267,GNU xargs -i is deprecated in favor of -I{},SR 6.1 RE 1,RE,SR 6.1,6,Programmatic access to audit logs,10,0.459404,0.732932,,,
shellcheck,SC2268,Avoid x-prefix in comparisons as it no longer serves a purpose.,SR 1.5 RE 1,RE,SR 1.5,1,Hardware security for software process identity credentials,1,0.54506,1.0,,,
shellcheck,SC2268,Avoid x-prefix in comparisons as it no longer serves a purpose.,SR 1.7 RE 1,RE,SR 1.7,1,Password generation and lifetime restrictions for human users,2,0.541712,0.966689,,,
shellcheck,SC2268,Avoid x-prefix in comparisons as it no longer serves a purpose.,SR 5.2 RE 2,RE,SR 5.2,5,Island mode,3,0.537814,0.929042,,,
shellcheck,SC2268,Avoid x-prefix in comparisons as it no longer serves a purpose.,SR 1.11,SR,,1,Unsuccessful login attempts,4,0.535255,0.904988,,,
shellcheck,SC2268,Avoid x-prefix in comparisons as it no longer serves a purpose.,SR 3.8 RE 1,RE,SR 3.8,3,Invalidation of session IDs after session termination,5,0.533784,0.891392,,,
shellcheck,SC2268,Avoid x-prefix in comparisons as it no longer serves a purpose.,SR 3.2 RE 1,RE,SR 3.2,3,Malicious code protection on entry and exit points,6,0.532004,0.875165,,,
shellcheck,SC2268,Avoid x-prefix in comparisons as it no longer serves a purpose.,SR 3.5,SR,,3,Input validation,7,0.528492,0.843861,,,
shellcheck,SC2268,Avoid x-prefix in comparisons as it no longer serves a purpose.,SR 3.8 RE 3,RE,SR 3.8,3,Randomness of session IDs,8,0.526861,0.829634,,,
shellcheck,SC2268,Avoid x-prefix in comparisons as it no longer serves a purpose.,SR 1.7,SR,,1,Strength of password-based authentication,9,0.52559,0.818685,,,
shellcheck,SC2268,Avoid x-prefix in comparisons as it no longer serves a purpose.,SR 5.2 RE 3,RE,SR 5.2,5,Fail close,10,0.523636,0.802087,,,
shellcheck,SC2269,"This variable is assigned to itself, so the assignment does nothing.",SR 3.6,SR,,3,Deterministic output,1,0.538648,1.0,,,
shellcheck,SC2269,"This variable is assigned to itself, so the assignment does nothing.",SR 2.12 RE 1,RE,SR 2.12,2,Non-repudiation for all users,2,0.53488,0.96213,,,
shellcheck,SC2269,"This variable is assigned to itself, so the assignment does nothing.",SR 3.2 RE 1,RE,SR 3.2,3,Malicious code protection on entry and exit points,3,0.521688,0.838658,,,
shellcheck,SC2269,"This variable is assigned to itself, so the assignment does nothing.",SR 2.12,SR,,2,Non-repudiation,4,0.514279,0.775206,,,
shellcheck,SC2269,"This variable is assigned to itself, so the assignment does nothing.",SR 3.5,SR,,3,Input validation,5,0.513597,0.76957,,,
shellcheck,SC2269,"This variable is assigned to itself, so the assignment does nothing.",SR 1.13 RE 1,RE,SR 1.13,1,Explicit access request approval,6,0.508982,0.7323,,,
shellcheck,SC2270,"To assign positional parameters, use set -- first second .. (or use [ ] to compare).",SR 1.4,SR,,1,Identifier management,1,0.559991,1.0,,,
shellcheck,SC2270,"To assign positional parameters, use set -- first second .. (or use [ ] to compare).",SR 7.3,SR,,7,Control system backup,2,0.547579,0.884027,,,
shellcheck,SC2270,"To assign positional parameters, use set -- first second .. (or use [ ] to compare).",SR 3.6,SR,,3,Deterministic output,3,0.547393,0.882372,,,
shellcheck,SC2270,"To assign positional parameters, use set -- first second .. (or use [ ] to compare).",SR 3.5,SR,,3,Input validation,4,0.546909,0.878088,,,
shellcheck,SC2270,"To assign positional parameters, use set -- first second .. (or use [ ] to compare).",SR 3.2 RE 1,RE,SR 3.2,3,Malicious code protection on entry and exit points,5,0.535382,0.781013,,,
shellcheck,SC2270,"To assign positional parameters, use set -- first second .. (or use [ ] to compare).",SR 1.7 RE 1,RE,SR 1.7,1,Password generation and lifetime restrictions for human users,6,0.532036,0.754543,,,
shellcheck,SC2270,"To assign positional parameters, use set -- first second .. (or use [ ] to compare).",SR 1.2 RE 1,RE,SR 1.2,1,Unique identification and authentication,7,0.531702,0.751939,,,
shellcheck,SC2270,"To assign positional parameters, use set -- first second .. (or use [ ] to compare).",SR 3.7,SR,,3,Error handling,8,0.530935,0.745995,,,
shellcheck,SC2270,"To assign positional parameters, use set -- first second .. (or use [ ] to compare).",SR 1.2,SR,,1,Software process and device identification and authentication,9,0.529837,0.737546,,,
shellcheck,SC2270,"To assign positional parameters, use set -- first second .. (or use [ ] to compare).",SR 1.5 RE 1,RE,SR 1.5,1,Hardware security for software process identity credentials,10,0.528018,0.723728,,,
shellcheck,SC2271,"For indirection, use arrays, declare ""var$n=value"", or (for sh) read/eval",SR 1.4,SR,,1,Identifier management,1,0.53647,1.0,,,
shellcheck,SC2271,"For indirection, use arrays, declare ""var$n=value"", or (for sh) read/eval",SR 3.5,SR,,3,Input validation,2,0.527766,0.913957,,,
shellcheck,SC2271,"For indirection, use arrays, declare ""var$n=value"", or (for sh) read/eval",SR 1.11,SR,,1,Unsuccessful login attempts,3,0.511492,0.769328,,,
shellcheck,SC2271,"For indirection, use arrays, declare ""var$n=value"", or (for sh) read/eval",SR 7.1 RE 1,RE,SR 7.1,7,Manage communication loads,4,0.506976,0.732706,,,
shellcheck,SC2271,"For indirection, use arrays, declare ""var$n=value"", or (for sh) read/eval",SR 3.8,SR,,3,Session integrity,5,0.506849,0.7317,,,
shellcheck,SC2271,"For indirection, use arrays, declare ""var$n=value"", or (for sh) read/eval",SR 6.1 RE 1,RE,SR 6.1,6,Programmatic access to audit logs,6,0.503422,0.704899,,,
shellcheck,SC2271,"For indirection, use arrays, declare ""var$n=value"", or (for sh) read/eval",SR 3.8 RE 2,RE,SR 3.8,3,Unique session ID generation,7,0.50227,0.696068,,,
shellcheck,SC2271,"For indirection, use arrays, declare ""var$n=value"", or (for sh) read/eval",SR 3.7,SR,,3,Error handling,8,0.50023,0.680662,,,
shellcheck,SC2272,"Command name contains ==. For comparison, use [ ""$var"" = value ].",SR 3.5,SR,,3,Input validation,1,0.557849,1.0,,,
shellcheck,SC2272,"Command name contains ==. For comparison, use [ ""$var"" = value ].",SR 5.2 RE 3,RE,SR 5.2,5,Fail close,2,0.538835,0.826358,,,
shellcheck,SC2272,"Command name contains ==. For comparison, use [ ""$var"" = value ].",SR 1.4,SR,,1,Identifier management,3,0.53819,0.820926,,,
shellcheck,SC2272,"Command name contains ==. For comparison, use [ ""$var"" = value ].",SR 2.12 RE 1,RE,SR 2.12,2,Non-repudiation for all users,4,0.53322,0.780088,,,
shellcheck,SC2272,"Command name contains ==. For comparison, use [ ""$var"" = value ].",SR 5.2 RE 2,RE,SR 5.2,5,Island mode,5,0.531901,0.769538,,,
shellcheck,SC2272,"Command name contains ==. For comparison, use [ ""$var"" = value ].",SR 3.7,SR,,3,Error handling,6,0.527136,0.73238,,,
shellcheck,SC2272,"Command name contains ==. For comparison, use [ ""$var"" = value ].",SR 3.2 RE 1,RE,SR 3.2,3,Malicious code protection on entry and exit points,7,0.521846,0.692855,,,
shellcheck,SC2272,"Command name contains ==. For comparison, use [ ""$var"" = value ].",SR 3.3 RE 2,RE,SR 3.3,3,Security functionality verification during normal operation,8,0.5218,0.692519,,,
shellcheck,SC2272,"Command name contains ==. For comparison, use [ ""$var"" = value ].",SR 7.3,SR,,7,Control system backup,9,0.520211,0.681,,,
shellcheck,SC2273,Sequence of ===s found. Merge conflict or intended as a commented border?,SR 3.2 RE 1,RE,SR 3.2,3,Malicious code protection on entry and exit points,1,0.555128,1.0,,,
shellcheck,SC2273,Sequence of ===s found. Merge conflict or intended as a commented border?,SR 5.2 RE 3,RE,SR 5.2,5,Fail close,2,0.554834,0.997088,,,
shellcheck,SC2273,Sequence of ===s found. Merge conflict or intended as a commented border?,SR 3.7,SR,,3,Error handling,3,0.537371,0.83627,,,
shellcheck,SC2273,Sequence of ===s found. Merge conflict or intended as a commented border?,SR 3.3,SR,,3,Security functionality verification,4,0.52315,0.721578,,,
shellcheck,SC2273,Sequence of ===s found. Merge conflict or intended as a commented border?,SR 2.4 RE 1,RE,SR 2.4,2,Mobile code integrity check,5,0.518753,0.688846,,,
shellcheck,SC2273,Sequence of ===s found. Merge conflict or intended as a commented border?,SR 3.8 RE 3,RE,SR 3.8,3,Randomness of session IDs,6,0.518685,0.688347,,,
shellcheck,SC2274,Command name starts with ===. Intended as a commented border?,SR 5.2 RE 3,RE,SR 5.2,5,Fail close,1,0.565983,1.0,,,
shellcheck,SC2274,Command name starts with ===. Intended as a commented border?,SR 3.2 RE 1,RE,SR 3.2,3,Malicious code protection on entry and exit points,2,0.540681,0.7776,,,
shellcheck,SC2274,Command name starts with ===. Intended as a commented border?,SR 3.7,SR,,3,Error handling,3,0.52831,0.684648,,,
shellcheck,SC2275,Command name starts with =. Bad line break?,SR 3.5,SR,,3,Input validation,1,0.538662,1.0,,,
shellcheck,SC2275,Command name starts with =. Bad line break?,SR 5.2 RE 3,RE,SR 5.2,5,Fail close,2,0.515857,0.78826,,,
shellcheck,SC2275,Command name starts with =. Bad line break?,SR 1.4,SR,,1,Identifier management,3,0.511587,0.75304,,,
shellcheck,SC2276,This is interpreted as a command name containing =. Bad assignment or comparison?,SR 3.5,SR,,3,Input validation,1,0.553191,1.0,,,
shellcheck,SC2276,This is interpreted as a command name containing =. Bad assignment or comparison?,SR 3.2 RE 1,RE,SR 3.2,3,Malicious code protection on entry and exit points,2,0.533234,0.817018,,,
shellcheck,SC2276,This is interpreted as a command name containing =. Bad assignment or comparison?,SR 3.6,SR,,3,Deterministic output,3,0.526498,0.761845,,,
shellcheck,SC2276,This is interpreted as a command name containing =. Bad assignment or comparison?,SR 2.12 RE 1,RE,SR 2.12,2,Non-repudiation for all users,4,0.522126,0.727699,,,
shellcheck,SC2276,This is interpreted as a command name containing =. Bad assignment or comparison?,SR 5.2 RE 3,RE,SR 5.2,5,Fail close,5,0.521504,0.722938,,,
shellcheck,SC2276,This is interpreted as a command name containing =. Bad assignment or comparison?,SR 1.13 RE 1,RE,SR 1.13,1,Explicit access request approval,6,0.520426,0.714758,,,
shellcheck,SC2276,This is interpreted as a command name containing =. Bad assignment or comparison?,SR 2.4 RE 1,RE,SR 2.4,2,Mobile code integrity check,7,0.51798,0.69648,,,
shellcheck,SC2276,This is interpreted as a command name containing =. Bad assignment or comparison?,SR 3.3,SR,,3,Security functionality verification,8,0.515878,0.681076,,,
shellcheck,SC2277,Use BASH_ARGV0 to assign to $0 in bash (or use [ ] to compare).,SR 7.1,SR,,7,Denial of service protection,1,0.471593,1.0,,,
shellcheck,SC2277,Use BASH_ARGV0 to assign to $0 in bash (or use [ ] to compare).,SR 3.5,SR,,3,Input validation,2,0.467585,0.954143,,,
shellcheck,SC2277,Use BASH_ARGV0 to assign to $0 in bash (or use [ ] to compare).,SR 3.2 RE 1,RE,SR 3.2,3,Malicious code protection on entry and exit points,3,0.465228,0.92799,,,
shellcheck,SC2277,Use BASH_ARGV0 to assign to $0 in bash (or use [ ] to compare).,SR 1.4,SR,,1,Identifier management,4,0.460218,0.874343,,,
shellcheck,SC2277,Use BASH_ARGV0 to assign to $0 in bash (or use [ ] to compare).,SR 3.6,SR,,3,Deterministic output,5,0.457114,0.842394,,,
shellcheck,SC2277,Use BASH_ARGV0 to assign to $0 in bash (or use [ ] to compare).,SR 3.7,SR,,3,Error handling,6,0.451022,0.782467,,,
shellcheck,SC2277,Use BASH_ARGV0 to assign to $0 in bash (or use [ ] to compare).,SR 7.6,SR,,7,Network and security configuration settings,7,0.447647,0.750799,,,
shellcheck,SC2277,Use BASH_ARGV0 to assign to $0 in bash (or use [ ] to compare).,SR 7.3,SR,,7,Control system backup,8,0.446772,0.742765,,,
shellcheck,SC2277,Use BASH_ARGV0 to assign to $0 in bash (or use [ ] to compare).,SR 2.12 RE 1,RE,SR 2.12,2,Non-repudiation for all users,9,0.446034,0.736047,,,
shellcheck,SC2277,Use BASH_ARGV0 to assign to $0 in bash (or use [ ] to compare).,SR 1.13 RE 1,RE,SR 1.13,1,Explicit access request approval,10,0.444897,0.725785,,,
shellcheck,SC2278,$0 can't be assigned in Ksh (but it does reflect the current function).,SR 1.4,SR,,1,Identifier management,1,0.509533,1.0,,,
shellcheck,SC2278,$0 can't be assigned in Ksh (but it does reflect the current function).,SR 1.5 RE 1,RE,SR 1.5,1,Hardware security for software process identity credentials,2,0.486036,0.771307,,,
shellcheck,SC2278,$0 can't be assigned in Ksh (but it does reflect the current function).,SR 7.1 RE 1,RE,SR 7.1,7,Manage communication loads,3,0.484886,0.761325,,,
shellcheck,SC2278,$0 can't be assigned in Ksh (but it does reflect the current function).,SR 7.6 RE 1,RE,SR 7.6,7,Machine-readable reporting of current security settings,4,0.483867,0.75257,,,
shellcheck,SC2278,$0 can't be assigned in Ksh (but it does reflect the current function).,SR 3.8 RE 3,RE,SR 3.8,3,Randomness of session IDs,5,0.483838,0.752317,,,
shellcheck,SC2278,$0 can't be assigned in Ksh (but it does reflect the current function).,SR 1.12,SR,,1,System use notification,6,0.482547,0.741342,,,
shellcheck,SC2278,$0 can't be assigned in Ksh (but it does reflect the current function).,SR 7.1,SR,,7,Denial of service protection,7,0.48139,0.731621,,,
shellcheck,SC2278,$0 can't be assigned in Ksh (but it does reflect the current function).,SR 3.8,SR,,3,Session integrity,8,0.479598,0.716766,,,
shellcheck,SC2278,$0 can't be assigned in Ksh (but it does reflect the current function).,SR 7.3,SR,,7,Control system backup,9,0.478369,0.706727,,,
shellcheck,SC2278,$0 can't be assigned in Ksh (but it does reflect the current function).,SR 1.7 RE 1,RE,SR 1.7,1,Password generation and lifetime restrictions for human users,10,0.478084,0.704413,,,
shellcheck,SC2279,$0 can't be assigned in Dash. This becomes a command name.,SR 1.4,SR,,1,Identifier management,1,0.537573,1.0,,,
shellcheck,SC2279,$0 can't be assigned in Dash. This becomes a command name.,SR 5.4,SR,,5,Application partitioning,2,0.501756,0.684388,,,
shellcheck,SC2279,$0 can't be assigned in Dash. This becomes a command name.,SR 7.1 RE 1,RE,SR 7.1,7,Manage communication loads,3,0.501567,0.682975,,,
shellcheck,SC2280,"$0 can't be assigned this way, and there is no portable alternative.",SR 1.4,SR,,1,Identifier management,1,0.508863,1.0,,,
shellcheck,SC2280,"$0 can't be assigned this way, and there is no portable alternative.",SR 1.5 RE 1,RE,SR 1.5,1,Hardware security for software process identity credentials,2,0.500464,0.91252,,,
shellcheck,SC2280,"$0 can't be assigned this way, and there is no portable alternative.",SR 7.3,SR,,7,Control system backup,3,0.50033,0.911182,,,
shellcheck,SC2280,"$0 can't be assigned this way, and there is no portable alternative.",SR 3.2 RE 1,RE,SR 3.2,3,Malicious code protection on entry and exit points,4,0.4814,0.737014,,,
shellcheck,SC2280,"$0 can't be assigned this way, and there is no portable alternative.",SR 7.6 RE 1,RE,SR 7.6,7,Machine-readable reporting of current security settings,5,0.480525,0.729681,,,
shellcheck,SC2280,"$0 can't be assigned this way, and there is no portable alternative.",SR 3.6,SR,,3,Deterministic output,6,0.479809,0.723715,,,
shellcheck,SC2281,Don't use $/${} on the left side of assignments.,SR 3.5,SR,,3,Input validation,1,0.531826,1.0,,,
shellcheck,SC2281,Don't use $/${} on the left side of assignments.,SR 1.4,SR,,1,Identifier management,2,0.517706,0.862435,,,
shellcheck,SC2281,Don't use $/${} on the left side of assignments.,SR 2.12 RE 1,RE,SR 2.12,2,Non-repudiation for all users,3,0.497157,0.69021,,,
shellcheck,SC2282,"Variable names can't start with numbers, so this is interpreted as a command.",SR 1.11,SR,,1,Unsuccessful login attempts,1,0.567795,1.0,,,
shellcheck,SC2282,"Variable names can't start with numbers, so this is interpreted as a command.",SR 1.4,SR,,1,Identifier management,2,0.565908,0.981858,,,
shellcheck,SC2282,"Variable names can't start with numbers, so this is interpreted as a command.",SR 3.2 RE 1,RE,SR 3.2,3,Malicious code protection on entry and exit points,3,0.553291,0.867343,,,
shellcheck,SC2282,"Variable names can't start with numbers, so this is interpreted as a command.",SR 1.2 RE 1,RE,SR 1.2,1,Unique identification and authentication,4,0.546372,0.809343,,,
shellcheck,SC2282,"Variable names can't start with numbers, so this is interpreted as a command.",SR 3.7,SR,,3,Error handling,5,0.54451,0.794292,,,
shellcheck,SC2282,"Variable names can't start with numbers, so this is interpreted as a command.",SR 3.8 RE 3,RE,SR 3.8,3,Randomness of session IDs,6,0.543296,0.784601,,,
shellcheck,SC2282,"Variable names can't start with numbers, so this is interpreted as a command.",SR 5.2 RE 3,RE,SR 5.2,5,Fail close,7,0.540556,0.76308,,,
shellcheck,SC2282,"Variable names can't start with numbers, so this is interpreted as a command.",SR 2.12 RE 1,RE,SR 2.12,2,Non-repudiation for all users,8,0.538656,0.74845,,,
shellcheck,SC2282,"Variable names can't start with numbers, so this is interpreted as a command.",SR 3.3,SR,,3,Security functionality verification,9,0.536217,0.729995,,,
shellcheck,SC2282,"Variable names can't start with numbers, so this is interpreted as a command.",SR 2.4 RE 1,RE,SR 2.4,2,Mobile code integrity check,10,0.534157,0.714706,,,
shellcheck,SC2283,"Use [ ] to compare values, or remove spaces around = to assign (or quote '=' if literal).",SR 3.5,SR,,3,Input validation,1,0.537512,1.0,,,
shellcheck,SC2284,Use [ x = y ] to compare values (or quote '==' if literal).,SR 3.5,SR,,3,Input validation,1,0.524449,1.0,,,
shellcheck,SC2285,Remove spaces around += to assign (or quote '+=' if literal).,SR 3.5,SR,,3,Input validation,1,0.52011,1.0,,,
shellcheck,SC2286,This empty string is interpreted as a command name. Double check syntax (or use 'true' as a no-op).,SR 3.5,SR,,3,Input validation,1,0.539349,1.0,,,
shellcheck,SC2286,This empty string is interpreted as a command name. Double check syntax (or use 'true' as a no-op).,SR 1.13 RE 1,RE,SR 1.13,1,Explicit access request approval,2,0.532453,0.931671,,,
shellcheck,SC2286,This empty string is interpreted as a command name. Double check syntax (or use 'true' as a no-op).,SR 5.2 RE 3,RE,SR 5.2,5,Fail close,3,0.528796,0.897026,,,
shellcheck,SC2286,This empty string is interpreted as a command name. Double check syntax (or use 'true' as a no-op).,SR 3.7,SR,,3,Error handling,4,0.522531,0.840102,,,
shellcheck,SC2286,This empty string is interpreted as a command name. Double check syntax (or use 'true' as a no-op).,SR 7.3,SR,,7,Control system backup,5,0.517827,0.799341,,,
shellcheck,SC2286,This empty string is interpreted as a command name. Double check syntax (or use 'true' as a no-op).,SR 2.12 RE 1,RE,SR 2.12,2,Non-repudiation for all users,6,0.515005,0.775674,,,
shellcheck,SC2286,This empty string is interpreted as a command name. Double check syntax (or use 'true' as a no-op).,SR 7.6 RE 1,RE,SR 7.6,7,Machine-readable reporting of current security settings,7,0.508751,0.725265,,,
shellcheck,SC2286,This empty string is interpreted as a command name. Double check syntax (or use 'true' as a no-op).,SR 2.4 RE 1,RE,SR 2.4,2,Mobile code integrity check,8,0.508515,0.723419,,,
shellcheck,SC2286,This empty string is interpreted as a command name. Double check syntax (or use 'true' as a no-op).,SR 3.2 RE 1,RE,SR 3.2,3,Malicious code protection on entry and exit points,9,0.507716,0.717184,,,
shellcheck,SC2286,This empty string is interpreted as a command name. Double check syntax (or use 'true' as a no-op).,SR 2.11,SR,,2,Timestamps,10,0.50591,0.703265,,,
shellcheck,SC2287,This is interpreted as a command name ending with '/'. Double check syntax.,SR 5.2 RE 3,RE,SR 5.2,5,Fail close,1,0.539318,1.0,,,
shellcheck,SC2287,This is interpreted as a command name ending with '/'. Double check syntax.,SR 3.7,SR,,3,Error handling,2,0.533238,0.939544,,,
shellcheck,SC2287,This is interpreted as a command name ending with '/'. Double check syntax.,SR 3.5,SR,,3,Input validation,3,0.514941,0.775391,,,
shellcheck,SC2287,This is interpreted as a command name ending with '/'. Double check syntax.,SR 7.1,SR,,7,Denial of service protection,4,0.514214,0.769384,,,
shellcheck,SC2287,This is interpreted as a command name ending with '/'. Double check syntax.,SR 1.11,SR,,1,Unsuccessful login attempts,5,0.508453,0.723159,,,
shellcheck,SC2287,This is interpreted as a command name ending with '/'. Double check syntax.,SR 7.3,SR,,7,Control system backup,6,0.502961,0.681227,,,
shellcheck,SC2287,This is interpreted as a command name ending with '/'. Double check syntax.,SR 3.2 RE 1,RE,SR 3.2,3,Malicious code protection on entry and exit points,7,0.502876,0.680596,,,
shellcheck,SC2288,This is interpreted as a command name ending with apostrophe. Double check syntax.,SR 3.5,SR,,3,Input validation,1,0.546816,1.0,,,
shellcheck,SC2288,This is interpreted as a command name ending with apostrophe. Double check syntax.,SR 5.2 RE 1,RE,SR 5.2,5,"Deny by default, allow by exception",2,0.516134,0.727894,,,
shellcheck,SC2289,This is interpreted as a command name containing a linefeed. Double check syntax.,SR 3.5,SR,,3,Input validation,1,0.549737,1.0,,,
shellcheck,SC2289,This is interpreted as a command name containing a linefeed. Double check syntax.,SR 5.2 RE 3,RE,SR 5.2,5,Fail close,2,0.528662,0.806539,,,
shellcheck,SC2289,This is interpreted as a command name containing a linefeed. Double check syntax.,SR 7.6 RE 1,RE,SR 7.6,7,Machine-readable reporting of current security settings,3,0.527392,0.795942,,,
shellcheck,SC2289,This is interpreted as a command name containing a linefeed. Double check syntax.,SR 7.1 RE 1,RE,SR 7.1,7,Manage communication loads,4,0.516695,0.711106,,,
shellcheck,SC2289,This is interpreted as a command name containing a linefeed. Double check syntax.,SR 1.2 RE 1,RE,SR 1.2,1,Unique identification and authentication,5,0.512985,0.68347,,,
shellcheck,SC2290,Remove spaces around = to assign.,SR 7.6 RE 1,RE,SR 7.6,7,Machine-readable reporting of current security settings,1,0.510483,1.0,,,
shellcheck,SC2290,Remove spaces around = to assign.,SR 3.2 RE 1,RE,SR 3.2,3,Malicious code protection on entry and exit points,2,0.497257,0.86557,,,
shellcheck,SC2290,Remove spaces around = to assign.,SR 5.4,SR,,5,Application partitioning,3,0.484957,0.754172,,,
shellcheck,SC2290,Remove spaces around = to assign.,SR 3.5,SR,,3,Input validation,4,0.483214,0.739391,,,
shellcheck,SC2290,Remove spaces around = to assign.,SR 1.5 RE 1,RE,SR 1.5,1,Hardware security for software process identity credentials,5,0.483084,0.738298,,,
shellcheck,SC2290,Remove spaces around = to assign.,SR 4.2,SR,,4,Information persistence,6,0.478476,0.700387,,,
shellcheck,SC2290,Remove spaces around = to assign.,SR 4.1 RE 2,RE,SR 4.1,4,Protection of confidentiality across zone boundaries,7,0.476072,0.681247,,,
shellcheck,SC2291,Quote repeated spaces to avoid them collapsing into one.,SR 3.5,SR,,3,Input validation,1,0.491084,1.0,,,
shellcheck,SC2291,Quote repeated spaces to avoid them collapsing into one.,SR 1.7 RE 1,RE,SR 1.7,1,Password generation and lifetime restrictions for human users,2,0.477282,0.854885,,,
shellcheck,SC2291,Quote repeated spaces to avoid them collapsing into one.,SR 3.2 RE 1,RE,SR 3.2,3,Malicious code protection on entry and exit points,3,0.471929,0.803464,,,
shellcheck,SC2291,Quote repeated spaces to avoid them collapsing into one.,SR 3.8 RE 2,RE,SR 3.8,3,Unique session ID generation,4,0.460313,0.700547,,,
shellcheck,SC2291,Quote repeated spaces to avoid them collapsing into one.,SR 1.11,SR,,1,Unsuccessful login attempts,5,0.459339,0.692432,,,
shellcheck,SC2292,Prefer [[ ]] over [ ] for tests in Bash/Ksh.,SR 7.1,SR,,7,Denial of service protection,1,0.501131,1.0,,,
shellcheck,SC2292,Prefer [[ ]] over [ ] for tests in Bash/Ksh.,SR 3.5,SR,,3,Input validation,2,0.491972,0.903518,,,
shellcheck,SC2292,Prefer [[ ]] over [ ] for tests in Bash/Ksh.,SR 3.7,SR,,3,Error handling,3,0.487576,0.86,,,
shellcheck,SC2292,Prefer [[ ]] over [ ] for tests in Bash/Ksh.,SR 5.2 RE 3,RE,SR 5.2,5,Fail close,4,0.487207,0.856428,,,
shellcheck,SC2292,Prefer [[ ]] over [ ] for tests in Bash/Ksh.,SR 5.2 RE 1,RE,SR 5.2,5,"Deny by default, allow by exception",5,0.478927,0.779374,,,
shellcheck,SC2292,Prefer [[ ]] over [ ] for tests in Bash/Ksh.,SR 7.1 RE 1,RE,SR 7.1,7,Manage communication loads,6,0.469627,0.699696,,,
shellcheck,SC2292,Prefer [[ ]] over [ ] for tests in Bash/Ksh.,SR 3.2 RE 1,RE,SR 3.2,3,Malicious code protection on entry and exit points,7,0.46912,0.695548,,,
shellcheck,SC2293,"When eval'ing @Q-quoted words, use * rather than @ as the index.",SR 3.5,SR,,3,Input validation,1,0.489626,1.0,,,
shellcheck,SC2293,"When eval'ing @Q-quoted words, use * rather than @ as the index.",SR 3.7,SR,,3,Error handling,2,0.48249,0.922419,,,
shellcheck,SC2293,"When eval'ing @Q-quoted words, use * rather than @ as the index.",SR 2.11,SR,,2,Timestamps,3,0.473005,0.826994,,,
shellcheck,SC2293,"When eval'ing @Q-quoted words, use * rather than @ as the index.",SR 3.2 RE 1,RE,SR 3.2,3,Malicious code protection on entry and exit points,4,0.464928,0.752256,,,
shellcheck,SC2293,"When eval'ing @Q-quoted words, use * rather than @ as the index.",SR 7.1 RE 1,RE,SR 7.1,7,Manage communication loads,5,0.464857,0.751624,,,
shellcheck,SC2293,"When eval'ing @Q-quoted words, use * rather than @ as the index.",SR 5.2 RE 3,RE,SR 5.2,5,Fail close,6,0.462473,0.730669,,,
shellcheck,SC2293,"When eval'ing @Q-quoted words, use * rather than @ as the index.",SR 1.11,SR,,1,Unsuccessful login attempts,7,0.458516,0.696932,,,
shellcheck,SC2294,eval negates the benefit of arrays. Drop eval to preserve whitespace/symbols (or eval as string).,SR 5.2 RE 3,RE,SR 5.2,5,Fail close,1,0.542834,1.0,,,
shellcheck,SC2294,eval negates the benefit of arrays. Drop eval to preserve whitespace/symbols (or eval as string).,SR 3.5,SR,,3,Input validation,2,0.515315,0.751155,,,
shellcheck,SC2294,eval negates the benefit of arrays. Drop eval to preserve whitespace/symbols (or eval as string).,SR 3.7,SR,,3,Error handling,3,0.50925,0.703803,,,
shellcheck,SC2295,"Expansions inside ${..} need to be quoted separately, otherwise they will match as a pattern.",SR 3.2 RE 1,RE,SR 3.2,3,Malicious code protection on entry and exit points,1,0.516164,1.0,,,
shellcheck,SC2295,"Expansions inside ${..} need to be quoted separately, otherwise they will match as a pattern.",SR 3.5,SR,,3,Input validation,2,0.513693,0.973951,,,
shellcheck,SC2295,"Expansions inside ${..} need to be quoted separately, otherwise they will match as a pattern.",SR 2.11,SR,,2,Timestamps,3,0.503803,0.875183,,,
shellcheck,SC2295,"Expansions inside ${..} need to be quoted separately, otherwise they will match as a pattern.",SR 5.2 RE 2,RE,SR 5.2,5,Island mode,4,0.50327,0.870102,,,
shellcheck,SC2295,"Expansions inside ${..} need to be quoted separately, otherwise they will match as a pattern.",SR 7.6 RE 1,RE,SR 7.6,7,Machine-readable reporting of current security settings,5,0.499567,0.83547,,,
shellcheck,SC2295,"Expansions inside ${..} need to be quoted separately, otherwise they will match as a pattern.",SR 2.11 RE 2,RE,SR 2.11,2,Protection of time source integrity,6,0.497842,0.819723,,,
shellcheck,SC2295,"Expansions inside ${..} need to be quoted separately, otherwise they will match as a pattern.",SR 5.2 RE 3,RE,SR 5.2,5,Fail close,7,0.495688,0.80041,,,
shellcheck,SC2295,"Expansions inside ${..} need to be quoted separately, otherwise they will match as a pattern.",SR 1.5 RE 1,RE,SR 1.5,1,Hardware security for software process identity credentials,8,0.490576,0.756048,,,
shellcheck,SC2295,"Expansions inside ${..} need to be quoted separately, otherwise they will match as a pattern.",SR 5.2 RE 1,RE,SR 5.2,5,"Deny by default, allow by exception",9,0.489685,0.748527,,,
shellcheck,SC2295,"Expansions inside ${..} need to be quoted separately, otherwise they will match as a pattern.",SR 3.8 RE 3,RE,SR 3.8,3,Randomness of session IDs,10,0.487552,0.730766,,,
shellcheck,SC2296,Parameter expansions can't start with {. Double check syntax.,SR 3.5,SR,,3,Input validation,1,0.508931,1.0,,,
shellcheck,SC2296,Parameter expansions can't start with {. Double check syntax.,SR 5.2 RE 3,RE,SR 5.2,5,Fail close,2,0.497789,0.885364,,,
shellcheck,SC2296,Parameter expansions can't start with {. Double check syntax.,SR 1.11,SR,,1,Unsuccessful login attempts,3,0.487995,0.793704,,,
shellcheck,SC2296,Parameter expansions can't start with {. Double check syntax.,SR 7.1,SR,,7,Denial of service protection,4,0.485014,0.767399,,,
shellcheck,SC2296,Parameter expansions can't start with {. Double check syntax.,SR 5.2 RE 1,RE,SR 5.2,5,"Deny by default, allow by exception",5,0.483693,0.755972,,,
shellcheck,SC2296,Parameter expansions can't start with {. Double check syntax.,SR 3.2 RE 1,RE,SR 3.2,3,Malicious code protection on entry and exit points,6,0.48366,0.755697,,,
shellcheck,SC2296,Parameter expansions can't start with {. Double check syntax.,SR 1.5 RE 1,RE,SR 1.5,1,Hardware security for software process identity credentials,7,0.481652,0.738597,,,
shellcheck,SC2296,Parameter expansions can't start with {. Double check syntax.,SR 7.1 RE 1,RE,SR 7.1,7,Manage communication loads,8,0.481496,0.737279,,,
shellcheck,SC2296,Parameter expansions can't start with {. Double check syntax.,SR 3.7,SR,,3,Error handling,9,0.480333,0.72754,,,
shellcheck,SC2296,Parameter expansions can't start with {. Double check syntax.,SR 2.12 RE 1,RE,SR 2.12,2,Non-repudiation for all users,10,0.479749,0.722689,,,
shellcheck,SC2297,"Double quotes must be outside ${}: ${""invalid""} vs ""${valid}"".",SR 3.5,SR,,3,Input validation,1,0.577113,1.0,,,
shellcheck,SC2298,"${$x} is invalid. For expansion, use ${x}. For indirection, use arrays, ${!x} or (for sh) eval.",SR 1.11,SR,,1,Unsuccessful login attempts,1,0.583062,1.0,,,
shellcheck,SC2298,"${$x} is invalid. For expansion, use ${x}. For indirection, use arrays, ${!x} or (for sh) eval.",SR 3.7,SR,,3,Error handling,2,0.569264,0.876589,,,
shellcheck,SC2298,"${$x} is invalid. For expansion, use ${x}. For indirection, use arrays, ${!x} or (for sh) eval.",SR 3.5,SR,,3,Input validation,3,0.568277,0.868264,,,
shellcheck,SC2298,"${$x} is invalid. For expansion, use ${x}. For indirection, use arrays, ${!x} or (for sh) eval.",SR 3.8,SR,,3,Session integrity,4,0.558302,0.78768,,,
shellcheck,SC2298,"${$x} is invalid. For expansion, use ${x}. For indirection, use arrays, ${!x} or (for sh) eval.",SR 5.2 RE 1,RE,SR 5.2,5,"Deny by default, allow by exception",5,0.552814,0.746029,,,
shellcheck,SC2298,"${$x} is invalid. For expansion, use ${x}. For indirection, use arrays, ${!x} or (for sh) eval.",SR 5.2 RE 3,RE,SR 5.2,5,Fail close,6,0.552301,0.742227,,,
shellcheck,SC2298,"${$x} is invalid. For expansion, use ${x}. For indirection, use arrays, ${!x} or (for sh) eval.",SR 2.12 RE 1,RE,SR 2.12,2,Non-repudiation for all users,7,0.546733,0.701997,,,
shellcheck,SC2299,Parameter expansions can't be nested. Use temporary variables.,SR 2.9 RE 1,RE,SR 2.9,2,Warn when audit record storage capacity threshold reached,1,0.495084,1.0,,,
shellcheck,SC2299,Parameter expansions can't be nested. Use temporary variables.,SR 5.2 RE 3,RE,SR 5.2,5,Fail close,2,0.493264,0.979953,,,
shellcheck,SC2299,Parameter expansions can't be nested. Use temporary variables.,SR 2.11,SR,,2,Timestamps,3,0.492811,0.975009,,,
shellcheck,SC2299,Parameter expansions can't be nested. Use temporary variables.,SR 2.11 RE 2,RE,SR 2.11,2,Protection of time source integrity,4,0.488672,0.930817,,,
shellcheck,SC2299,Parameter expansions can't be nested. Use temporary variables.,SR 1.11,SR,,1,Unsuccessful login attempts,5,0.487513,0.918736,,,
shellcheck,SC2299,Parameter expansions can't be nested. Use temporary variables.,SR 3.9 RE 1,RE,SR 3.9,3,Audit records on write-once media,6,0.481646,0.859549,,,
shellcheck,SC2299,Parameter expansions can't be nested. Use temporary variables.,SR 5.4,SR,,5,Application partitioning,7,0.481194,0.855127,,,
shellcheck,SC2299,Parameter expansions can't be nested. Use temporary variables.,SR 3.2 RE 1,RE,SR 3.2,3,Malicious code protection on entry and exit points,8,0.479679,0.840417,,,
shellcheck,SC2299,Parameter expansions can't be nested. Use temporary variables.,SR 7.3,SR,,7,Control system backup,9,0.479658,0.840221,,,
shellcheck,SC2299,Parameter expansions can't be nested. Use temporary variables.,SR 3.8 RE 3,RE,SR 3.8,3,Randomness of session IDs,10,0.477,0.814927,,,
shellcheck,SC2300,Parameter expansion can't be applied to command substitutions. Use temporary variables.,SR 7.1 RE 1,RE,SR 7.1,7,Manage communication loads,1,0.49902,1.0,,,
shellcheck,SC2300,Parameter expansion can't be applied to command substitutions. Use temporary variables.,SR 3.7,SR,,3,Error handling,2,0.498034,0.98918,,,
shellcheck,SC2300,Parameter expansion can't be applied to command substitutions. Use temporary variables.,SR 2.11,SR,,2,Timestamps,3,0.497854,0.987223,,,
shellcheck,SC2300,Parameter expansion can't be applied to command substitutions. Use temporary variables.,SR 5.2 RE 3,RE,SR 5.2,5,Fail close,4,0.489995,0.904494,,,
shellcheck,SC2300,Parameter expansion can't be applied to command substitutions. Use temporary variables.,SR 7.1,SR,,7,Denial of service protection,5,0.486882,0.873344,,,
shellcheck,SC2300,Parameter expansion can't be applied to command substitutions. Use temporary variables.,SR 1.7 RE 1,RE,SR 1.7,1,Password generation and lifetime restrictions for human users,6,0.485992,0.864591,,,
shellcheck,SC2300,Parameter expansion can't be applied to command substitutions. Use temporary variables.,SR 3.5,SR,,3,Input validation,7,0.481075,0.817566,,,
shellcheck,SC2300,Parameter expansion can't be applied to command substitutions. Use temporary variables.,SR 3.3 RE 2,RE,SR 3.3,3,Security functionality verification during normal operation,8,0.480806,0.815054,,,
shellcheck,SC2300,Parameter expansion can't be applied to command substitutions. Use temporary variables.,SR 1.11,SR,,1,Unsuccessful login attempts,9,0.480454,0.811783,,,
shellcheck,SC2300,Parameter expansion can't be applied to command substitutions. Use temporary variables.,SR 7.6 RE 1,RE,SR 7.6,7,Machine-readable reporting of current security settings,10,0.478213,0.791169,,,
shellcheck,SC2301,Parameter expansion starts with unexpected quotes. Double check syntax.,SR 3.5,SR,,3,Input validation,1,0.503784,1.0,,,
shellcheck,SC2301,Parameter expansion starts with unexpected quotes. Double check syntax.,SR 3.7,SR,,3,Error handling,2,0.491275,0.870842,,,
shellcheck,SC2301,Parameter expansion starts with unexpected quotes. Double check syntax.,SR 1.11,SR,,1,Unsuccessful login attempts,3,0.489231,0.851107,,,
shellcheck,SC2301,Parameter expansion starts with unexpected quotes. Double check syntax.,SR 5.2 RE 3,RE,SR 5.2,5,Fail close,4,0.48469,0.80855,,,
shellcheck,SC2301,Parameter expansion starts with unexpected quotes. Double check syntax.,SR 1.7 RE 1,RE,SR 1.7,1,Password generation and lifetime restrictions for human users,5,0.480817,0.773647,,,
shellcheck,SC2301,Parameter expansion starts with unexpected quotes. Double check syntax.,SR 7.1,SR,,7,Denial of service protection,6,0.480708,0.772684,,,
shellcheck,SC2301,Parameter expansion starts with unexpected quotes. Double check syntax.,SR 3.2 RE 1,RE,SR 3.2,3,Malicious code protection on entry and exit points,7,0.474986,0.723435,,,
shellcheck,SC2301,Parameter expansion starts with unexpected quotes. Double check syntax.,SR 1.5 RE 1,RE,SR 1.5,1,Hardware security for software process identity credentials,8,0.474801,0.721888,,,
shellcheck,SC2301,Parameter expansion starts with unexpected quotes. Double check syntax.,SR 1.2 RE 1,RE,SR 1.2,1,Unique identification and authentication,9,0.474184,0.716742,,,
shellcheck,SC2301,Parameter expansion starts with unexpected quotes. Double check syntax.,SR 7.1 RE 1,RE,SR 7.1,7,Manage communication loads,10,0.472226,0.700615,,,
shellcheck,SC2302,"This loops over values. To loop over keys, use ""${!array[@]}"".",SR 3.5,SR,,3,Input validation,1,0.542175,1.0,,,
shellcheck,SC2302,"This loops over values. To loop over keys, use ""${!array[@]}"".",SR 7.1 RE 1,RE,SR 7.1,7,Manage communication loads,2,0.521913,0.811006,,,
shellcheck,SC2302,"This loops over values. To loop over keys, use ""${!array[@]}"".",SR 2.11,SR,,2,Timestamps,3,0.518514,0.782378,,,
shellcheck,SC2302,"This loops over values. To loop over keys, use ""${!array[@]}"".",SR 1.4,SR,,1,Identifier management,4,0.515,0.753657,,,
shellcheck,SC2302,"This loops over values. To loop over keys, use ""${!array[@]}"".",SR 3.7,SR,,3,Error handling,5,0.509003,0.706636,,,
shellcheck,SC2303,"i is an array value, not a key. Use directly or loop over keys instead.",SR 3.5,SR,,3,Input validation,1,0.491071,1.0,,,
shellcheck,SC2303,"i is an array value, not a key. Use directly or loop over keys instead.",SR 3.8 RE 2,RE,SR 3.8,3,Unique session ID generation,2,0.487301,0.958499,,,
shellcheck,SC2303,"i is an array value, not a key. Use directly or loop over keys instead.",SR 1.4,SR,,1,Identifier management,3,0.482705,0.909824,,,
shellcheck,SC2303,"i is an array value, not a key. Use directly or loop over keys instead.",SR 3.8 RE 3,RE,SR 3.8,3,Randomness of session IDs,4,0.480298,0.885147,,,
shellcheck,SC2303,"i is an array value, not a key. Use directly or loop over keys instead.",SR 3.7,SR,,3,Error handling,5,0.477226,0.854456,,,
shellcheck,SC2303,"i is an array value, not a key. Use directly or loop over keys instead.",SR 1.5 RE 1,RE,SR 1.5,1,Hardware security for software process identity credentials,6,0.476655,0.848847,,,
shellcheck,SC2303,"i is an array value, not a key. Use directly or loop over keys instead.",SR 3.8 RE 1,RE,SR 3.8,3,Invalidation of session IDs after session termination,7,0.474678,0.829663,,,
shellcheck,SC2303,"i is an array value, not a key. Use directly or loop over keys instead.",SR 3.8,SR,,3,Session integrity,8,0.474202,0.825098,,,
shellcheck,SC2303,"i is an array value, not a key. Use directly or loop over keys instead.",SR 1.11,SR,,1,Unsuccessful login attempts,9,0.471441,0.799016,,,
shellcheck,SC2303,"i is an array value, not a key. Use directly or loop over keys instead.",SR 1.2 RE 1,RE,SR 1.2,1,Unique identification and authentication,10,0.467611,0.763965,,,
shellcheck,SC2304,must be escaped to multiply: \. Modern $((x * y)) avoids this issue.,SR 5.2 RE 3,RE,SR 5.2,5,Fail close,1,0.529922,1.0,,,
shellcheck,SC2304,must be escaped to multiply: \. Modern $((x * y)) avoids this issue.,SR 2.11 RE 2,RE,SR 2.11,2,Protection of time source integrity,2,0.52477,0.94769,,,
shellcheck,SC2304,must be escaped to multiply: \. Modern $((x * y)) avoids this issue.,SR 3.2 RE 1,RE,SR 3.2,3,Malicious code protection on entry and exit points,3,0.524214,0.942178,,,
shellcheck,SC2304,must be escaped to multiply: \. Modern $((x * y)) avoids this issue.,SR 3.7,SR,,3,Error handling,4,0.513869,0.84435,,,
shellcheck,SC2304,must be escaped to multiply: \. Modern $((x * y)) avoids this issue.,SR 3.3,SR,,3,Security functionality verification,5,0.51103,0.819014,,,
shellcheck,SC2304,must be escaped to multiply: \. Modern $((x * y)) avoids this issue.,SR 1.1 RE 2,RE,SR 1.1,1,Multifactor authentication for untrusted networks,6,0.510962,0.81841,,,
shellcheck,SC2304,must be escaped to multiply: \. Modern $((x * y)) avoids this issue.,SR 4.1 RE 2,RE,SR 4.1,4,Protection of confidentiality across zone boundaries,7,0.509299,0.80387,,,
shellcheck,SC2304,must be escaped to multiply: \. Modern $((x * y)) avoids this issue.,SR 1.7 RE 1,RE,SR 1.7,1,Password generation and lifetime restrictions for human users,8,0.50821,0.794465,,,
shellcheck,SC2304,must be escaped to multiply: \. Modern $((x * y)) avoids this issue.,SR 3.5,SR,,3,Input validation,9,0.507431,0.787788,,,
shellcheck,SC2304,must be escaped to multiply: \. Modern $((x * y)) avoids this issue.,SR 2.1 RE 4,RE,SR 2.1,2,Dual approval,10,0.503184,0.752198,,,
shellcheck,SC2305,Quote regex argument to expr to avoid it expanding as a glob.,SR 3.5,SR,,3,Input validation,1,0.564019,1.0,,,
shellcheck,SC2306,Escape glob characters in arguments to expr to avoid pathname expansion.,SR 3.2 RE 1,RE,SR 3.2,3,Malicious code protection on entry and exit points,1,0.5254,1.0,,,
shellcheck,SC2306,Escape glob characters in arguments to expr to avoid pathname expansion.,SR 1.7 RE 1,RE,SR 1.7,1,Password generation and lifetime restrictions for human users,2,0.515358,0.8993,,,
shellcheck,SC2306,Escape glob characters in arguments to expr to avoid pathname expansion.,SR 1.5 RE 1,RE,SR 1.5,1,Hardware security for software process identity credentials,3,0.511945,0.867021,,,
shellcheck,SC2306,Escape glob characters in arguments to expr to avoid pathname expansion.,SR 2.11,SR,,2,Timestamps,4,0.506925,0.821284,,,
shellcheck,SC2306,Escape glob characters in arguments to expr to avoid pathname expansion.,SR 3.7,SR,,3,Error handling,5,0.49976,0.759436,,,
shellcheck,SC2306,Escape glob characters in arguments to expr to avoid pathname expansion.,SR 7.3,SR,,7,Control system backup,6,0.498934,0.752561,,,
shellcheck,SC2306,Escape glob characters in arguments to expr to avoid pathname expansion.,SR 3.5,SR,,3,Input validation,7,0.497866,0.74374,,,
shellcheck,SC2306,Escape glob characters in arguments to expr to avoid pathname expansion.,SR 2.11 RE 2,RE,SR 2.11,2,Protection of time source integrity,8,0.496999,0.736648,,,
shellcheck,SC2306,Escape glob characters in arguments to expr to avoid pathname expansion.,SR 4.1 RE 2,RE,SR 4.1,4,Protection of confidentiality across zone boundaries,9,0.494041,0.712857,,,
shellcheck,SC2306,Escape glob characters in arguments to expr to avoid pathname expansion.,SR 5.2 RE 3,RE,SR 5.2,5,Fail close,10,0.493939,0.712045,,,
shellcheck,SC2307,"'expr' expects 3+ arguments but sees 1. Make sure each operator/operand is a separate argument, and escape <>&|.",SR 3.5,SR,,3,Input validation,1,0.53508,1.0,,,
shellcheck,SC2307,"'expr' expects 3+ arguments but sees 1. Make sure each operator/operand is a separate argument, and escape <>&|.",SR 1.7 RE 1,RE,SR 1.7,1,Password generation and lifetime restrictions for human users,2,0.519297,0.848171,,,
shellcheck,SC2307,"'expr' expects 3+ arguments but sees 1. Make sure each operator/operand is a separate argument, and escape <>&|.",SR 3.2 RE 1,RE,SR 3.2,3,Malicious code protection on entry and exit points,3,0.518282,0.839099,,,
shellcheck,SC2307,"'expr' expects 3+ arguments but sees 1. Make sure each operator/operand is a separate argument, and escape <>&|.",SR 3.3,SR,,3,Security functionality verification,4,0.51395,0.801242,,,
shellcheck,SC2307,"'expr' expects 3+ arguments but sees 1. Make sure each operator/operand is a separate argument, and escape <>&|.",SR 1.11,SR,,1,Unsuccessful login attempts,5,0.51226,0.786858,,,
shellcheck,SC2307,"'expr' expects 3+ arguments but sees 1. Make sure each operator/operand is a separate argument, and escape <>&|.",SR 1.7 RE 2,RE,SR 1.7,1,Password lifetime restrictions for all users,6,0.50843,0.755036,,,
shellcheck,SC2307,"'expr' expects 3+ arguments but sees 1. Make sure each operator/operand is a separate argument, and escape <>&|.",SR 3.7,SR,,3,Error handling,7,0.504171,0.720905,,,
shellcheck,SC2308,expr length has unspecified results. Prefer ${#var}.,SR 3.5,SR,,3,Input validation,1,0.52319,1.0,,,
shellcheck,SC2308,expr length has unspecified results. Prefer ${#var}.,SR 2.11,SR,,2,Timestamps,2,0.51822,0.948854,,,
shellcheck,SC2308,expr length has unspecified results. Prefer ${#var}.,SR 1.7,SR,,1,Strength of password-based authentication,3,0.505858,0.830862,,,
shellcheck,SC2308,expr length has unspecified results. Prefer ${#var}.,SR 1.7 RE 1,RE,SR 1.7,1,Password generation and lifetime restrictions for human users,4,0.491604,0.709998,,,
shellcheck,SC2308,expr length has unspecified results. Prefer ${#var}.,SR 1.7 RE 2,RE,SR 1.7,1,Password lifetime restrictions for all users,5,0.490926,0.70463,,,
shellcheck,SC2308,expr length has unspecified results. Prefer ${#var}.,SR 1.4,SR,,1,Identifier management,6,0.490531,0.701519,,,
shellcheck,SC2309,-eq treats this as a variable. Use = to compare as string (or expand explicitly with $var),SR 3.7,SR,,3,Error handling,1,0.508254,1.0,,,
shellcheck,SC2309,-eq treats this as a variable. Use = to compare as string (or expand explicitly with $var),SR 3.5,SR,,3,Input validation,2,0.50104,0.924391,,,
shellcheck,SC2309,-eq treats this as a variable. Use = to compare as string (or expand explicitly with $var),SR 1.4,SR,,1,Identifier management,3,0.500488,0.918801,,,
shellcheck,SC2309,-eq treats this as a variable. Use = to compare as string (or expand explicitly with $var),SR 1.11,SR,,1,Unsuccessful login attempts,4,0.500168,0.915573,,,
shellcheck,SC2309,-eq treats this as a variable. Use = to compare as string (or expand explicitly with $var),SR 3.6,SR,,3,Deterministic output,5,0.497251,0.886591,,,
shellcheck,SC2309,-eq treats this as a variable. Use = to compare as string (or expand explicitly with $var),SR 5.2 RE 3,RE,SR 5.2,5,Fail close,6,0.495401,0.868594,,,
shellcheck,SC2309,-eq treats this as a variable. Use = to compare as string (or expand explicitly with $var),SR 5.2 RE 1,RE,SR 5.2,5,"Deny by default, allow by exception",7,0.488985,0.808501,,,
shellcheck,SC2309,-eq treats this as a variable. Use = to compare as string (or expand explicitly with $var),SR 2.12 RE 1,RE,SR 2.12,2,Non-repudiation for all users,8,0.488013,0.799706,,,
shellcheck,SC2309,-eq treats this as a variable. Use = to compare as string (or expand explicitly with $var),SR 7.1,SR,,7,Denial of service protection,9,0.486713,0.788057,,,
shellcheck,SC2309,-eq treats this as a variable. Use = to compare as string (or expand explicitly with $var),SR 7.5,SR,,7,Emergency power,10,0.485807,0.78002,,,
shellcheck,SC2310,This function is invoked in an 'if' condition so set -e will be disabled. Invoke separately if failures should cause the script to exit.,SR 7.3 RE 1,RE,SR 7.3,7,Backup verification,1,0.616884,1.0,,,
shellcheck,SC2310,This function is invoked in an 'if' condition so set -e will be disabled. Invoke separately if failures should cause the script to exit.,SR 5.2 RE 3,RE,SR 5.2,5,Fail close,2,0.611627,0.954018,,,
shellcheck,SC2310,This function is invoked in an 'if' condition so set -e will be disabled. Invoke separately if failures should cause the script to exit.,SR 7.3,SR,,7,Control system backup,3,0.611448,0.952478,,,
shellcheck,SC2310,This function is invoked in an 'if' condition so set -e will be disabled. Invoke separately if failures should cause the script to exit.,SR 7.3 RE 2,RE,SR 7.3,7,Backup automation,4,0.601259,0.868397,,,
shellcheck,SC2310,This function is invoked in an 'if' condition so set -e will be disabled. Invoke separately if failures should cause the script to exit.,SR 7.1,SR,,7,Denial of service protection,5,0.586649,0.758506,,,
shellcheck,SC2310,This function is invoked in an 'if' condition so set -e will be disabled. Invoke separately if failures should cause the script to exit.,SR 2.10,SR,,2,Response to audit processing failures,6,0.582323,0.728253,,,
shellcheck,SC2310,This function is invoked in an 'if' condition so set -e will be disabled. Invoke separately if failures should cause the script to exit.,SR 3.3,SR,,3,Security functionality verification,7,0.578208,0.700393,,,
shellcheck,SC2310,This function is invoked in an 'if' condition so set -e will be disabled. Invoke separately if failures should cause the script to exit.,SR 3.6,SR,,3,Deterministic output,8,0.57719,0.69364,,,
shellcheck,SC2310,This function is invoked in an 'if' condition so set -e will be disabled. Invoke separately if failures should cause the script to exit.,SR 7.5,SR,,7,Emergency power,9,0.576768,0.690851,,,
shellcheck,SC2311,Bash implicitly disabled set -e for this function invocation because it's inside a command substitution. Add set -e; before it or enable inherit_errexit.,SR 1.11,SR,,1,Unsuccessful login attempts,1,0.533369,1.0,,,
shellcheck,SC2311,Bash implicitly disabled set -e for this function invocation because it's inside a command substitution. Add set -e; before it or enable inherit_errexit.,SR 7.7,SR,,7,Least functionality,2,0.530544,0.971213,,,
shellcheck,SC2311,Bash implicitly disabled set -e for this function invocation because it's inside a command substitution. Add set -e; before it or enable inherit_errexit.,SR 1.13 RE 1,RE,SR 1.13,1,Explicit access request approval,3,0.529843,0.964172,,,
shellcheck,SC2311,Bash implicitly disabled set -e for this function invocation because it's inside a command substitution. Add set -e; before it or enable inherit_errexit.,SR 7.1,SR,,7,Denial of service protection,4,0.527168,0.937703,,,
shellcheck,SC2311,Bash implicitly disabled set -e for this function invocation because it's inside a command substitution. Add set -e; before it or enable inherit_errexit.,SR 5.2 RE 1,RE,SR 5.2,5,"Deny by default, allow by exception",5,0.5265,0.931185,,,
shellcheck,SC2311,Bash implicitly disabled set -e for this function invocation because it's inside a command substitution. Add set -e; before it or enable inherit_errexit.,SR 3.5,SR,,3,Input validation,6,0.519972,0.869431,,,
shellcheck,SC2311,Bash implicitly disabled set -e for this function invocation because it's inside a command substitution. Add set -e; before it or enable inherit_errexit.,SR 3.6,SR,,3,Deterministic output,7,0.519064,0.861114,,,
shellcheck,SC2311,Bash implicitly disabled set -e for this function invocation because it's inside a command substitution. Add set -e; before it or enable inherit_errexit.,SR 3.7,SR,,3,Error handling,8,0.517132,0.84363,,,
shellcheck,SC2311,Bash implicitly disabled set -e for this function invocation because it's inside a command substitution. Add set -e; before it or enable inherit_errexit.,SR 5.2 RE 3,RE,SR 5.2,5,Fail close,9,0.516557,0.838487,,,
shellcheck,SC2311,Bash implicitly disabled set -e for this function invocation because it's inside a command substitution. Add set -e; before it or enable inherit_errexit.,SR 2.11 RE 2,RE,SR 2.11,2,Protection of time source integrity,10,0.510863,0.788901,,,
shellcheck,SC2312,Consider invoking this command separately to avoid masking its return value (or use '|| true' to ignore).,SR 3.2 RE 1,RE,SR 3.2,3,Malicious code protection on entry and exit points,1,0.568971,1.0,,,
shellcheck,SC2312,Consider invoking this command separately to avoid masking its return value (or use '|| true' to ignore).,SR 3.6,SR,,3,Deterministic output,2,0.566563,0.976941,,,
shellcheck,SC2312,Consider invoking this command separately to avoid masking its return value (or use '|| true' to ignore).,SR 3.7,SR,,3,Error handling,3,0.558499,0.90287,,,
shellcheck,SC2312,Consider invoking this command separately to avoid masking its return value (or use '|| true' to ignore).,SR 7.3,SR,,7,Control system backup,4,0.557311,0.892365,,,
shellcheck,SC2312,Consider invoking this command separately to avoid masking its return value (or use '|| true' to ignore).,SR 5.2 RE 3,RE,SR 5.2,5,Fail close,5,0.545946,0.79676,,,
shellcheck,SC2312,Consider invoking this command separately to avoid masking its return value (or use '|| true' to ignore).,SR 7.1,SR,,7,Denial of service protection,6,0.545025,0.789392,,,
shellcheck,SC2312,Consider invoking this command separately to avoid masking its return value (or use '|| true' to ignore).,SR 2.12 RE 1,RE,SR 2.12,2,Non-repudiation for all users,7,0.540414,0.75336,,,
shellcheck,SC2312,Consider invoking this command separately to avoid masking its return value (or use '|| true' to ignore).,SR 5.2 RE 2,RE,SR 5.2,5,Island mode,8,0.53487,0.711819,,,
shellcheck,SC2312,Consider invoking this command separately to avoid masking its return value (or use '|| true' to ignore).,SR 7.3 RE 1,RE,SR 7.3,7,Backup verification,9,0.534557,0.709534,,,
shellcheck,SC2312,Consider invoking this command separately to avoid masking its return value (or use '|| true' to ignore).,SR 3.2,SR,,3,Malicious code protection,10,0.53223,0.692712,,,
shellcheck,SC2313,Quote array indices to avoid them expanding as globs.,SR 2.9 RE 1,RE,SR 2.9,2,Warn when audit record storage capacity threshold reached,1,0.499662,1.0,,,
shellcheck,SC2313,Quote array indices to avoid them expanding as globs.,SR 3.5,SR,,3,Input validation,2,0.495375,0.953716,,,
shellcheck,SC2313,Quote array indices to avoid them expanding as globs.,SR 2.11,SR,,2,Timestamps,3,0.494681,0.946388,,,
shellcheck,SC2313,Quote array indices to avoid them expanding as globs.,SR 4.2,SR,,4,Information persistence,4,0.491993,0.918457,,,
shellcheck,SC2313,Quote array indices to avoid them expanding as globs.,SR 3.2 RE 1,RE,SR 3.2,3,Malicious code protection on entry and exit points,5,0.490298,0.901184,,,
shellcheck,SC2313,Quote array indices to avoid them expanding as globs.,SR 4.2 RE 1,RE,SR 4.2,4,Purging of shared memory resources,6,0.488843,0.886568,,,
shellcheck,SC2313,Quote array indices to avoid them expanding as globs.,SR 7.1 RE 1,RE,SR 7.1,7,Manage communication loads,7,0.48091,0.810278,,,
shellcheck,SC2313,Quote array indices to avoid them expanding as globs.,SR 3.7,SR,,3,Error handling,8,0.480852,0.809735,,,
shellcheck,SC2313,Quote array indices to avoid them expanding as globs.,SR 3.6,SR,,3,Deterministic output,9,0.480431,0.805852,,,
shellcheck,SC2313,Quote array indices to avoid them expanding as globs.,SR 2.11 RE 2,RE,SR 2.11,2,Protection of time source integrity,10,0.473822,0.746737,,,
shellcheck,SC2314,"In bats, ! does not cause a test failure.",SR 5.2 RE 3,RE,SR 5.2,5,Fail close,1,0.564964,1.0,,,
shellcheck,SC2314,"In bats, ! does not cause a test failure.",SR 3.7,SR,,3,Error handling,2,0.563265,0.983566,,,
shellcheck,SC2314,"In bats, ! does not cause a test failure.",SR 1.11,SR,,1,Unsuccessful login attempts,3,0.528536,0.693096,,,
shellcheck,SC2315,"In bats, ! does not cause a test failure. Fold the ! into the conditional!",SR 5.2 RE 3,RE,SR 5.2,5,Fail close,1,0.596346,1.0,,,
shellcheck,SC2315,"In bats, ! does not cause a test failure. Fold the ! into the conditional!",SR 3.7,SR,,3,Error handling,2,0.59465,0.984458,,,
shellcheck,SC2316,"This applies local to the variable named readonly, which is probably not what you want. Use a separate command or the appropriate declare options instead.",SR 5.2 RE 2,RE,SR 5.2,5,Island mode,1,0.591972,1.0,,,
shellcheck,SC2316,"This applies local to the variable named readonly, which is probably not what you want. Use a separate command or the appropriate declare options instead.",SR 4.2,SR,,4,Information persistence,2,0.584807,0.935225,,,
shellcheck,SC2316,"This applies local to the variable named readonly, which is probably not what you want. Use a separate command or the appropriate declare options instead.",SR 5.2 RE 3,RE,SR 5.2,5,Fail close,3,0.572428,0.831401,,,
shellcheck,SC2316,"This applies local to the variable named readonly, which is probably not what you want. Use a separate command or the appropriate declare options instead.",SR 3.6,SR,,3,Deterministic output,4,0.572223,0.829766,,,
shellcheck,SC2316,"This applies local to the variable named readonly, which is probably not what you want. Use a separate command or the appropriate declare options instead.",SR 1.11,SR,,1,Unsuccessful login attempts,5,0.569629,0.809284,,,
shellcheck,SC2316,"This applies local to the variable named readonly, which is probably not what you want. Use a separate command or the appropriate declare options instead.",SR 7.7,SR,,7,Least functionality,6,0.569058,0.80483,,,
shellcheck,SC2316,"This applies local to the variable named readonly, which is probably not what you want. Use a separate command or the appropriate declare options instead.",SR 3.2 RE 1,RE,SR 3.2,3,Malicious code protection on entry and exit points,7,0.566312,0.783708,,,
shellcheck,SC2316,"This applies local to the variable named readonly, which is probably not what you want. Use a separate command or the appropriate declare options instead.",SR 4.2 RE 1,RE,SR 4.2,4,Purging of shared memory resources,8,0.562354,0.75405,,,
shellcheck,SC2316,"This applies local to the variable named readonly, which is probably not what you want. Use a separate command or the appropriate declare options instead.",SR 3.2 RE 2,RE,SR 3.2,3,Central management and reporting for malicious code protection,9,0.557762,0.720798,,,
shellcheck,SC2316,"This applies local to the variable named readonly, which is probably not what you want. Use a separate command or the appropriate declare options instead.",SR 7.1 RE 1,RE,SR 7.1,7,Manage communication loads,10,0.557137,0.716367,,,
shellcheck,SC2317,Command appears to be unreachable. Check usage (or ignore if invoked indirectly).,SR 1.11,SR,,1,Unsuccessful login attempts,1,0.56935,1.0,,,
shellcheck,SC2317,Command appears to be unreachable. Check usage (or ignore if invoked indirectly).,SR 1.13 RE 1,RE,SR 1.13,1,Explicit access request approval,2,0.562679,0.937231,,,
shellcheck,SC2317,Command appears to be unreachable. Check usage (or ignore if invoked indirectly).,SR 3.7,SR,,3,Error handling,3,0.559465,0.908165,,,
shellcheck,SC2317,Command appears to be unreachable. Check usage (or ignore if invoked indirectly).,SR 7.6 RE 1,RE,SR 7.6,7,Machine-readable reporting of current security settings,4,0.555595,0.874143,,,
shellcheck,SC2317,Command appears to be unreachable. Check usage (or ignore if invoked indirectly).,SR 1.12,SR,,1,System use notification,5,0.555407,0.872523,,,
shellcheck,SC2317,Command appears to be unreachable. Check usage (or ignore if invoked indirectly).,SR 7.1 RE 1,RE,SR 7.1,7,Manage communication loads,6,0.555287,0.871481,,,
shellcheck,SC2317,Command appears to be unreachable. Check usage (or ignore if invoked indirectly).,SR 7.7,SR,,7,Least functionality,7,0.554354,0.86346,,,
shellcheck,SC2317,Command appears to be unreachable. Check usage (or ignore if invoked indirectly).,SR 1.7 RE 1,RE,SR 1.7,1,Password generation and lifetime restrictions for human users,8,0.551811,0.841896,,,
shellcheck,SC2317,Command appears to be unreachable. Check usage (or ignore if invoked indirectly).,SR 4.2,SR,,4,Information persistence,9,0.546982,0.802167,,,
shellcheck,SC2317,Command appears to be unreachable. Check usage (or ignore if invoked indirectly).,SR 5.2 RE 3,RE,SR 5.2,5,Fail close,10,0.546004,0.794313,,,
shellcheck,SC2318,"This assignment is used again in this declare, but won't have taken effect. Use two declares.",SR 2.4,SR,,2,Mobile code,1,0.520722,1.0,,,
shellcheck,SC2318,"This assignment is used again in this declare, but won't have taken effect. Use two declares.",SR 1.4,SR,,1,Identifier management,2,0.505434,0.848835,,,
shellcheck,SC2318,"This assignment is used again in this declare, but won't have taken effect. Use two declares.",SR 7.7,SR,,7,Least functionality,3,0.502225,0.819611,,,
shellcheck,SC2318,"This assignment is used again in this declare, but won't have taken effect. Use two declares.",SR 1.2 RE 1,RE,SR 1.2,1,Unique identification and authentication,4,0.501517,0.81328,,,
shellcheck,SC2318,"This assignment is used again in this declare, but won't have taken effect. Use two declares.",SR 3.2 RE 1,RE,SR 3.2,3,Malicious code protection on entry and exit points,5,0.501215,0.810592,,,
shellcheck,SC2318,"This assignment is used again in this declare, but won't have taken effect. Use two declares.",SR 1.11,SR,,1,Unsuccessful login attempts,6,0.499134,0.792247,,,
shellcheck,SC2318,"This assignment is used again in this declare, but won't have taken effect. Use two declares.",SR 1.7 RE 1,RE,SR 1.7,1,Password generation and lifetime restrictions for human users,7,0.499085,0.791824,,,
shellcheck,SC2318,"This assignment is used again in this declare, but won't have taken effect. Use two declares.",SR 3.6,SR,,3,Deterministic output,8,0.49581,0.763666,,,
shellcheck,SC2318,"This assignment is used again in this declare, but won't have taken effect. Use two declares.",SR 2.1 RE 4,RE,SR 2.1,2,Dual approval,9,0.494722,0.754494,,,
shellcheck,SC2318,"This assignment is used again in this declare, but won't have taken effect. Use two declares.",SR 7.8,SR,,7,Control system component inventory,10,0.494337,0.751272,,,
shellcheck,SC2319,"This $? refers to a condition, not a command. Assign to a variable to avoid it being overwritten.",SR 5.2 RE 3,RE,SR 5.2,5,Fail close,1,0.571706,1.0,,,
shellcheck,SC2319,"This $? refers to a condition, not a command. Assign to a variable to avoid it being overwritten.",SR 3.7,SR,,3,Error handling,2,0.557194,0.868128,,,
shellcheck,SC2319,"This $? refers to a condition, not a command. Assign to a variable to avoid it being overwritten.",SR 3.6,SR,,3,Deterministic output,3,0.551902,0.823734,,,
shellcheck,SC2319,"This $? refers to a condition, not a command. Assign to a variable to avoid it being overwritten.",SR 7.1,SR,,7,Denial of service protection,4,0.540112,0.731492,,,
shellcheck,SC2319,"This $? refers to a condition, not a command. Assign to a variable to avoid it being overwritten.",SR 1.13 RE 1,RE,SR 1.13,1,Explicit access request approval,5,0.534059,0.687526,,,
shellcheck,SC2320,"This $? refers to echo/printf, not a previous command. Assign to variable to avoid it being overwritten.",SR 3.6,SR,,3,Deterministic output,1,0.532979,1.0,,,
shellcheck,SC2320,"This $? refers to echo/printf, not a previous command. Assign to variable to avoid it being overwritten.",SR 5.2 RE 3,RE,SR 5.2,5,Fail close,2,0.532264,0.992641,,,
shellcheck,SC2320,"This $? refers to echo/printf, not a previous command. Assign to variable to avoid it being overwritten.",SR 3.7,SR,,3,Error handling,3,0.519178,0.865638,,,
shellcheck,SC2320,"This $? refers to echo/printf, not a previous command. Assign to variable to avoid it being overwritten.",SR 2.10,SR,,2,Response to audit processing failures,4,0.514894,0.82707,,,
shellcheck,SC2320,"This $? refers to echo/printf, not a previous command. Assign to variable to avoid it being overwritten.",SR 7.1,SR,,7,Denial of service protection,5,0.509186,0.777887,,,
shellcheck,SC2320,"This $? refers to echo/printf, not a previous command. Assign to variable to avoid it being overwritten.",SR 1.2,SR,,1,Software process and device identification and authentication,6,0.502165,0.720697,,,
shellcheck,SC2320,"This $? refers to echo/printf, not a previous command. Assign to variable to avoid it being overwritten.",SR 7.1 RE 1,RE,SR 7.1,7,Manage communication loads,7,0.501572,0.716027,,,
shellcheck,SC2320,"This $? refers to echo/printf, not a previous command. Assign to variable to avoid it being overwritten.",SR 1.2 RE 1,RE,SR 1.2,1,Unique identification and authentication,8,0.499951,0.703392,,,
shellcheck,SC2320,"This $? refers to echo/printf, not a previous command. Assign to variable to avoid it being overwritten.",SR 7.6 RE 1,RE,SR 7.6,7,Machine-readable reporting of current security settings,9,0.497384,0.683757,,,
shellcheck,SC2321,Array indices are already arithmetic contexts. Prefer removing the $(( and )).,SR 3.5,SR,,3,Input validation,1,0.544073,1.0,,,
shellcheck,SC2322,"In arithmetic contexts, ((x)) is the same as (x). Prefer only one layer of parentheses.",SR 3.5,SR,,3,Input validation,1,0.530589,1.0,,,
shellcheck,SC2322,"In arithmetic contexts, ((x)) is the same as (x). Prefer only one layer of parentheses.",SR 3.7,SR,,3,Error handling,2,0.514125,0.840831,,,
shellcheck,SC2322,"In arithmetic contexts, ((x)) is the same as (x). Prefer only one layer of parentheses.",SR 3.3,SR,,3,Security functionality verification,3,0.498035,0.705931,,,
shellcheck,SC2322,"In arithmetic contexts, ((x)) is the same as (x). Prefer only one layer of parentheses.",SR 2.11,SR,,2,Timestamps,4,0.497803,0.704122,,,
shellcheck,SC2322,"In arithmetic contexts, ((x)) is the same as (x). Prefer only one layer of parentheses.",SR 2.11 RE 2,RE,SR 2.11,2,Protection of time source integrity,5,0.497043,0.698232,,,
shellcheck,SC2322,"In arithmetic contexts, ((x)) is the same as (x). Prefer only one layer of parentheses.",SR 3.6,SR,,3,Deterministic output,6,0.495482,0.686258,,,
shellcheck,SC2323,a[(x)] is the same as a[x]. Prefer not wrapping in additional parentheses.,SR 3.5,SR,,3,Input validation,1,0.525513,1.0,,,
shellcheck,SC2324,"var+=1 will append, not increment. Use (( var += 1 )), declare -i var, or quote number to silence.",SR 3.8 RE 2,RE,SR 3.8,3,Unique session ID generation,1,0.484679,1.0,,,
shellcheck,SC2324,"var+=1 will append, not increment. Use (( var += 1 )), declare -i var, or quote number to silence.",SR 1.4,SR,,1,Identifier management,2,0.483334,0.984823,,,
shellcheck,SC2324,"var+=1 will append, not increment. Use (( var += 1 )), declare -i var, or quote number to silence.",SR 3.5,SR,,3,Input validation,3,0.483028,0.9814,,,
shellcheck,SC2324,"var+=1 will append, not increment. Use (( var += 1 )), declare -i var, or quote number to silence.",SR 3.8,SR,,3,Session integrity,4,0.476091,0.906348,,,
shellcheck,SC2324,"var+=1 will append, not increment. Use (( var += 1 )), declare -i var, or quote number to silence.",SR 1.11,SR,,1,Unsuccessful login attempts,5,0.475951,0.90488,,,
shellcheck,SC2324,"var+=1 will append, not increment. Use (( var += 1 )), declare -i var, or quote number to silence.",SR 3.8 RE 1,RE,SR 3.8,3,Invalidation of session IDs after session termination,6,0.468304,0.82776,,,
shellcheck,SC2324,"var+=1 will append, not increment. Use (( var += 1 )), declare -i var, or quote number to silence.",SR 3.8 RE 3,RE,SR 3.8,3,Randomness of session IDs,7,0.467719,0.82209,,,
shellcheck,SC2324,"var+=1 will append, not increment. Use (( var += 1 )), declare -i var, or quote number to silence.",SR 3.3,SR,,3,Security functionality verification,8,0.464829,0.79453,,,
shellcheck,SC2324,"var+=1 will append, not increment. Use (( var += 1 )), declare -i var, or quote number to silence.",SR 3.6,SR,,3,Deterministic output,9,0.464393,0.790444,,,
shellcheck,SC2324,"var+=1 will append, not increment. Use (( var += 1 )), declare -i var, or quote number to silence.",SR 1.2 RE 1,RE,SR 1.2,1,Unique identification and authentication,10,0.46399,0.786682,,,
shellcheck,SC2325,Multiple ! in front of pipelines are a bash/ksh extension. Use only 0 or 1.,SR 2.1 RE 4,RE,SR 2.1,2,Dual approval,1,0.524067,1.0,,,
shellcheck,SC2325,Multiple ! in front of pipelines are a bash/ksh extension. Use only 0 or 1.,SR 3.2 RE 1,RE,SR 3.2,3,Malicious code protection on entry and exit points,2,0.524012,0.999427,,,
shellcheck,SC2325,Multiple ! in front of pipelines are a bash/ksh extension. Use only 0 or 1.,SR 5.2 RE 3,RE,SR 5.2,5,Fail close,3,0.521608,0.974463,,,
shellcheck,SC2325,Multiple ! in front of pipelines are a bash/ksh extension. Use only 0 or 1.,SR 7.1,SR,,7,Denial of service protection,4,0.518558,0.943535,,,
shellcheck,SC2325,Multiple ! in front of pipelines are a bash/ksh extension. Use only 0 or 1.,SR 5.4,SR,,5,Application partitioning,5,0.517616,0.934151,,,
shellcheck,SC2325,Multiple ! in front of pipelines are a bash/ksh extension. Use only 0 or 1.,SR 5.2 RE 2,RE,SR 5.2,5,Island mode,6,0.513568,0.894666,,,
shellcheck,SC2325,Multiple ! in front of pipelines are a bash/ksh extension. Use only 0 or 1.,SR 4.2 RE 1,RE,SR 4.2,4,Purging of shared memory resources,7,0.511659,0.876536,,,
shellcheck,SC2325,Multiple ! in front of pipelines are a bash/ksh extension. Use only 0 or 1.,SR 7.1 RE 1,RE,SR 7.1,7,Manage communication loads,8,0.51049,0.865573,,,
shellcheck,SC2325,Multiple ! in front of pipelines are a bash/ksh extension. Use only 0 or 1.,SR 1.5 RE 1,RE,SR 1.5,1,Hardware security for software process identity credentials,9,0.506893,0.832559,,,
shellcheck,SC2325,Multiple ! in front of pipelines are a bash/ksh extension. Use only 0 or 1.,SR 3.7,SR,,3,Error handling,10,0.505838,0.823067,,,
shellcheck,SC2326,! is not allowed in the middle of pipelines. Use command group as in cmd | { ! cmd; } if necessary.,SR 5.2 RE 3,RE,SR 5.2,5,Fail close,1,0.587138,1.0,,,
shellcheck,SC2326,! is not allowed in the middle of pipelines. Use command group as in cmd | { ! cmd; } if necessary.,SR 7.1,SR,,7,Denial of service protection,2,0.563939,0.801134,,,
shellcheck,SC2326,! is not allowed in the middle of pipelines. Use command group as in cmd | { ! cmd; } if necessary.,SR 5.2 RE 2,RE,SR 5.2,5,Island mode,3,0.560038,0.771123,,,
shellcheck,SC2326,! is not allowed in the middle of pipelines. Use command group as in cmd | { ! cmd; } if necessary.,SR 3.7,SR,,3,Error handling,4,0.552865,0.718345,,,
shellcheck,SC2326,! is not allowed in the middle of pipelines. Use command group as in cmd | { ! cmd; } if necessary.,SR 3.6,SR,,3,Deterministic output,5,0.550767,0.703483,,,
shellcheck,SC2326,! is not allowed in the middle of pipelines. Use command group as in cmd | { ! cmd; } if necessary.,SR 1.11,SR,,1,Unsuccessful login attempts,6,0.548002,0.684274,,,
shellcheck,SC2327,This command substitution will be empty because the command's output gets redirected away.,SR 3.6,SR,,3,Deterministic output,1,0.56383,1.0,,,
shellcheck,SC2327,This command substitution will be empty because the command's output gets redirected away.,SR 3.7,SR,,3,Error handling,2,0.545189,0.831179,,,
shellcheck,SC2327,This command substitution will be empty because the command's output gets redirected away.,SR 5.2 RE 3,RE,SR 5.2,5,Fail close,3,0.541928,0.804195,,,
shellcheck,SC2327,This command substitution will be empty because the command's output gets redirected away.,SR 7.1,SR,,7,Denial of service protection,4,0.533821,0.740221,,,
shellcheck,SC2327,This command substitution will be empty because the command's output gets redirected away.,SR 7.7,SR,,7,Least functionality,5,0.533211,0.735576,,,
shellcheck,SC2327,This command substitution will be empty because the command's output gets redirected away.,SR 7.3,SR,,7,Control system backup,6,0.533063,0.734457,,,
shellcheck,SC2327,This command substitution will be empty because the command's output gets redirected away.,SR 3.3 RE 2,RE,SR 3.3,3,Security functionality verification during normal operation,7,0.530915,0.718325,,,
shellcheck,SC2327,This command substitution will be empty because the command's output gets redirected away.,SR 4.2,SR,,4,Information persistence,8,0.529329,0.706603,,,
shellcheck,SC2327,This command substitution will be empty because the command's output gets redirected away.,SR 7.3 RE 1,RE,SR 7.3,7,Backup verification,9,0.52844,0.700103,,,
shellcheck,SC2328,This redirection takes output away from the command substitution.,SR 3.6,SR,,3,Deterministic output,1,0.574927,1.0,,,
shellcheck,SC2328,This redirection takes output away from the command substitution.,SR 3.5,SR,,3,Input validation,2,0.570294,0.956481,,,
shellcheck,SC2328,This redirection takes output away from the command substitution.,SR 3.7,SR,,3,Error handling,3,0.567503,0.931015,,,
shellcheck,SC2329,This function is never invoked. Check usage (or ignored if invoked indirectly).,SR 5.2 RE 3,RE,SR 5.2,5,Fail close,1,0.5337,1.0,,,
shellcheck,SC2329,This function is never invoked. Check usage (or ignored if invoked indirectly).,SR 7.7,SR,,7,Least functionality,2,0.515541,0.826638,,,
shellcheck,SC2329,This function is never invoked. Check usage (or ignored if invoked indirectly).,SR 2.12 RE 1,RE,SR 2.12,2,Non-repudiation for all users,3,0.509847,0.777647,,,
shellcheck,SC2329,This function is never invoked. Check usage (or ignored if invoked indirectly).,SR 3.3,SR,,3,Security functionality verification,4,0.505777,0.744115,,,
shellcheck,SC2329,This function is never invoked. Check usage (or ignored if invoked indirectly).,SR 3.2 RE 1,RE,SR 3.2,3,Malicious code protection on entry and exit points,5,0.504761,0.735928,,,
shellcheck,SC2330,BusyBox [[ .. ]] does not support glob matching. Use a case statement.,SR 3.2 RE 1,RE,SR 3.2,3,Malicious code protection on entry and exit points,1,0.488106,1.0,,,
shellcheck,SC2330,BusyBox [[ .. ]] does not support glob matching. Use a case statement.,SR 2.9 RE 1,RE,SR 2.9,2,Warn when audit record storage capacity threshold reached,2,0.484439,0.959371,,,
shellcheck,SC2330,BusyBox [[ .. ]] does not support glob matching. Use a case statement.,SR 3.8 RE 3,RE,SR 3.8,3,Randomness of session IDs,3,0.477211,0.883243,,,
shellcheck,SC2330,BusyBox [[ .. ]] does not support glob matching. Use a case statement.,SR 1.11,SR,,1,Unsuccessful login attempts,4,0.47702,0.881298,,,
shellcheck,SC2330,BusyBox [[ .. ]] does not support glob matching. Use a case statement.,SR 1.7 RE 1,RE,SR 1.7,1,Password generation and lifetime restrictions for human users,5,0.47572,0.868165,,,
shellcheck,SC2330,BusyBox [[ .. ]] does not support glob matching. Use a case statement.,SR 5.3 RE 1,RE,SR 5.3,5,Prohibit all general purpose person-to-person communications,6,0.475446,0.865418,,,
shellcheck,SC2330,BusyBox [[ .. ]] does not support glob matching. Use a case statement.,SR 3.3,SR,,3,Security functionality verification,7,0.472129,0.832729,,,
shellcheck,SC2330,BusyBox [[ .. ]] does not support glob matching. Use a case statement.,SR 2.3 RE 1,RE,SR 2.3,2,Enforcement of security status of portable and mobile devices,8,0.471028,0.822105,,,
shellcheck,SC2330,BusyBox [[ .. ]] does not support glob matching. Use a case statement.,SR 1.13 RE 1,RE,SR 1.13,1,Explicit access request approval,9,0.470967,0.821525,,,
shellcheck,SC2330,BusyBox [[ .. ]] does not support glob matching. Use a case statement.,SR 7.3 RE 1,RE,SR 7.3,7,Backup verification,10,0.470546,0.817491,,,
shellcheck,SC2331,"For file existence, prefer standard -e over legacy -a.",SR 3.7,SR,,3,Error handling,1,0.53315,1.0,,,
shellcheck,SC2331,"For file existence, prefer standard -e over legacy -a.",SR 3.5,SR,,3,Input validation,2,0.533088,0.999368,,,
shellcheck,SC2331,"For file existence, prefer standard -e over legacy -a.",SR 3.3,SR,,3,Security functionality verification,3,0.52409,0.910042,,,
shellcheck,SC2331,"For file existence, prefer standard -e over legacy -a.",SR 7.3 RE 1,RE,SR 7.3,7,Backup verification,4,0.518206,0.855253,,,
shellcheck,SC2331,"For file existence, prefer standard -e over legacy -a.",SR 7.3,SR,,7,Control system backup,5,0.514482,0.82199,,,
shellcheck,SC2331,"For file existence, prefer standard -e over legacy -a.",SR 3.2 RE 1,RE,SR 3.2,3,Malicious code protection on entry and exit points,6,0.513043,0.809426,,,
shellcheck,SC2331,"For file existence, prefer standard -e over legacy -a.",SR 7.1,SR,,7,Denial of service protection,7,0.512714,0.806569,,,
shellcheck,SC2331,"For file existence, prefer standard -e over legacy -a.",SR 2.11,SR,,2,Timestamps,8,0.508105,0.767489,,,
shellcheck,SC2331,"For file existence, prefer standard -e over legacy -a.",SR 1.2,SR,,1,Software process and device identification and authentication,9,0.504857,0.740893,,,
shellcheck,SC2331,"For file existence, prefer standard -e over legacy -a.",SR 1.5 RE 1,RE,SR 1.5,1,Hardware security for software process identity credentials,10,0.504315,0.736533,,,
shellcheck,SC2332,[ ! -o opt ] is always true because -o becomes logical OR. Use [[ ]] or ! [ -o opt ].,SR 5.2 RE 3,RE,SR 5.2,5,Fail close,1,0.56134,1.0,,,
shellcheck,SC2332,[ ! -o opt ] is always true because -o becomes logical OR. Use [[ ]] or ! [ -o opt ].,SR 3.5,SR,,3,Input validation,2,0.5452,0.851756,,,
shellcheck,SC2332,[ ! -o opt ] is always true because -o becomes logical OR. Use [[ ]] or ! [ -o opt ].,SR 3.6,SR,,3,Deterministic output,3,0.533678,0.75734,,,
shellcheck,SC2332,[ ! -o opt ] is always true because -o becomes logical OR. Use [[ ]] or ! [ -o opt ].,SR 3.7,SR,,3,Error handling,4,0.524895,0.69128,,,
shellcheck,SC2332,[ ! -o opt ] is always true because -o becomes logical OR. Use [[ ]] or ! [ -o opt ].,SR 1.11,SR,,1,Unsuccessful login attempts,5,0.524443,0.688013,,,
shellcheck,SC2333,"You probably wanted || here, otherwise it's always false.",SR 3.5,SR,,3,Input validation,1,0.576874,1.0,,,
shellcheck,SC2333,"You probably wanted || here, otherwise it's always false.",SR 2.12 RE 1,RE,SR 2.12,2,Non-repudiation for all users,2,0.559006,0.841097,,,
shellcheck,SC2333,"You probably wanted || here, otherwise it's always false.",SR 3.3 RE 1,RE,SR 3.3,3,Automated mechanisms for security functionality verification,3,0.556483,0.820431,,,
shellcheck,SC2333,"You probably wanted || here, otherwise it's always false.",SR 2.4 RE 1,RE,SR 2.4,2,Mobile code integrity check,4,0.542326,0.712014,,,
shellcheck,SC2333,"You probably wanted || here, otherwise it's always false.",SR 5.2 RE 2,RE,SR 5.2,5,Island mode,5,0.541973,0.709464,,,
shellcheck,SC2333,"You probably wanted || here, otherwise it's always false.",SR 2.12,SR,,2,Non-repudiation,6,0.540135,0.696334,,,
shellcheck,SC2333,"You probably wanted || here, otherwise it's always false.",SR 3.3,SR,,3,Security functionality verification,7,0.53935,0.690786,,,
shellcheck,SC2334,"You probably wanted || here, otherwise it's always false.",SR 3.5,SR,,3,Input validation,1,0.575217,1.0,,,
shellcheck,SC2334,"You probably wanted || here, otherwise it's always false.",SR 3.2 RE 1,RE,SR 3.2,3,Malicious code protection on entry and exit points,2,0.5639,0.896474,,,
shellcheck,SC2334,"You probably wanted || here, otherwise it's always false.",SR 7.1,SR,,7,Denial of service protection,3,0.553211,0.806913,,,
shellcheck,SC2334,"You probably wanted || here, otherwise it's always false.",SR 1.5 RE 1,RE,SR 1.5,1,Hardware security for software process identity credentials,4,0.551893,0.796392,,,
shellcheck,SC2334,"You probably wanted || here, otherwise it's always false.",SR 3.6,SR,,3,Deterministic output,5,0.550949,0.78893,,,
shellcheck,SC2334,"You probably wanted || here, otherwise it's always false.",SR 2.12 RE 1,RE,SR 2.12,2,Non-repudiation for all users,6,0.548162,0.767229,,,
shellcheck,SC2334,"You probably wanted || here, otherwise it's always false.",SR 5.2 RE 3,RE,SR 5.2,5,Fail close,7,0.545072,0.743743,,,
shellcheck,SC2334,"You probably wanted || here, otherwise it's always false.",SR 2.9 RE 1,RE,SR 2.9,2,Warn when audit record storage capacity threshold reached,8,0.544222,0.737385,,,
shellcheck,SC2334,"You probably wanted || here, otherwise it's always false.",SR 1.11,SR,,1,Unsuccessful login attempts,9,0.543526,0.732211,,,
shellcheck,SC2334,"You probably wanted || here, otherwise it's always false.",SR 2.4 RE 1,RE,SR 2.4,2,Mobile code integrity check,10,0.540077,0.707019,,,
shellcheck,SC2335,"Use [ ""$var"" -ne 1 ] instead of [ ! ""$var"" -eq 1 ]",SR 3.5,SR,,3,Input validation,1,0.538031,1.0,,,
shellcheck,SC2335,"Use [ ""$var"" -ne 1 ] instead of [ ! ""$var"" -eq 1 ]",SR 3.6,SR,,3,Deterministic output,2,0.527618,0.898086,,,
shellcheck,SC2335,"Use [ ""$var"" -ne 1 ] instead of [ ! ""$var"" -eq 1 ]",SR 3.7,SR,,3,Error handling,3,0.513847,0.776504,,,
shellcheck,SC2335,"Use [ ""$var"" -ne 1 ] instead of [ ! ""$var"" -eq 1 ]",SR 5.2 RE 3,RE,SR 5.2,5,Fail close,4,0.501655,0.68044,,,
shellcheck,SC3001,"In POSIX sh, process substitution is undefined.",SR 1.2,SR,,1,Software process and device identification and authentication,1,0.506691,1.0,,,
shellcheck,SC3001,"In POSIX sh, process substitution is undefined.",SR 1.5 RE 1,RE,SR 1.5,1,Hardware security for software process identity credentials,2,0.503813,0.969148,,,
shellcheck,SC3001,"In POSIX sh, process substitution is undefined.",SR 3.7,SR,,3,Error handling,3,0.503303,0.963769,,,
shellcheck,SC3001,"In POSIX sh, process substitution is undefined.",SR 3.6,SR,,3,Deterministic output,4,0.502137,0.951551,,,
shellcheck,SC3001,"In POSIX sh, process substitution is undefined.",SR 2.10,SR,,2,Response to audit processing failures,5,0.500923,0.938969,,,
shellcheck,SC3001,"In POSIX sh, process substitution is undefined.",SR 3.5,SR,,3,Input validation,6,0.497234,0.901557,,,
shellcheck,SC3001,"In POSIX sh, process substitution is undefined.",SR 4.2 RE 1,RE,SR 4.2,4,Purging of shared memory resources,7,0.492004,0.850625,,,
shellcheck,SC3001,"In POSIX sh, process substitution is undefined.",SR 7.3,SR,,7,Control system backup,8,0.487109,0.805109,,,
shellcheck,SC3001,"In POSIX sh, process substitution is undefined.",SR 3.3,SR,,3,Security functionality verification,9,0.484227,0.779256,,,
shellcheck,SC3001,"In POSIX sh, process substitution is undefined.",SR 1.2 RE 1,RE,SR 1.2,1,Unique identification and authentication,10,0.473182,0.686383,,,
shellcheck,SC3002,"In POSIX sh, extglob is undefined.",SR 3.2 RE 1,RE,SR 3.2,3,Malicious code protection on entry and exit points,1,0.477978,1.0,,,
shellcheck,SC3002,"In POSIX sh, extglob is undefined.",SR 2.12 RE 1,RE,SR 2.12,2,Non-repudiation for all users,2,0.469809,0.909551,,,
shellcheck,SC3002,"In POSIX sh, extglob is undefined.",SR 5.2 RE 3,RE,SR 5.2,5,Fail close,3,0.460948,0.819113,,,
shellcheck,SC3002,"In POSIX sh, extglob is undefined.",SR 3.7,SR,,3,Error handling,4,0.460845,0.818109,,,
shellcheck,SC3002,"In POSIX sh, extglob is undefined.",SR 3.2,SR,,3,Malicious code protection,5,0.460387,0.813647,,,
shellcheck,SC3002,"In POSIX sh, extglob is undefined.",SR 4.2 RE 1,RE,SR 4.2,4,Purging of shared memory resources,6,0.457777,0.788599,,,
shellcheck,SC3002,"In POSIX sh, extglob is undefined.",SR 2.9 RE 1,RE,SR 2.9,2,Warn when audit record storage capacity threshold reached,7,0.456282,0.774532,,,
shellcheck,SC3002,"In POSIX sh, extglob is undefined.",SR 2.11,SR,,2,Timestamps,8,0.453722,0.750933,,,
shellcheck,SC3002,"In POSIX sh, extglob is undefined.",SR 3.3,SR,,3,Security functionality verification,9,0.449768,0.715644,,,
shellcheck,SC3002,"In POSIX sh, extglob is undefined.",SR 7.3,SR,,7,Control system backup,10,0.447918,0.6996,,,
shellcheck,SC3003,"In POSIX sh, $'..' is undefined.",SR 3.5,SR,,3,Input validation,1,0.527699,1.0,,,
shellcheck,SC3003,"In POSIX sh, $'..' is undefined.",SR 5.2 RE 3,RE,SR 5.2,5,Fail close,2,0.512062,0.847517,,,
shellcheck,SC3003,"In POSIX sh, $'..' is undefined.",SR 3.7,SR,,3,Error handling,3,0.506213,0.795622,,,
shellcheck,SC3003,"In POSIX sh, $'..' is undefined.",SR 3.3,SR,,3,Security functionality verification,4,0.504823,0.783685,,,
shellcheck,SC3003,"In POSIX sh, $'..' is undefined.",SR 3.6,SR,,3,Deterministic output,5,0.498166,0.728506,,,
shellcheck,SC3004,"In POSIX sh, $"".."" is undefined",SR 3.5,SR,,3,Input validation,1,0.527887,1.0,,,
shellcheck,SC3004,"In POSIX sh, $"".."" is undefined",SR 2.12 RE 1,RE,SR 2.12,2,Non-repudiation for all users,2,0.524259,0.962778,,,
shellcheck,SC3004,"In POSIX sh, $"".."" is undefined",SR 3.7,SR,,3,Error handling,3,0.523781,0.957954,,,
shellcheck,SC3004,"In POSIX sh, $"".."" is undefined",SR 1.4,SR,,1,Identifier management,4,0.521821,0.938412,,,
shellcheck,SC3004,"In POSIX sh, $"".."" is undefined",SR 3.3,SR,,3,Security functionality verification,5,0.518136,0.902533,,,
shellcheck,SC3004,"In POSIX sh, $"".."" is undefined",SR 4.2 RE 1,RE,SR 4.2,4,Purging of shared memory resources,6,0.502314,0.761007,,,
shellcheck,SC3004,"In POSIX sh, $"".."" is undefined",SR 1.5 RE 1,RE,SR 1.5,1,Hardware security for software process identity credentials,7,0.50069,0.747568,,,
shellcheck,SC3004,"In POSIX sh, $"".."" is undefined",SR 7.6 RE 1,RE,SR 7.6,7,Machine-readable reporting of current security settings,8,0.497842,0.72448,,,
shellcheck,SC3004,"In POSIX sh, $"".."" is undefined",SR 1.7 RE 1,RE,SR 1.7,1,Password generation and lifetime restrictions for human users,9,0.492915,0.685915,,,
shellcheck,SC3004,"In POSIX sh, $"".."" is undefined",SR 5.2 RE 3,RE,SR 5.2,5,Fail close,10,0.49273,0.684502,,,
shellcheck,SC3005,"In POSIX sh, arithmetic for loops are undefined.",SR 3.5,SR,,3,Input validation,1,0.496879,1.0,,,
shellcheck,SC3005,"In POSIX sh, arithmetic for loops are undefined.",SR 3.7,SR,,3,Error handling,2,0.496086,0.991258,,,
shellcheck,SC3005,"In POSIX sh, arithmetic for loops are undefined.",SR 3.6,SR,,3,Deterministic output,3,0.466358,0.705632,,,
shellcheck,SC3005,"In POSIX sh, arithmetic for loops are undefined.",SR 1.11,SR,,1,Unsuccessful login attempts,4,0.465166,0.69577,,,
shellcheck,SC3005,"In POSIX sh, arithmetic for loops are undefined.",SR 3.2 RE 1,RE,SR 3.2,3,Malicious code protection on entry and exit points,5,0.465032,0.694665,,,
shellcheck,SC3006,"In POSIX sh, standalone ((..)) is undefined.",SR 3.6,SR,,3,Deterministic output,1,0.518204,1.0,,,
shellcheck,SC3006,"In POSIX sh, standalone ((..)) is undefined.",SR 3.5,SR,,3,Input validation,2,0.508499,0.901244,,,
shellcheck,SC3006,"In POSIX sh, standalone ((..)) is undefined.",SR 3.7,SR,,3,Error handling,3,0.497847,0.802184,,,
shellcheck,SC3006,"In POSIX sh, standalone ((..)) is undefined.",SR 2.12 RE 1,RE,SR 2.12,2,Non-repudiation for all users,4,0.496881,0.793658,,,
shellcheck,SC3006,"In POSIX sh, standalone ((..)) is undefined.",SR 1.4,SR,,1,Identifier management,5,0.488433,0.722229,,,
shellcheck,SC3006,"In POSIX sh, standalone ((..)) is undefined.",SR 4.2,SR,,4,Information persistence,6,0.488217,0.72047,,,
shellcheck,SC3006,"In POSIX sh, standalone ((..)) is undefined.",SR 1.2 RE 1,RE,SR 1.2,1,Unique identification and authentication,7,0.487376,0.713676,,,
shellcheck,SC3006,"In POSIX sh, standalone ((..)) is undefined.",SR 5.2 RE 2,RE,SR 5.2,5,Island mode,8,0.486007,0.702719,,,
shellcheck,SC3006,"In POSIX sh, standalone ((..)) is undefined.",SR 5.2 RE 3,RE,SR 5.2,5,Fail close,9,0.485095,0.695493,,,
shellcheck,SC3006,"In POSIX sh, standalone ((..)) is undefined.",SR 7.1,SR,,7,Denial of service protection,10,0.483534,0.683274,,,
shellcheck,SC3007,"In POSIX sh, $[..] in place of $((..)) is undefined.",SR 3.7,SR,,3,Error handling,1,0.502998,1.0,,,
shellcheck,SC3007,"In POSIX sh, $[..] in place of $((..)) is undefined.",SR 3.5,SR,,3,Input validation,2,0.498405,0.950799,,,
shellcheck,SC3007,"In POSIX sh, $[..] in place of $((..)) is undefined.",SR 4.2 RE 1,RE,SR 4.2,4,Purging of shared memory resources,3,0.486795,0.835198,,,
shellcheck,SC3007,"In POSIX sh, $[..] in place of $((..)) is undefined.",SR 3.3,SR,,3,Security functionality verification,4,0.483136,0.801243,,,
shellcheck,SC3007,"In POSIX sh, $[..] in place of $((..)) is undefined.",SR 7.7,SR,,7,Least functionality,5,0.482362,0.794209,,,
shellcheck,SC3007,"In POSIX sh, $[..] in place of $((..)) is undefined.",SR 5.2 RE 3,RE,SR 5.2,5,Fail close,6,0.475639,0.735206,,,
shellcheck,SC3007,"In POSIX sh, $[..] in place of $((..)) is undefined.",SR 7.1,SR,,7,Denial of service protection,7,0.474188,0.722957,,,
shellcheck,SC3007,"In POSIX sh, $[..] in place of $((..)) is undefined.",SR 7.1 RE 1,RE,SR 7.1,7,Manage communication loads,8,0.473535,0.717498,,,
shellcheck,SC3007,"In POSIX sh, $[..] in place of $((..)) is undefined.",SR 4.2,SR,,4,Information persistence,9,0.471052,0.697046,,,
shellcheck,SC3007,"In POSIX sh, $[..] in place of $((..)) is undefined.",SR 3.2 RE 1,RE,SR 3.2,3,Malicious code protection on entry and exit points,10,0.469176,0.681919,,,
shellcheck,SC3008,"In POSIX sh, select loops are undefined.",SR 3.5,SR,,3,Input validation,1,0.53049,1.0,,,
shellcheck,SC3008,"In POSIX sh, select loops are undefined.",SR 3.7,SR,,3,Error handling,2,0.507166,0.780909,,,
shellcheck,SC3009,"In POSIX sh, brace expansion is undefined.",SR 1.11,SR,,1,Unsuccessful login attempts,1,0.496413,1.0,,,
shellcheck,SC3009,"In POSIX sh, brace expansion is undefined.",SR 3.5,SR,,3,Input validation,2,0.480223,0.833296,,,
shellcheck,SC3009,"In POSIX sh, brace expansion is undefined.",SR 5.2 RE 3,RE,SR 5.2,5,Fail close,3,0.479885,0.830082,,,
shellcheck,SC3010,"In POSIX sh, [[ ]] is undefined.",SR 3.6,SR,,3,Deterministic output,1,0.486586,1.0,,,
shellcheck,SC3010,"In POSIX sh, [[ ]] is undefined.",SR 3.7,SR,,3,Error handling,2,0.477504,0.901563,,,
shellcheck,SC3010,"In POSIX sh, [[ ]] is undefined.",SR 4.2 RE 1,RE,SR 4.2,4,Purging of shared memory resources,3,0.474728,0.873106,,,
shellcheck,SC3010,"In POSIX sh, [[ ]] is undefined.",SR 5.2 RE 3,RE,SR 5.2,5,Fail close,4,0.461381,0.746365,,,
shellcheck,SC3010,"In POSIX sh, [[ ]] is undefined.",SR 4.2,SR,,4,Information persistence,5,0.459417,0.72906,,,
shellcheck,SC3010,"In POSIX sh, [[ ]] is undefined.",SR 3.3,SR,,3,Security functionality verification,6,0.458781,0.723523,,,
shellcheck,SC3010,"In POSIX sh, [[ ]] is undefined.",SR 3.2 RE 1,RE,SR 3.2,3,Malicious code protection on entry and exit points,7,0.458571,0.721702,,,
shellcheck,SC3010,"In POSIX sh, [[ ]] is undefined.",SR 7.1,SR,,7,Denial of service protection,8,0.458374,0.720004,,,
shellcheck,SC3010,"In POSIX sh, [[ ]] is undefined.",SR 3.5,SR,,3,Input validation,9,0.456557,0.704442,,,
shellcheck,SC3010,"In POSIX sh, [[ ]] is undefined.",SR 7.7,SR,,7,Least functionality,10,0.455676,0.697002,,,
shellcheck,SC3011,"In POSIX sh, here-strings are undefined.",SR 3.5,SR,,3,Input validation,1,0.48985,1.0,,,
shellcheck,SC3011,"In POSIX sh, here-strings are undefined.",SR 3.7,SR,,3,Error handling,2,0.487719,0.976297,,,
shellcheck,SC3011,"In POSIX sh, here-strings are undefined.",SR 5.2 RE 3,RE,SR 5.2,5,Fail close,3,0.480726,0.901751,,,
shellcheck,SC3011,"In POSIX sh, here-strings are undefined.",SR 2.11,SR,,2,Timestamps,4,0.471808,0.813504,,,
shellcheck,SC3011,"In POSIX sh, here-strings are undefined.",SR 4.2 RE 1,RE,SR 4.2,4,Purging of shared memory resources,5,0.469306,0.790057,,,
shellcheck,SC3011,"In POSIX sh, here-strings are undefined.",SR 7.1,SR,,7,Denial of service protection,6,0.469244,0.789483,,,
shellcheck,SC3011,"In POSIX sh, here-strings are undefined.",SR 7.3,SR,,7,Control system backup,7,0.467939,0.777482,,,
shellcheck,SC3011,"In POSIX sh, here-strings are undefined.",SR 3.2 RE 1,RE,SR 3.2,3,Malicious code protection on entry and exit points,8,0.461486,0.720312,,,
shellcheck,SC3011,"In POSIX sh, here-strings are undefined.",SR 2.12 RE 1,RE,SR 2.12,2,Non-repudiation for all users,9,0.460764,0.714141,,,
shellcheck,SC3011,"In POSIX sh, here-strings are undefined.",SR 4.2,SR,,4,Information persistence,10,0.460256,0.709819,,,
shellcheck,SC3012,"In POSIX sh, lexicographical \< is undefined.",SR 3.5,SR,,3,Input validation,1,0.509044,1.0,,,
shellcheck,SC3012,"In POSIX sh, lexicographical \< is undefined.",SR 3.7,SR,,3,Error handling,2,0.502201,0.928273,,,
shellcheck,SC3012,"In POSIX sh, lexicographical \< is undefined.",SR 3.6,SR,,3,Deterministic output,3,0.495569,0.862817,,,
shellcheck,SC3012,"In POSIX sh, lexicographical \< is undefined.",SR 2.12 RE 1,RE,SR 2.12,2,Non-repudiation for all users,4,0.494299,0.85073,,,
shellcheck,SC3012,"In POSIX sh, lexicographical \< is undefined.",SR 2.4 RE 1,RE,SR 2.4,2,Mobile code integrity check,5,0.49382,0.846201,,,
shellcheck,SC3012,"In POSIX sh, lexicographical \< is undefined.",SR 5.2 RE 3,RE,SR 5.2,5,Fail close,6,0.487729,0.790373,,,
shellcheck,SC3012,"In POSIX sh, lexicographical \< is undefined.",SR 1.4,SR,,1,Identifier management,7,0.483205,0.750879,,,
shellcheck,SC3012,"In POSIX sh, lexicographical \< is undefined.",SR 3.2 RE 1,RE,SR 3.2,3,Malicious code protection on entry and exit points,8,0.483108,0.750052,,,
shellcheck,SC3012,"In POSIX sh, lexicographical \< is undefined.",SR 1.11,SR,,1,Unsuccessful login attempts,9,0.481427,0.735808,,,
shellcheck,SC3012,"In POSIX sh, lexicographical \< is undefined.",SR 2.9 RE 1,RE,SR 2.9,2,Warn when audit record storage capacity threshold reached,10,0.475076,0.683979,,,
shellcheck,SC3013,"In POSIX sh, -nt is undefined.",SR 3.7,SR,,3,Error handling,1,0.487374,1.0,,,
shellcheck,SC3013,"In POSIX sh, -nt is undefined.",SR 2.12 RE 1,RE,SR 2.12,2,Non-repudiation for all users,2,0.48335,0.955427,,,
shellcheck,SC3013,"In POSIX sh, -nt is undefined.",SR 3.5,SR,,3,Input validation,3,0.476955,0.887939,,,
shellcheck,SC3013,"In POSIX sh, -nt is undefined.",SR 3.6,SR,,3,Deterministic output,4,0.4751,0.869106,,,
shellcheck,SC3013,"In POSIX sh, -nt is undefined.",SR 3.3,SR,,3,Security functionality verification,5,0.470687,0.825628,,,
shellcheck,SC3013,"In POSIX sh, -nt is undefined.",SR 1.5 RE 1,RE,SR 1.5,1,Hardware security for software process identity credentials,6,0.464006,0.763192,,,
shellcheck,SC3013,"In POSIX sh, -nt is undefined.",SR 3.2,SR,,3,Malicious code protection,7,0.463553,0.759103,,,
shellcheck,SC3013,"In POSIX sh, -nt is undefined.",SR 1.11,SR,,1,Unsuccessful login attempts,8,0.46039,0.731051,,,
shellcheck,SC3013,"In POSIX sh, -nt is undefined.",SR 3.2 RE 1,RE,SR 3.2,3,Malicious code protection on entry and exit points,9,0.46003,0.727917,,,
shellcheck,SC3013,"In POSIX sh, -nt is undefined.",SR 5.2 RE 3,RE,SR 5.2,5,Fail close,10,0.459985,0.727525,,,
shellcheck,SC3014,"In POSIX sh, == in place of = is undefined.",SR 3.7,SR,,3,Error handling,1,0.471792,1.0,,,
shellcheck,SC3014,"In POSIX sh, == in place of = is undefined.",SR 3.6,SR,,3,Deterministic output,2,0.467387,0.949717,,,
shellcheck,SC3014,"In POSIX sh, == in place of = is undefined.",SR 3.5,SR,,3,Input validation,3,0.46553,0.929145,,,
shellcheck,SC3014,"In POSIX sh, == in place of = is undefined.",SR 5.2 RE 3,RE,SR 5.2,5,Fail close,4,0.461756,0.88847,,,
shellcheck,SC3014,"In POSIX sh, == in place of = is undefined.",SR 3.3,SR,,3,Security functionality verification,5,0.455502,0.824269,,,
shellcheck,SC3014,"In POSIX sh, == in place of = is undefined.",SR 1.4,SR,,1,Identifier management,6,0.443281,0.709752,,,
shellcheck,SC3014,"In POSIX sh, == in place of = is undefined.",SR 2.12 RE 1,RE,SR 2.12,2,Non-repudiation for all users,7,0.44324,0.709393,,,
shellcheck,SC3014,"In POSIX sh, == in place of = is undefined.",SR 7.3,SR,,7,Control system backup,8,0.443209,0.709122,,,
shellcheck,SC3014,"In POSIX sh, == in place of = is undefined.",SR 1.11,SR,,1,Unsuccessful login attempts,9,0.442405,0.702075,,,
shellcheck,SC3014,"In POSIX sh, == in place of = is undefined.",SR 7.1,SR,,7,Denial of service protection,10,0.441347,0.692892,,,
shellcheck,SC3015,"In POSIX sh, =~ regex matching is undefined.",SR 3.5,SR,,3,Input validation,1,0.508628,1.0,,,
shellcheck,SC3015,"In POSIX sh, =~ regex matching is undefined.",SR 3.2 RE 1,RE,SR 3.2,3,Malicious code protection on entry and exit points,2,0.501473,0.925038,,,
shellcheck,SC3015,"In POSIX sh, =~ regex matching is undefined.",SR 3.7,SR,,3,Error handling,3,0.497749,0.887886,,,
shellcheck,SC3015,"In POSIX sh, =~ regex matching is undefined.",SR 3.3,SR,,3,Security functionality verification,4,0.494408,0.855592,,,
shellcheck,SC3015,"In POSIX sh, =~ regex matching is undefined.",SR 3.2,SR,,3,Malicious code protection,5,0.491636,0.829541,,,
shellcheck,SC3015,"In POSIX sh, =~ regex matching is undefined.",SR 1.5 RE 1,RE,SR 1.5,1,Hardware security for software process identity credentials,6,0.489727,0.811979,,,
shellcheck,SC3015,"In POSIX sh, =~ regex matching is undefined.",SR 2.12 RE 1,RE,SR 2.12,2,Non-repudiation for all users,7,0.483038,0.752832,,,
shellcheck,SC3015,"In POSIX sh, =~ regex matching is undefined.",SR 1.2,SR,,1,Software process and device identification and authentication,8,0.478851,0.717635,,,
shellcheck,SC3015,"In POSIX sh, =~ regex matching is undefined.",SR 1.4,SR,,1,Identifier management,9,0.477753,0.708623,,,
shellcheck,SC3016,"In POSIX sh, unary -v (in place of [ -n ""${var+x}"" ]) is undefined.",SR 2.12 RE 1,RE,SR 2.12,2,Non-repudiation for all users,1,0.519833,1.0,,,
shellcheck,SC3016,"In POSIX sh, unary -v (in place of [ -n ""${var+x}"" ]) is undefined.",SR 3.6,SR,,3,Deterministic output,2,0.51163,0.916238,,,
shellcheck,SC3016,"In POSIX sh, unary -v (in place of [ -n ""${var+x}"" ]) is undefined.",SR 4.2 RE 1,RE,SR 4.2,4,Purging of shared memory resources,3,0.506649,0.868236,,,
shellcheck,SC3016,"In POSIX sh, unary -v (in place of [ -n ""${var+x}"" ]) is undefined.",SR 1.13,SR,,1,Access via untrusted networks,4,0.504888,0.851768,,,
shellcheck,SC3016,"In POSIX sh, unary -v (in place of [ -n ""${var+x}"" ]) is undefined.",SR 3.7,SR,,3,Error handling,5,0.50267,0.831393,,,
shellcheck,SC3016,"In POSIX sh, unary -v (in place of [ -n ""${var+x}"" ]) is undefined.",SR 2.12,SR,,2,Non-repudiation,6,0.495471,0.767976,,,
shellcheck,SC3016,"In POSIX sh, unary -v (in place of [ -n ""${var+x}"" ]) is undefined.",SR 7.1,SR,,7,Denial of service protection,7,0.488264,0.708519,,,
shellcheck,SC3016,"In POSIX sh, unary -v (in place of [ -n ""${var+x}"" ]) is undefined.",SR 1.1 RE 2,RE,SR 1.1,1,Multifactor authentication for untrusted networks,8,0.486952,0.698108,,,
shellcheck,SC3016,"In POSIX sh, unary -v (in place of [ -n ""${var+x}"" ]) is undefined.",SR 4.1 RE 1,RE,SR 4.1,4,Protection of confidentiality at rest or in transit via untrusted networks,9,0.484779,0.681143,,,
shellcheck,SC3017,"In POSIX sh, unary -a in place of -e is undefined.",SR 3.7,SR,,3,Error handling,1,0.498623,1.0,,,
shellcheck,SC3017,"In POSIX sh, unary -a in place of -e is undefined.",SR 3.6,SR,,3,Deterministic output,2,0.49604,0.971843,,,
shellcheck,SC3017,"In POSIX sh, unary -a in place of -e is undefined.",SR 2.12 RE 1,RE,SR 2.12,2,Non-repudiation for all users,3,0.489712,0.905582,,,
shellcheck,SC3017,"In POSIX sh, unary -a in place of -e is undefined.",SR 7.1,SR,,7,Denial of service protection,4,0.475883,0.773579,,,
shellcheck,SC3017,"In POSIX sh, unary -a in place of -e is undefined.",SR 3.2 RE 1,RE,SR 3.2,3,Malicious code protection on entry and exit points,5,0.475521,0.770345,,,
shellcheck,SC3017,"In POSIX sh, unary -a in place of -e is undefined.",SR 7.3,SR,,7,Control system backup,6,0.470293,0.724902,,,
shellcheck,SC3017,"In POSIX sh, unary -a in place of -e is undefined.",SR 7.3 RE 1,RE,SR 7.3,7,Backup verification,7,0.468723,0.711693,,,
shellcheck,SC3017,"In POSIX sh, unary -a in place of -e is undefined.",SR 7.5,SR,,7,Emergency power,8,0.46512,0.682122,,,
shellcheck,SC3018,"In POSIX sh, ++ is undefined.",SR 3.5,SR,,3,Input validation,1,0.471127,1.0,,,
shellcheck,SC3018,"In POSIX sh, ++ is undefined.",SR 1.4,SR,,1,Identifier management,2,0.470133,0.988446,,,
shellcheck,SC3018,"In POSIX sh, ++ is undefined.",SR 3.7,SR,,3,Error handling,3,0.468322,0.967686,,,
shellcheck,SC3018,"In POSIX sh, ++ is undefined.",SR 7.1 RE 1,RE,SR 7.1,7,Manage communication loads,4,0.461942,0.897375,,,
shellcheck,SC3018,"In POSIX sh, ++ is undefined.",SR 4.2 RE 1,RE,SR 4.2,4,Purging of shared memory resources,5,0.460914,0.886438,,,
shellcheck,SC3018,"In POSIX sh, ++ is undefined.",SR 5.2 RE 3,RE,SR 5.2,5,Fail close,6,0.457306,0.848943,,,
shellcheck,SC3018,"In POSIX sh, ++ is undefined.",SR 4.2,SR,,4,Information persistence,7,0.454747,0.823145,,,
shellcheck,SC3018,"In POSIX sh, ++ is undefined.",SR 1.5 RE 1,RE,SR 1.5,1,Hardware security for software process identity credentials,8,0.449118,0.768643,,,
shellcheck,SC3018,"In POSIX sh, ++ is undefined.",SR 3.3,SR,,3,Security functionality verification,9,0.446127,0.740906,,,
shellcheck,SC3018,"In POSIX sh, ++ is undefined.",SR 2.12 RE 1,RE,SR 2.12,2,Non-repudiation for all users,10,0.445447,0.734713,,,
shellcheck,SC3019,"In POSIX sh, exponentials are undefined.",SR 3.7,SR,,3,Error handling,1,0.482814,1.0,,,
shellcheck,SC3020,"In POSIX sh, &> is undefined.",SR 5.2 RE 3,RE,SR 5.2,5,Fail close,1,0.50461,1.0,,,
shellcheck,SC3020,"In POSIX sh, &> is undefined.",SR 3.7,SR,,3,Error handling,2,0.492659,0.876492,,,
shellcheck,SC3020,"In POSIX sh, &> is undefined.",SR 3.3,SR,,3,Security functionality verification,3,0.487181,0.824208,,,
shellcheck,SC3020,"In POSIX sh, &> is undefined.",SR 5.2 RE 2,RE,SR 5.2,5,Island mode,4,0.48704,0.8229,,,
shellcheck,SC3020,"In POSIX sh, &> is undefined.",SR 3.2 RE 1,RE,SR 3.2,3,Malicious code protection on entry and exit points,5,0.483849,0.793678,,,
shellcheck,SC3020,"In POSIX sh, &> is undefined.",SR 7.1,SR,,7,Denial of service protection,6,0.47536,0.72005,,,
shellcheck,SC3020,"In POSIX sh, &> is undefined.",SR 7.7,SR,,7,Least functionality,7,0.474501,0.712929,,,
shellcheck,SC3020,"In POSIX sh, &> is undefined.",SR 7.6 RE 1,RE,SR 7.6,7,Machine-readable reporting of current security settings,8,0.473398,0.703861,,,
shellcheck,SC3020,"In POSIX sh, &> is undefined.",SR 7.1 RE 1,RE,SR 7.1,7,Manage communication loads,9,0.471484,0.688347,,,
shellcheck,SC3021,"In POSIX sh, >& filename (as opposed to >& fd) is undefined.",SR 7.3,SR,,7,Control system backup,1,0.50939,1.0,,,
shellcheck,SC3021,"In POSIX sh, >& filename (as opposed to >& fd) is undefined.",SR 5.2 RE 3,RE,SR 5.2,5,Fail close,2,0.507099,0.975512,,,
shellcheck,SC3021,"In POSIX sh, >& filename (as opposed to >& fd) is undefined.",SR 1.4,SR,,1,Identifier management,3,0.5011,0.913711,,,
shellcheck,SC3021,"In POSIX sh, >& filename (as opposed to >& fd) is undefined.",SR 3.7,SR,,3,Error handling,4,0.486607,0.777503,,,
shellcheck,SC3021,"In POSIX sh, >& filename (as opposed to >& fd) is undefined.",SR 3.6,SR,,3,Deterministic output,5,0.482382,0.741095,,,
shellcheck,SC3022,"In POSIX sh, named file descriptors is undefined.",SR 1.4,SR,,1,Identifier management,1,0.51272,1.0,,,
shellcheck,SC3022,"In POSIX sh, named file descriptors is undefined.",SR 7.3,SR,,7,Control system backup,2,0.501676,0.88713,,,
shellcheck,SC3022,"In POSIX sh, named file descriptors is undefined.",SR 3.7,SR,,3,Error handling,3,0.497937,0.851372,,,
shellcheck,SC3022,"In POSIX sh, named file descriptors is undefined.",SR 3.6,SR,,3,Deterministic output,4,0.494225,0.817045,,,
shellcheck,SC3022,"In POSIX sh, named file descriptors is undefined.",SR 3.2 RE 1,RE,SR 3.2,3,Malicious code protection on entry and exit points,5,0.489831,0.777884,,,
shellcheck,SC3022,"In POSIX sh, named file descriptors is undefined.",SR 1.2,SR,,1,Software process and device identification and authentication,6,0.489531,0.775268,,,
shellcheck,SC3022,"In POSIX sh, named file descriptors is undefined.",SR 5.2 RE 3,RE,SR 5.2,5,Fail close,7,0.489475,0.774774,,,
shellcheck,SC3022,"In POSIX sh, named file descriptors is undefined.",SR 1.5 RE 1,RE,SR 1.5,1,Hardware security for software process identity credentials,8,0.488461,0.765992,,,
shellcheck,SC3022,"In POSIX sh, named file descriptors is undefined.",SR 7.6 RE 1,RE,SR 7.6,7,Machine-readable reporting of current security settings,9,0.484914,0.735888,,,
shellcheck,SC3022,"In POSIX sh, named file descriptors is undefined.",SR 3.2,SR,,3,Malicious code protection,10,0.48239,0.715074,,,
shellcheck,SC3023,"In POSIX sh, FDs outside 0-9 are undefined.",SR 3.7,SR,,3,Error handling,1,0.513062,1.0,,,
shellcheck,SC3023,"In POSIX sh, FDs outside 0-9 are undefined.",SR 5.2 RE 3,RE,SR 5.2,5,Fail close,2,0.512725,0.996392,,,
shellcheck,SC3023,"In POSIX sh, FDs outside 0-9 are undefined.",SR 3.3,SR,,3,Security functionality verification,3,0.506291,0.929531,,,
shellcheck,SC3023,"In POSIX sh, FDs outside 0-9 are undefined.",SR 1.11,SR,,1,Unsuccessful login attempts,4,0.499583,0.86379,,,
shellcheck,SC3023,"In POSIX sh, FDs outside 0-9 are undefined.",SR 3.6,SR,,3,Deterministic output,5,0.490322,0.779312,,,
shellcheck,SC3023,"In POSIX sh, FDs outside 0-9 are undefined.",SR 3.5,SR,,3,Input validation,6,0.489852,0.775208,,,
shellcheck,SC3023,"In POSIX sh, FDs outside 0-9 are undefined.",SR 7.7,SR,,7,Least functionality,7,0.485012,0.734012,,,
shellcheck,SC3023,"In POSIX sh, FDs outside 0-9 are undefined.",SR 7.1,SR,,7,Denial of service protection,8,0.482888,0.716503,,,
shellcheck,SC3023,"In POSIX sh, FDs outside 0-9 are undefined.",SR 7.3,SR,,7,Control system backup,9,0.481282,0.703493,,,
shellcheck,SC3023,"In POSIX sh, FDs outside 0-9 are undefined.",SR 2.9 RE 1,RE,SR 2.9,2,Warn when audit record storage capacity threshold reached,10,0.480048,0.693629,,,
shellcheck,SC3024,"In POSIX sh, += is undefined.",SR 3.7,SR,,3,Error handling,1,0.490557,1.0,,,
shellcheck,SC3024,"In POSIX sh, += is undefined.",SR 3.5,SR,,3,Input validation,2,0.489022,0.982912,,,
shellcheck,SC3024,"In POSIX sh, += is undefined.",SR 1.4,SR,,1,Identifier management,3,0.469885,0.789155,,,
shellcheck,SC3024,"In POSIX sh, += is undefined.",SR 3.3,SR,,3,Security functionality verification,4,0.46959,0.78643,,,
shellcheck,SC3024,"In POSIX sh, += is undefined.",SR 5.2 RE 3,RE,SR 5.2,5,Fail close,5,0.469189,0.782745,,,
shellcheck,SC3024,"In POSIX sh, += is undefined.",SR 3.2 RE 1,RE,SR 3.2,3,Malicious code protection on entry and exit points,6,0.465415,0.748733,,,
shellcheck,SC3024,"In POSIX sh, += is undefined.",SR 2.12 RE 1,RE,SR 2.12,2,Non-repudiation for all users,7,0.462115,0.719995,,,
shellcheck,SC3024,"In POSIX sh, += is undefined.",SR 3.2,SR,,3,Malicious code protection,8,0.458755,0.691674,,,
shellcheck,SC3025,"In POSIX sh, /dev/{tcp,udp} is undefined.",SR 7.1 RE 1,RE,SR 7.1,7,Manage communication loads,1,0.530801,1.0,,,
shellcheck,SC3025,"In POSIX sh, /dev/{tcp,udp} is undefined.",SR 7.1,SR,,7,Denial of service protection,2,0.530397,0.995817,,,
shellcheck,SC3025,"In POSIX sh, /dev/{tcp,udp} is undefined.",SR 3.7,SR,,3,Error handling,3,0.530062,0.992361,,,
shellcheck,SC3025,"In POSIX sh, /dev/{tcp,udp} is undefined.",SR 7.7,SR,,7,Least functionality,4,0.514152,0.839224,,,
shellcheck,SC3025,"In POSIX sh, /dev/{tcp,udp} is undefined.",SR 7.1 RE 2,RE,SR 7.1,7,Limit DoS effects to other systems or networks,5,0.513623,0.834487,,,
shellcheck,SC3025,"In POSIX sh, /dev/{tcp,udp} is undefined.",SR 5.2 RE 1,RE,SR 5.2,5,"Deny by default, allow by exception",6,0.513099,0.829815,,,
shellcheck,SC3025,"In POSIX sh, /dev/{tcp,udp} is undefined.",SR 5.2 RE 3,RE,SR 5.2,5,Fail close,7,0.507252,0.779123,,,
shellcheck,SC3025,"In POSIX sh, /dev/{tcp,udp} is undefined.",SR 3.6,SR,,3,Deterministic output,8,0.50475,0.758215,,,
shellcheck,SC3025,"In POSIX sh, /dev/{tcp,udp} is undefined.",SR 5.2 RE 2,RE,SR 5.2,5,Island mode,9,0.500096,0.720558,,,
shellcheck,SC3025,"In POSIX sh, /dev/{tcp,udp} is undefined.",SR 7.6,SR,,7,Network and security configuration settings,10,0.498646,0.709139,,,
shellcheck,SC3026,"In POSIX sh, ^ in place of ! in glob bracket expressions is undefined.",SR 3.5,SR,,3,Input validation,1,0.479344,1.0,,,
shellcheck,SC3026,"In POSIX sh, ^ in place of ! in glob bracket expressions is undefined.",SR 2.11,SR,,2,Timestamps,2,0.478942,0.995391,,,
shellcheck,SC3026,"In POSIX sh, ^ in place of ! in glob bracket expressions is undefined.",SR 2.9 RE 1,RE,SR 2.9,2,Warn when audit record storage capacity threshold reached,3,0.474738,0.948275,,,
shellcheck,SC3026,"In POSIX sh, ^ in place of ! in glob bracket expressions is undefined.",SR 3.2 RE 1,RE,SR 3.2,3,Malicious code protection on entry and exit points,4,0.459614,0.793599,,,
shellcheck,SC3026,"In POSIX sh, ^ in place of ! in glob bracket expressions is undefined.",SR 5.2 RE 3,RE,SR 5.2,5,Fail close,5,0.45873,0.785244,,,
shellcheck,SC3026,"In POSIX sh, ^ in place of ! in glob bracket expressions is undefined.",SR 7.3,SR,,7,Control system backup,6,0.452579,0.729051,,,
shellcheck,SC3026,"In POSIX sh, ^ in place of ! in glob bracket expressions is undefined.",SR 3.7,SR,,3,Error handling,7,0.451786,0.722056,,,
shellcheck,SC3026,"In POSIX sh, ^ in place of ! in glob bracket expressions is undefined.",SR 1.4,SR,,1,Identifier management,8,0.449554,0.702648,,,
shellcheck,SC3026,"In POSIX sh, ^ in place of ! in glob bracket expressions is undefined.",SR 3.2,SR,,3,Malicious code protection,9,0.449452,0.701777,,,
shellcheck,SC3028,"In POSIX sh, VARIABLE is undefined.",SR 3.8 RE 3,RE,SR 3.8,3,Randomness of session IDs,1,0.519111,1.0,,,
shellcheck,SC3028,"In POSIX sh, VARIABLE is undefined.",SR 3.7,SR,,3,Error handling,2,0.498058,0.796357,,,
shellcheck,SC3028,"In POSIX sh, VARIABLE is undefined.",SR 3.6,SR,,3,Deterministic output,3,0.489497,0.723924,,,
shellcheck,SC3029,"In POSIX sh, |& in place of 2>&1 | is undefined.",SR 3.5,SR,,3,Input validation,1,0.475011,1.0,,,
shellcheck,SC3029,"In POSIX sh, |& in place of 2>&1 | is undefined.",SR 5.2 RE 3,RE,SR 5.2,5,Fail close,2,0.472384,0.969953,,,
shellcheck,SC3029,"In POSIX sh, |& in place of 2>&1 | is undefined.",SR 2.1 RE 4,RE,SR 2.1,2,Dual approval,3,0.471077,0.955292,,,
shellcheck,SC3029,"In POSIX sh, |& in place of 2>&1 | is undefined.",SR 3.2 RE 1,RE,SR 3.2,3,Malicious code protection on entry and exit points,4,0.46119,0.850098,,,
shellcheck,SC3029,"In POSIX sh, |& in place of 2>&1 | is undefined.",SR 2.11 RE 1,RE,SR 2.11,2,Internal time synchronization,5,0.461099,0.849173,,,
shellcheck,SC3029,"In POSIX sh, |& in place of 2>&1 | is undefined.",SR 3.6,SR,,3,Deterministic output,6,0.455995,0.798752,,,
shellcheck,SC3029,"In POSIX sh, |& in place of 2>&1 | is undefined.",SR 3.3,SR,,3,Security functionality verification,7,0.452299,0.763782,,,
shellcheck,SC3029,"In POSIX sh, |& in place of 2>&1 | is undefined.",SR 5.2 RE 2,RE,SR 5.2,5,Island mode,8,0.446604,0.712366,,,
shellcheck,SC3029,"In POSIX sh, |& in place of 2>&1 | is undefined.",SR 2.11,SR,,2,Timestamps,9,0.443808,0.688178,,,
shellcheck,SC3029,"In POSIX sh, |& in place of 2>&1 | is undefined.",SR 2.12 RE 1,RE,SR 2.12,2,Non-repudiation for all users,10,0.443548,0.685966,,,
shellcheck,SC3030,"In POSIX sh, arrays are undefined.",SR 3.5,SR,,3,Input validation,1,0.514245,1.0,,,
shellcheck,SC3030,"In POSIX sh, arrays are undefined.",SR 3.6,SR,,3,Deterministic output,2,0.507005,0.924981,,,
shellcheck,SC3030,"In POSIX sh, arrays are undefined.",SR 7.1 RE 1,RE,SR 7.1,7,Manage communication loads,3,0.495366,0.814062,,,
shellcheck,SC3030,"In POSIX sh, arrays are undefined.",SR 1.4,SR,,1,Identifier management,4,0.494793,0.808899,,,
shellcheck,SC3030,"In POSIX sh, arrays are undefined.",SR 3.7,SR,,3,Error handling,5,0.494061,0.80234,,,
shellcheck,SC3030,"In POSIX sh, arrays are undefined.",SR 4.2 RE 1,RE,SR 4.2,4,Purging of shared memory resources,6,0.481293,0.694735,,,
shellcheck,SC3031,"In POSIX sh, redirecting from/to globs is undefined.",SR 3.2 RE 1,RE,SR 3.2,3,Malicious code protection on entry and exit points,1,0.51448,1.0,,,
shellcheck,SC3031,"In POSIX sh, redirecting from/to globs is undefined.",SR 2.11,SR,,2,Timestamps,2,0.512282,0.976726,,,
shellcheck,SC3031,"In POSIX sh, redirecting from/to globs is undefined.",SR 2.9 RE 1,RE,SR 2.9,2,Warn when audit record storage capacity threshold reached,3,0.497605,0.832415,,,
shellcheck,SC3031,"In POSIX sh, redirecting from/to globs is undefined.",SR 7.3,SR,,7,Control system backup,4,0.495757,0.815553,,,
shellcheck,SC3031,"In POSIX sh, redirecting from/to globs is undefined.",SR 5.2 RE 3,RE,SR 5.2,5,Fail close,5,0.49572,0.815213,,,
shellcheck,SC3031,"In POSIX sh, redirecting from/to globs is undefined.",SR 1.11,SR,,1,Unsuccessful login attempts,6,0.494507,0.804309,,,
shellcheck,SC3031,"In POSIX sh, redirecting from/to globs is undefined.",SR 2.11 RE 2,RE,SR 2.11,2,Protection of time source integrity,7,0.493903,0.798917,,,
shellcheck,SC3031,"In POSIX sh, redirecting from/to globs is undefined.",SR 3.7,SR,,3,Error handling,8,0.485792,0.729376,,,
shellcheck,SC3031,"In POSIX sh, redirecting from/to globs is undefined.",SR 2.8 RE 1,RE,SR 2.8,2,"Centrally managed, system-wide audit trail",9,0.485605,0.727831,,,
shellcheck,SC3031,"In POSIX sh, redirecting from/to globs is undefined.",SR 2.9,SR,,2,Audit storage capacity,10,0.481621,0.69559,,,
shellcheck,SC3032,"In POSIX sh, coproc is undefined.",SR 3.7,SR,,3,Error handling,1,0.50809,1.0,,,
shellcheck,SC3033,"In POSIX sh, naming functions outside [a-zA-Z][a-zA-Z0-9]* is undefined.",SR 5.2 RE 3,RE,SR 5.2,5,Fail close,1,0.533791,1.0,,,
shellcheck,SC3033,"In POSIX sh, naming functions outside [a-zA-Z][a-zA-Z0-9]* is undefined.",SR 3.3,SR,,3,Security functionality verification,2,0.524798,0.910785,,,
shellcheck,SC3033,"In POSIX sh, naming functions outside [a-zA-Z][a-zA-Z0-9]* is undefined.",SR 3.2 RE 1,RE,SR 3.2,3,Malicious code protection on entry and exit points,3,0.501074,0.706185,,,
shellcheck,SC3033,"In POSIX sh, naming functions outside [a-zA-Z][a-zA-Z0-9]* is undefined.",SR 3.7,SR,,3,Error handling,4,0.49954,0.694374,,,
shellcheck,SC3033,"In POSIX sh, naming functions outside [a-zA-Z][a-zA-Z0-9]* is undefined.",SR 7.7,SR,,7,Least functionality,5,0.499094,0.690974,,,
shellcheck,SC3034,"In POSIX sh, $(<file) is undefined.",SR 3.5,SR,,3,Input validation,1,0.503162,1.0,,,
shellcheck,SC3034,"In POSIX sh, $(<file) is undefined.",SR 3.7,SR,,3,Error handling,2,0.500382,0.969986,,,
shellcheck,SC3034,"In POSIX sh, $(<file) is undefined.",SR 7.3,SR,,7,Control system backup,3,0.492882,0.892672,,,
shellcheck,SC3034,"In POSIX sh, $(<file) is undefined.",SR 4.2,SR,,4,Information persistence,4,0.482484,0.793894,,,
shellcheck,SC3034,"In POSIX sh, $(<file) is undefined.",SR 4.2 RE 1,RE,SR 4.2,4,Purging of shared memory resources,5,0.477795,0.752377,,,
shellcheck,SC3034,"In POSIX sh, $(<file) is undefined.",SR 2.11,SR,,2,Timestamps,6,0.475873,0.735884,,,
shellcheck,SC3034,"In POSIX sh, $(<file) is undefined.",SR 3.4,SR,,3,Software and information integrity,7,0.472445,0.707195,,,
shellcheck,SC3034,"In POSIX sh, $(<file) is undefined.",SR 2.9 RE 1,RE,SR 2.9,2,Warn when audit record storage capacity threshold reached,8,0.470513,0.691437,,,
shellcheck,SC3034,"In POSIX sh, $(<file) is undefined.",SR 5.2 RE 3,RE,SR 5.2,5,Fail close,9,0.46994,0.686811,,,
shellcheck,SC3035,"In POSIX sh,  <file  is undefined.",SR 3.7,SR,,3,Error handling,1,0.469833,1.0,,,
shellcheck,SC3035,"In POSIX sh,  <file  is undefined.",SR 7.3,SR,,7,Control system backup,2,0.469204,0.99266,,,
shellcheck,SC3035,"In POSIX sh,  <file  is undefined.",SR 3.6,SR,,3,Deterministic output,3,0.454078,0.82895,,,
shellcheck,SC3035,"In POSIX sh,  <file  is undefined.",SR 5.2 RE 3,RE,SR 5.2,5,Fail close,4,0.452505,0.813274,,,
shellcheck,SC3035,"In POSIX sh,  <file  is undefined.",SR 3.3,SR,,3,Security functionality verification,5,0.449269,0.781803,,,
shellcheck,SC3035,"In POSIX sh,  <file  is undefined.",SR 3.2 RE 1,RE,SR 3.2,3,Malicious code protection on entry and exit points,6,0.446215,0.753014,,,
shellcheck,SC3035,"In POSIX sh,  <file  is undefined.",SR 3.5,SR,,3,Input validation,7,0.443771,0.730606,,,
shellcheck,SC3035,"In POSIX sh,  <file  is undefined.",SR 2.9 RE 1,RE,SR 2.9,2,Warn when audit record storage capacity threshold reached,8,0.441127,0.706983,,,
shellcheck,SC3035,"In POSIX sh,  <file  is undefined.",SR 2.11,SR,,2,Timestamps,9,0.439753,0.694956,,,
shellcheck,SC3035,"In POSIX sh,  <file  is undefined.",SR 4.2,SR,,4,Information persistence,10,0.439207,0.690227,,,
shellcheck,SC3036,"In Dash, echo flags besides -n are not supported.",SR 1.4,SR,,1,Identifier management,1,0.510937,1.0,,,
shellcheck,SC3036,"In Dash, echo flags besides -n are not supported.",SR 1.11,SR,,1,Unsuccessful login attempts,2,0.497187,0.860676,,,
shellcheck,SC3036,"In Dash, echo flags besides -n are not supported.",SR 2.12 RE 1,RE,SR 2.12,2,Non-repudiation for all users,3,0.496077,0.85016,,,
shellcheck,SC3036,"In Dash, echo flags besides -n are not supported.",SR 7.3,SR,,7,Control system backup,4,0.483572,0.73878,,,
shellcheck,SC3036,"In Dash, echo flags besides -n are not supported.",SR 3.7,SR,,3,Error handling,5,0.480574,0.713939,,,
shellcheck,SC3036,"In Dash, echo flags besides -n are not supported.",SR 1.7 RE 1,RE,SR 1.7,1,Password generation and lifetime restrictions for human users,6,0.480569,0.713896,,,
shellcheck,SC3036,"In Dash, echo flags besides -n are not supported.",SR 1.5 RE 1,RE,SR 1.5,1,Hardware security for software process identity credentials,7,0.477234,0.687074,,,
shellcheck,SC3037,"In POSIX sh, echo flags are undefined.",SR 3.7,SR,,3,Error handling,1,0.490314,1.0,,,
shellcheck,SC3037,"In POSIX sh, echo flags are undefined.",SR 3.6,SR,,3,Deterministic output,2,0.465249,0.749311,,,
shellcheck,SC3037,"In POSIX sh, echo flags are undefined.",SR 3.2 RE 1,RE,SR 3.2,3,Malicious code protection on entry and exit points,3,0.461987,0.720863,,,
shellcheck,SC3037,"In POSIX sh, echo flags are undefined.",SR 5.2 RE 3,RE,SR 5.2,5,Fail close,4,0.461877,0.719923,,,
shellcheck,SC3037,"In POSIX sh, echo flags are undefined.",SR 7.7,SR,,7,Least functionality,5,0.45763,0.684257,,,
shellcheck,SC3038,"In POSIX sh, exec flags are undefined.",SR 3.7,SR,,3,Error handling,1,0.513096,1.0,,,
shellcheck,SC3038,"In POSIX sh, exec flags are undefined.",SR 7.3,SR,,7,Control system backup,2,0.48002,0.69316,,,
shellcheck,SC3038,"In POSIX sh, exec flags are undefined.",SR 4.2,SR,,4,Information persistence,3,0.479711,0.690707,,,
shellcheck,SC3038,"In POSIX sh, exec flags are undefined.",SR 3.2 RE 1,RE,SR 3.2,3,Malicious code protection on entry and exit points,4,0.479392,0.688181,,,
shellcheck,SC3039,"In POSIX sh, let is undefined.",SR 3.5,SR,,3,Input validation,1,0.47008,1.0,,,
shellcheck,SC3039,"In POSIX sh, let is undefined.",SR 2.12 RE 1,RE,SR 2.12,2,Non-repudiation for all users,2,0.4531,0.81682,,,
shellcheck,SC3039,"In POSIX sh, let is undefined.",SR 3.3,SR,,3,Security functionality verification,3,0.44774,0.765069,,,
shellcheck,SC3039,"In POSIX sh, let is undefined.",SR 3.7,SR,,3,Error handling,4,0.446092,0.749704,,,
shellcheck,SC3039,"In POSIX sh, let is undefined.",SR 3.6,SR,,3,Deterministic output,5,0.44279,0.719691,,,
shellcheck,SC3039,"In POSIX sh, let is undefined.",SR 7.7,SR,,7,Least functionality,6,0.441746,0.710403,,,
shellcheck,SC3040,"In POSIX sh, set option [name] is undefined.",SR 5.2 RE 3,RE,SR 5.2,5,Fail close,1,0.6066,1.0,,,
shellcheck,SC3041,"In POSIX sh, set flag -E is undefined",SR 3.7,SR,,3,Error handling,1,0.489514,1.0,,,
shellcheck,SC3041,"In POSIX sh, set flag -E is undefined",SR 3.6,SR,,3,Deterministic output,2,0.487043,0.972544,,,
shellcheck,SC3041,"In POSIX sh, set flag -E is undefined",SR 3.2 RE 1,RE,SR 3.2,3,Malicious code protection on entry and exit points,3,0.473345,0.831315,,,
shellcheck,SC3041,"In POSIX sh, set flag -E is undefined",SR 1.11,SR,,1,Unsuccessful login attempts,4,0.472091,0.819277,,,
shellcheck,SC3041,"In POSIX sh, set flag -E is undefined",SR 2.12 RE 1,RE,SR 2.12,2,Non-repudiation for all users,5,0.468709,0.787511,,,
shellcheck,SC3041,"In POSIX sh, set flag -E is undefined",SR 7.5,SR,,7,Emergency power,6,0.468172,0.782563,,,
shellcheck,SC3041,"In POSIX sh, set flag -E is undefined",SR 1.5 RE 1,RE,SR 1.5,1,Hardware security for software process identity credentials,7,0.464529,0.74965,,,
shellcheck,SC3041,"In POSIX sh, set flag -E is undefined",SR 7.7,SR,,7,Least functionality,8,0.463455,0.74017,,,
shellcheck,SC3041,"In POSIX sh, set flag -E is undefined",SR 5.2 RE 2,RE,SR 5.2,5,Island mode,9,0.461893,0.726551,,,
shellcheck,SC3041,"In POSIX sh, set flag -E is undefined",SR 7.1,SR,,7,Denial of service protection,10,0.461453,0.722759,,,
shellcheck,SC3042,"In POSIX sh, set flag --default is undefined",SR 3.6,SR,,3,Deterministic output,1,0.482972,1.0,,,
shellcheck,SC3042,"In POSIX sh, set flag --default is undefined",SR 7.5,SR,,7,Emergency power,2,0.479989,0.966501,,,
shellcheck,SC3042,"In POSIX sh, set flag --default is undefined",SR 5.2 RE 1,RE,SR 5.2,5,"Deny by default, allow by exception",3,0.478448,0.949552,,,
shellcheck,SC3042,"In POSIX sh, set flag --default is undefined",SR 7.6,SR,,7,Network and security configuration settings,4,0.476921,0.933006,,,
shellcheck,SC3042,"In POSIX sh, set flag --default is undefined",SR 1.11,SR,,1,Unsuccessful login attempts,5,0.475916,0.922243,,,
shellcheck,SC3042,"In POSIX sh, set flag --default is undefined",SR 7.7,SR,,7,Least functionality,6,0.473669,0.898543,,,
shellcheck,SC3042,"In POSIX sh, set flag --default is undefined",SR 3.7,SR,,3,Error handling,7,0.473503,0.896815,,,
shellcheck,SC3042,"In POSIX sh, set flag --default is undefined",SR 7.1,SR,,7,Denial of service protection,8,0.473319,0.894908,,,
shellcheck,SC3042,"In POSIX sh, set flag --default is undefined",SR 2.11 RE 1,RE,SR 2.11,2,Internal time synchronization,9,0.469808,0.858996,,,
shellcheck,SC3042,"In POSIX sh, set flag --default is undefined",SR 3.2 RE 1,RE,SR 3.2,3,Malicious code protection on entry and exit points,10,0.46777,0.838704,,,
shellcheck,SC3043,"In POSIX sh, local is undefined.",SR 5.2 RE 3,RE,SR 5.2,5,Fail close,1,0.489128,1.0,,,
shellcheck,SC3043,"In POSIX sh, local is undefined.",SR 3.5,SR,,3,Input validation,2,0.485867,0.963885,,,
shellcheck,SC3043,"In POSIX sh, local is undefined.",SR 7.3,SR,,7,Control system backup,3,0.48413,0.945078,,,
shellcheck,SC3043,"In POSIX sh, local is undefined.",SR 3.7,SR,,3,Error handling,4,0.475402,0.855096,,,
shellcheck,SC3043,"In POSIX sh, local is undefined.",SR 3.3,SR,,3,Security functionality verification,5,0.4739,0.840341,,,
shellcheck,SC3043,"In POSIX sh, local is undefined.",SR 1.4,SR,,1,Identifier management,6,0.471733,0.819425,,,
shellcheck,SC3043,"In POSIX sh, local is undefined.",SR 4.2 RE 1,RE,SR 4.2,4,Purging of shared memory resources,7,0.470419,0.80695,,,
shellcheck,SC3043,"In POSIX sh, local is undefined.",SR 2.11 RE 1,RE,SR 2.11,2,Internal time synchronization,8,0.469706,0.800239,,,
shellcheck,SC3043,"In POSIX sh, local is undefined.",SR 7.7,SR,,7,Least functionality,9,0.466382,0.769587,,,
shellcheck,SC3043,"In POSIX sh, local is undefined.",SR 3.2 RE 1,RE,SR 3.2,3,Malicious code protection on entry and exit points,10,0.464515,0.752795,,,
shellcheck,SC3044,"In POSIX sh, declare is undefined.",SR 7.7,SR,,7,Least functionality,1,0.50414,1.0,,,
shellcheck,SC3044,"In POSIX sh, declare is undefined.",SR 3.5,SR,,3,Input validation,2,0.497182,0.926409,,,
shellcheck,SC3044,"In POSIX sh, declare is undefined.",SR 4.2,SR,,4,Information persistence,3,0.4937,0.891291,,,
shellcheck,SC3044,"In POSIX sh, declare is undefined.",SR 1.13 RE 1,RE,SR 1.13,1,Explicit access request approval,4,0.493044,0.884791,,,
shellcheck,SC3044,"In POSIX sh, declare is undefined.",SR 3.6,SR,,3,Deterministic output,5,0.492185,0.876344,,,
shellcheck,SC3044,"In POSIX sh, declare is undefined.",SR 5.2 RE 3,RE,SR 5.2,5,Fail close,6,0.490162,0.856721,,,
shellcheck,SC3044,"In POSIX sh, declare is undefined.",SR 5.2 RE 2,RE,SR 5.2,5,Island mode,7,0.487742,0.83371,,,
shellcheck,SC3044,"In POSIX sh, declare is undefined.",SR 3.7,SR,,3,Error handling,8,0.484748,0.805951,,,
shellcheck,SC3044,"In POSIX sh, declare is undefined.",SR 1.4,SR,,1,Identifier management,9,0.481581,0.777412,,,
shellcheck,SC3044,"In POSIX sh, declare is undefined.",SR 2.3,SR,,2,Use control for portable and mobile devices,10,0.480502,0.767884,,,
shellcheck,SC3045,"In POSIX sh, some-command-with-flag is undefined.",SR 7.7,SR,,7,Least functionality,1,0.52056,1.0,,,
shellcheck,SC3045,"In POSIX sh, some-command-with-flag is undefined.",SR 3.7,SR,,3,Error handling,2,0.512532,0.91807,,,
shellcheck,SC3045,"In POSIX sh, some-command-with-flag is undefined.",SR 2.12 RE 1,RE,SR 2.12,2,Non-repudiation for all users,3,0.508005,0.874352,,,
shellcheck,SC3045,"In POSIX sh, some-command-with-flag is undefined.",SR 1.11,SR,,1,Unsuccessful login attempts,4,0.507808,0.872493,,,
shellcheck,SC3045,"In POSIX sh, some-command-with-flag is undefined.",SR 5.2 RE 3,RE,SR 5.2,5,Fail close,5,0.500635,0.806825,,,
shellcheck,SC3045,"In POSIX sh, some-command-with-flag is undefined.",SR 3.3,SR,,3,Security functionality verification,6,0.498154,0.78508,,,
shellcheck,SC3045,"In POSIX sh, some-command-with-flag is undefined.",SR 4.2 RE 1,RE,SR 4.2,4,Purging of shared memory resources,7,0.497107,0.776049,,,
shellcheck,SC3045,"In POSIX sh, some-command-with-flag is undefined.",SR 3.2 RE 1,RE,SR 3.2,3,Malicious code protection on entry and exit points,8,0.489754,0.714978,,,
shellcheck,SC3045,"In POSIX sh, some-command-with-flag is undefined.",SR 3.5,SR,,3,Input validation,9,0.489558,0.713404,,,
shellcheck,SC3046,"In POSIX sh, source in place of . is undefined.",SR 2.11 RE 2,RE,SR 2.11,2,Protection of time source integrity,1,0.454103,1.0,,,
shellcheck,SC3046,"In POSIX sh, source in place of . is undefined.",SR 3.7,SR,,3,Error handling,2,0.448776,0.937159,,,
shellcheck,SC3046,"In POSIX sh, source in place of . is undefined.",SR 3.5,SR,,3,Input validation,3,0.447813,0.926153,,,
shellcheck,SC3046,"In POSIX sh, source in place of . is undefined.",SR 3.2 RE 1,RE,SR 3.2,3,Malicious code protection on entry and exit points,4,0.447303,0.920368,,,
shellcheck,SC3046,"In POSIX sh, source in place of . is undefined.",SR 7.3,SR,,7,Control system backup,5,0.435578,0.795268,,,
shellcheck,SC3046,"In POSIX sh, source in place of . is undefined.",SR 4.2 RE 1,RE,SR 4.2,4,Purging of shared memory resources,6,0.433764,0.777228,,,
shellcheck,SC3046,"In POSIX sh, source in place of . is undefined.",SR 1.5 RE 1,RE,SR 1.5,1,Hardware security for software process identity credentials,7,0.428837,0.729892,,,
shellcheck,SC3046,"In POSIX sh, source in place of . is undefined.",SR 2.11,SR,,2,Timestamps,8,0.428819,0.729725,,,
shellcheck,SC3046,"In POSIX sh, source in place of . is undefined.",SR 3.2,SR,,3,Malicious code protection,9,0.426665,0.709791,,,
shellcheck,SC3046,"In POSIX sh, source in place of . is undefined.",SR 3.3,SR,,3,Security functionality verification,10,0.425039,0.695039,,,
shellcheck,SC3047,"In POSIX sh, trapping ERR is undefined.",SR 5.2 RE 3,RE,SR 5.2,5,Fail close,1,0.571374,1.0,,,
shellcheck,SC3047,"In POSIX sh, trapping ERR is undefined.",SR 3.7,SR,,3,Error handling,2,0.562472,0.917266,,,
shellcheck,SC3048,"In POSIX sh, prefixing signal names with 'SIG' is undefined.",SR 3.7,SR,,3,Error handling,1,0.552144,1.0,,,
shellcheck,SC3048,"In POSIX sh, prefixing signal names with 'SIG' is undefined.",SR 5.2 RE 3,RE,SR 5.2,5,Fail close,2,0.546226,0.942454,,,
shellcheck,SC3048,"In POSIX sh, prefixing signal names with 'SIG' is undefined.",SR 3.3,SR,,3,Security functionality verification,3,0.524118,0.750879,,,
shellcheck,SC3048,"In POSIX sh, prefixing signal names with 'SIG' is undefined.",SR 1.4,SR,,1,Identifier management,4,0.516944,0.696069,,,
shellcheck,SC3049,"In POSIX sh, using lower/mixed case for signal names is undefined.",SR 3.7,SR,,3,Error handling,1,0.567859,1.0,,,
shellcheck,SC3049,"In POSIX sh, using lower/mixed case for signal names is undefined.",SR 5.2 RE 3,RE,SR 5.2,5,Fail close,2,0.545123,0.798725,,,
shellcheck,SC3049,"In POSIX sh, using lower/mixed case for signal names is undefined.",SR 7.7,SR,,7,Least functionality,3,0.535954,0.727575,,,
shellcheck,SC3049,"In POSIX sh, using lower/mixed case for signal names is undefined.",SR 3.2 RE 1,RE,SR 3.2,3,Malicious code protection on entry and exit points,4,0.530229,0.68584,,,
shellcheck,SC3050,"In POSIX sh, printf %q is undefined.",SR 7.6 RE 1,RE,SR 7.6,7,Machine-readable reporting of current security settings,1,0.494463,1.0,,,
shellcheck,SC3050,"In POSIX sh, printf %q is undefined.",SR 5.2 RE 3,RE,SR 5.2,5,Fail close,2,0.492838,0.982061,,,
shellcheck,SC3050,"In POSIX sh, printf %q is undefined.",SR 3.6,SR,,3,Deterministic output,3,0.491407,0.966478,,,
shellcheck,SC3050,"In POSIX sh, printf %q is undefined.",SR 4.1 RE 1,RE,SR 4.1,4,Protection of confidentiality at rest or in transit via untrusted networks,4,0.490678,0.958627,,,
shellcheck,SC3050,"In POSIX sh, printf %q is undefined.",SR 3.2 RE 1,RE,SR 3.2,3,Malicious code protection on entry and exit points,5,0.488932,0.940014,,,
shellcheck,SC3050,"In POSIX sh, printf %q is undefined.",SR 2.6,SR,,2,Remote session termination,6,0.488132,0.931586,,,
shellcheck,SC3050,"In POSIX sh, printf %q is undefined.",SR 1.7 RE 1,RE,SR 1.7,1,Password generation and lifetime restrictions for human users,7,0.486357,0.913104,,,
shellcheck,SC3050,"In POSIX sh, printf %q is undefined.",SR 1.5 RE 1,RE,SR 1.5,1,Hardware security for software process identity credentials,8,0.485889,0.908279,,,
shellcheck,SC3050,"In POSIX sh, printf %q is undefined.",SR 3.7,SR,,3,Error handling,9,0.480689,0.856088,,,
shellcheck,SC3050,"In POSIX sh, printf %q is undefined.",SR 7.1,SR,,7,Denial of service protection,10,0.47777,0.827886,,,
shellcheck,SC3051,"In POSIX sh, source in place of . is undefined",SR 3.7,SR,,3,Error handling,1,0.465571,1.0,,,
shellcheck,SC3051,"In POSIX sh, source in place of . is undefined",SR 3.2 RE 1,RE,SR 3.2,3,Malicious code protection on entry and exit points,2,0.459305,0.928182,,,
shellcheck,SC3051,"In POSIX sh, source in place of . is undefined",SR 2.11 RE 2,RE,SR 2.11,2,Protection of time source integrity,3,0.456567,0.898148,,,
shellcheck,SC3051,"In POSIX sh, source in place of . is undefined",SR 4.2 RE 1,RE,SR 4.2,4,Purging of shared memory resources,4,0.451863,0.848425,,,
shellcheck,SC3051,"In POSIX sh, source in place of . is undefined",SR 7.3,SR,,7,Control system backup,5,0.447492,0.804259,,,
shellcheck,SC3051,"In POSIX sh, source in place of . is undefined",SR 3.5,SR,,3,Input validation,6,0.445062,0.78053,,,
shellcheck,SC3051,"In POSIX sh, source in place of . is undefined",SR 3.2,SR,,3,Malicious code protection,7,0.444685,0.776895,,,
shellcheck,SC3051,"In POSIX sh, source in place of . is undefined",SR 3.6,SR,,3,Deterministic output,8,0.443098,0.76177,,,
shellcheck,SC3051,"In POSIX sh, source in place of . is undefined",SR 3.3,SR,,3,Security functionality verification,9,0.441787,0.749456,,,
shellcheck,SC3051,"In POSIX sh, source in place of . is undefined",SR 2.11,SR,,2,Timestamps,10,0.440411,0.736709,,,
shellcheck,SC3052,"In POSIX sh, arithmetic base conversion is undefined",SR 3.7,SR,,3,Error handling,1,0.485951,1.0,,,
shellcheck,SC3052,"In POSIX sh, arithmetic base conversion is undefined",SR 3.3,SR,,3,Security functionality verification,2,0.472781,0.859744,,,
shellcheck,SC3052,"In POSIX sh, arithmetic base conversion is undefined",SR 3.5,SR,,3,Input validation,3,0.471445,0.846466,,,
shellcheck,SC3052,"In POSIX sh, arithmetic base conversion is undefined",SR 1.5 RE 1,RE,SR 1.5,1,Hardware security for software process identity credentials,4,0.459495,0.734993,,,
shellcheck,SC3052,"In POSIX sh, arithmetic base conversion is undefined",SR 2.11 RE 1,RE,SR 2.11,2,Internal time synchronization,5,0.453152,0.680895,,,
shellcheck,SC3053,"In POSIX sh, indirect expansion is undefined.",SR 3.7,SR,,3,Error handling,1,0.459807,1.0,,,
shellcheck,SC3053,"In POSIX sh, indirect expansion is undefined.",SR 5.2 RE 3,RE,SR 5.2,5,Fail close,2,0.458471,0.984125,,,
shellcheck,SC3053,"In POSIX sh, indirect expansion is undefined.",SR 3.5,SR,,3,Input validation,3,0.45278,0.918784,,,
shellcheck,SC3053,"In POSIX sh, indirect expansion is undefined.",SR 1.4,SR,,1,Identifier management,4,0.443957,0.824535,,,
shellcheck,SC3053,"In POSIX sh, indirect expansion is undefined.",SR 5.2 RE 2,RE,SR 5.2,5,Island mode,5,0.443809,0.823025,,,
shellcheck,SC3053,"In POSIX sh, indirect expansion is undefined.",SR 1.13 RE 1,RE,SR 1.13,1,Explicit access request approval,6,0.440802,0.792817,,,
shellcheck,SC3053,"In POSIX sh, indirect expansion is undefined.",SR 5.2 RE 1,RE,SR 5.2,5,"Deny by default, allow by exception",7,0.439161,0.776718,,,
shellcheck,SC3053,"In POSIX sh, indirect expansion is undefined.",SR 3.2 RE 1,RE,SR 3.2,3,Malicious code protection on entry and exit points,8,0.437935,0.764871,,,
shellcheck,SC3053,"In POSIX sh, indirect expansion is undefined.",SR 3.6,SR,,3,Deterministic output,9,0.437911,0.764639,,,
shellcheck,SC3053,"In POSIX sh, indirect expansion is undefined.",SR 7.3,SR,,7,Control system backup,10,0.434904,0.736208,,,
shellcheck,SC3054,"In POSIX sh, array references are undefined.",SR 3.6,SR,,3,Deterministic output,1,0.480315,1.0,,,
shellcheck,SC3054,"In POSIX sh, array references are undefined.",SR 3.5,SR,,3,Input validation,2,0.478953,0.984505,,,
shellcheck,SC3054,"In POSIX sh, array references are undefined.",SR 1.4,SR,,1,Identifier management,3,0.475082,0.941533,,,
shellcheck,SC3054,"In POSIX sh, array references are undefined.",SR 4.2 RE 1,RE,SR 4.2,4,Purging of shared memory resources,4,0.474445,0.934604,,,
shellcheck,SC3054,"In POSIX sh, array references are undefined.",SR 3.7,SR,,3,Error handling,5,0.461831,0.805871,,,
shellcheck,SC3054,"In POSIX sh, array references are undefined.",SR 5.2 RE 3,RE,SR 5.2,5,Fail close,6,0.450029,0.698925,,,
shellcheck,SC3054,"In POSIX sh, array references are undefined.",SR 7.1 RE 1,RE,SR 7.1,7,Manage communication loads,7,0.448677,0.687452,,,
shellcheck,SC3055,"In POSIX sh, array key expansion is undefined.",SR 3.6,SR,,3,Deterministic output,1,0.475225,1.0,,,
shellcheck,SC3055,"In POSIX sh, array key expansion is undefined.",SR 3.3,SR,,3,Security functionality verification,2,0.468422,0.923755,,,
shellcheck,SC3055,"In POSIX sh, array key expansion is undefined.",SR 2.9 RE 1,RE,SR 2.9,2,Warn when audit record storage capacity threshold reached,3,0.467949,0.918638,,,
shellcheck,SC3055,"In POSIX sh, array key expansion is undefined.",SR 1.5 RE 1,RE,SR 1.5,1,Hardware security for software process identity credentials,4,0.466793,0.906227,,,
shellcheck,SC3055,"In POSIX sh, array key expansion is undefined.",SR 3.2 RE 1,RE,SR 3.2,3,Malicious code protection on entry and exit points,5,0.466723,0.905481,,,
shellcheck,SC3055,"In POSIX sh, array key expansion is undefined.",SR 1.7 RE 1,RE,SR 1.7,1,Password generation and lifetime restrictions for human users,6,0.465203,0.889386,,,
shellcheck,SC3055,"In POSIX sh, array key expansion is undefined.",SR 1.11,SR,,1,Unsuccessful login attempts,7,0.459692,0.832955,,,
shellcheck,SC3055,"In POSIX sh, array key expansion is undefined.",SR 2.11,SR,,2,Timestamps,8,0.459502,0.831059,,,
shellcheck,SC3055,"In POSIX sh, array key expansion is undefined.",SR 4.2 RE 1,RE,SR 4.2,4,Purging of shared memory resources,9,0.458055,0.816776,,,
shellcheck,SC3055,"In POSIX sh, array key expansion is undefined.",SR 3.7,SR,,3,Error handling,10,0.455137,0.788558,,,
shellcheck,SC3056,"In POSIX sh, name matching prefixes are undefined.",SR 1.5 RE 1,RE,SR 1.5,1,Hardware security for software process identity credentials,1,0.503526,1.0,,,
shellcheck,SC3056,"In POSIX sh, name matching prefixes are undefined.",SR 1.4,SR,,1,Identifier management,2,0.498926,0.950773,,,
shellcheck,SC3056,"In POSIX sh, name matching prefixes are undefined.",SR 3.7,SR,,3,Error handling,3,0.493152,0.89181,,,
shellcheck,SC3056,"In POSIX sh, name matching prefixes are undefined.",SR 2.4 RE 1,RE,SR 2.4,2,Mobile code integrity check,4,0.490179,0.862638,,,
shellcheck,SC3056,"In POSIX sh, name matching prefixes are undefined.",SR 5.2 RE 3,RE,SR 5.2,5,Fail close,5,0.489755,0.858549,,,
shellcheck,SC3056,"In POSIX sh, name matching prefixes are undefined.",SR 2.3 RE 1,RE,SR 2.3,2,Enforcement of security status of portable and mobile devices,6,0.484295,0.807209,,,
shellcheck,SC3056,"In POSIX sh, name matching prefixes are undefined.",SR 3.5,SR,,3,Input validation,7,0.483268,0.797836,,,
shellcheck,SC3056,"In POSIX sh, name matching prefixes are undefined.",SR 1.2,SR,,1,Software process and device identification and authentication,8,0.477543,0.74722,,,
shellcheck,SC3056,"In POSIX sh, name matching prefixes are undefined.",SR 3.3,SR,,3,Security functionality verification,9,0.476901,0.74171,,,
shellcheck,SC3056,"In POSIX sh, name matching prefixes are undefined.",SR 1.2 RE 1,RE,SR 1.2,1,Unique identification and authentication,10,0.475853,0.732793,,,
shellcheck,SC3057,"In POSIX sh, string indexing is undefined.",SR 1.4,SR,,1,Identifier management,1,0.499124,1.0,,,
shellcheck,SC3057,"In POSIX sh, string indexing is undefined.",SR 3.2 RE 1,RE,SR 3.2,3,Malicious code protection on entry and exit points,2,0.486716,0.870708,,,
shellcheck,SC3057,"In POSIX sh, string indexing is undefined.",SR 3.5,SR,,3,Input validation,3,0.484823,0.852237,,,
shellcheck,SC3057,"In POSIX sh, string indexing is undefined.",SR 2.11 RE 2,RE,SR 2.11,2,Protection of time source integrity,4,0.482473,0.829762,,,
shellcheck,SC3057,"In POSIX sh, string indexing is undefined.",SR 1.11,SR,,1,Unsuccessful login attempts,5,0.481643,0.821945,,,
shellcheck,SC3057,"In POSIX sh, string indexing is undefined.",SR 2.11,SR,,2,Timestamps,6,0.476337,0.773365,,,
shellcheck,SC3057,"In POSIX sh, string indexing is undefined.",SR 1.5 RE 1,RE,SR 1.5,1,Hardware security for software process identity credentials,7,0.476236,0.772463,,,
shellcheck,SC3057,"In POSIX sh, string indexing is undefined.",SR 5.2 RE 3,RE,SR 5.2,5,Fail close,8,0.475912,0.769574,,,
shellcheck,SC3057,"In POSIX sh, string indexing is undefined.",SR 1.7 RE 1,RE,SR 1.7,1,Password generation and lifetime restrictions for human users,9,0.47471,0.758944,,,
shellcheck,SC3057,"In POSIX sh, string indexing is undefined.",SR 2.9 RE 1,RE,SR 2.9,2,Warn when audit record storage capacity threshold reached,10,0.473256,0.746247,,,
shellcheck,SC3059,"In POSIX sh, case modification is undefined.",SR 2.11 RE 2,RE,SR 2.11,2,Protection of time source integrity,1,0.488488,1.0,,,
shellcheck,SC3059,"In POSIX sh, case modification is undefined.",SR 1.5 RE 1,RE,SR 1.5,1,Hardware security for software process identity credentials,2,0.48473,0.95841,,,
shellcheck,SC3059,"In POSIX sh, case modification is undefined.",SR 1.4,SR,,1,Identifier management,3,0.479924,0.907304,,,
shellcheck,SC3059,"In POSIX sh, case modification is undefined.",SR 3.5,SR,,3,Input validation,4,0.479902,0.907069,,,
shellcheck,SC3059,"In POSIX sh, case modification is undefined.",SR 2.12 RE 1,RE,SR 2.12,2,Non-repudiation for all users,5,0.47843,0.891871,,,
shellcheck,SC3059,"In POSIX sh, case modification is undefined.",SR 3.7,SR,,3,Error handling,6,0.477343,0.880784,,,
shellcheck,SC3059,"In POSIX sh, case modification is undefined.",SR 2.11,SR,,2,Timestamps,7,0.466443,0.775701,,,
shellcheck,SC3059,"In POSIX sh, case modification is undefined.",SR 5.2 RE 1,RE,SR 5.2,5,"Deny by default, allow by exception",8,0.46362,0.750234,,,
shellcheck,SC3059,"In POSIX sh, case modification is undefined.",SR 1.2,SR,,1,Software process and device identification and authentication,9,0.461589,0.732332,,,
shellcheck,SC3059,"In POSIX sh, case modification is undefined.",SR 5.3,SR,,5,General purpose person-to-person communication restrictions,10,0.460087,0.719323,,,
shellcheck,SC3060,"In POSIX sh, string replacement is undefined.",SR 3.5,SR,,3,Input validation,1,0.486568,1.0,,,
shellcheck,SC3060,"In POSIX sh, string replacement is undefined.",SR 3.7,SR,,3,Error handling,2,0.481405,0.943009,,,
shellcheck,SC3060,"In POSIX sh, string replacement is undefined.",SR 3.3,SR,,3,Security functionality verification,3,0.475401,0.880117,,,
shellcheck,SC3060,"In POSIX sh, string replacement is undefined.",SR 4.2 RE 1,RE,SR 4.2,4,Purging of shared memory resources,4,0.467846,0.805885,,,
shellcheck,SC3060,"In POSIX sh, string replacement is undefined.",SR 3.6,SR,,3,Deterministic output,5,0.46748,0.802428,,,
shellcheck,SC3060,"In POSIX sh, string replacement is undefined.",SR 3.2 RE 1,RE,SR 3.2,3,Malicious code protection on entry and exit points,6,0.46527,0.781784,,,
shellcheck,SC3060,"In POSIX sh, string replacement is undefined.",SR 7.1,SR,,7,Denial of service protection,7,0.464153,0.771512,,,
shellcheck,SC3060,"In POSIX sh, string replacement is undefined.",SR 2.11,SR,,2,Timestamps,8,0.46406,0.770666,,,
shellcheck,SC3060,"In POSIX sh, string replacement is undefined.",SR 7.3,SR,,7,Control system backup,9,0.46146,0.747214,,,
shellcheck,SC3060,"In POSIX sh, string replacement is undefined.",SR 5.2 RE 3,RE,SR 5.2,5,Fail close,10,0.460697,0.740447,,,
shellcheck,SC3061,"In POSIX sh, read without a variable is undefined.",SR 4.2,SR,,4,Information persistence,1,0.511953,1.0,,,
shellcheck,SC3061,"In POSIX sh, read without a variable is undefined.",SR 3.7,SR,,3,Error handling,2,0.507021,0.948144,,,
shellcheck,SC3061,"In POSIX sh, read without a variable is undefined.",SR 3.6,SR,,3,Deterministic output,3,0.498056,0.859533,,,
shellcheck,SC3061,"In POSIX sh, read without a variable is undefined.",SR 4.1,SR,,4,Information confidentiality,4,0.480164,0.702869,,,
shellcheck,SC3061,"In POSIX sh, read without a variable is undefined.",SR 2.12 RE 1,RE,SR 2.12,2,Non-repudiation for all users,5,0.479414,0.696855,,,
shellcheck,SC3061,"In POSIX sh, read without a variable is undefined.",SR 3.5,SR,,3,Input validation,6,0.477526,0.681892,,,
shellcheck,SC3062,"In POSIX sh, unary -o to check options is undefined.",SR 5.2 RE 3,RE,SR 5.2,5,Fail close,1,0.535239,1.0,,,
shellcheck,SC3062,"In POSIX sh, unary -o to check options is undefined.",SR 3.3,SR,,3,Security functionality verification,2,0.529586,0.943277,,,
shellcheck,SC3062,"In POSIX sh, unary -o to check options is undefined.",SR 2.12 RE 1,RE,SR 2.12,2,Non-repudiation for all users,3,0.529364,0.941108,,,
shellcheck,SC3062,"In POSIX sh, unary -o to check options is undefined.",SR 1.11,SR,,1,Unsuccessful login attempts,4,0.521507,0.866803,,,
shellcheck,SC3062,"In POSIX sh, unary -o to check options is undefined.",SR 3.7,SR,,3,Error handling,5,0.518984,0.84399,,,
shellcheck,SC3062,"In POSIX sh, unary -o to check options is undefined.",SR 5.2 RE 2,RE,SR 5.2,5,Island mode,6,0.515354,0.812022,,,
shellcheck,SC3062,"In POSIX sh, unary -o to check options is undefined.",SR 7.1,SR,,7,Denial of service protection,7,0.514287,0.802821,,,
shellcheck,SC3062,"In POSIX sh, unary -o to check options is undefined.",SR 3.3 RE 2,RE,SR 3.3,3,Security functionality verification during normal operation,8,0.513804,0.798688,,,
shellcheck,SC3062,"In POSIX sh, unary -o to check options is undefined.",SR 3.6,SR,,3,Deterministic output,9,0.513332,0.794657,,,
shellcheck,SC3062,"In POSIX sh, unary -o to check options is undefined.",SR 2.12,SR,,2,Non-repudiation,10,0.509787,0.76494,,,
shellcheck,SC3063,"In POSIX sh, test -R and namerefs in general are undefined.",SR 2.12 RE 1,RE,SR 2.12,2,Non-repudiation for all users,1,0.474995,1.0,,,
shellcheck,SC3063,"In POSIX sh, test -R and namerefs in general are undefined.",SR 3.3,SR,,3,Security functionality verification,2,0.473646,0.984479,,,
shellcheck,SC3063,"In POSIX sh, test -R and namerefs in general are undefined.",SR 7.3 RE 1,RE,SR 7.3,7,Backup verification,3,0.473528,0.98314,,,
shellcheck,SC3063,"In POSIX sh, test -R and namerefs in general are undefined.",SR 1.5 RE 1,RE,SR 1.5,1,Hardware security for software process identity credentials,4,0.473206,0.979466,,,
shellcheck,SC3063,"In POSIX sh, test -R and namerefs in general are undefined.",SR 5.2 RE 3,RE,SR 5.2,5,Fail close,5,0.472014,0.965974,,,
shellcheck,SC3063,"In POSIX sh, test -R and namerefs in general are undefined.",SR 2.4 RE 1,RE,SR 2.4,2,Mobile code integrity check,6,0.471903,0.964726,,,
shellcheck,SC3063,"In POSIX sh, test -R and namerefs in general are undefined.",SR 1.4,SR,,1,Identifier management,7,0.467917,0.920746,,,
shellcheck,SC3063,"In POSIX sh, test -R and namerefs in general are undefined.",SR 3.5,SR,,3,Input validation,8,0.465086,0.890519,,,
shellcheck,SC3063,"In POSIX sh, test -R and namerefs in general are undefined.",SR 3.7,SR,,3,Error handling,9,0.464297,0.882249,,,
shellcheck,SC3063,"In POSIX sh, test -R and namerefs in general are undefined.",SR 1.13 RE 1,RE,SR 1.13,1,Explicit access request approval,10,0.458094,0.819334,,,
shellcheck,SC3064,"In POSIX sh, test -N is undefined.",SR 3.5,SR,,3,Input validation,1,0.501341,1.0,,,
shellcheck,SC3064,"In POSIX sh, test -N is undefined.",SR 2.9 RE 1,RE,SR 2.9,2,Warn when audit record storage capacity threshold reached,2,0.492038,0.902111,,,
shellcheck,SC3064,"In POSIX sh, test -N is undefined.",SR 3.6,SR,,3,Deterministic output,3,0.490241,0.88413,,,
shellcheck,SC3064,"In POSIX sh, test -N is undefined.",SR 2.12 RE 1,RE,SR 2.12,2,Non-repudiation for all users,4,0.488276,0.864819,,,
shellcheck,SC3064,"In POSIX sh, test -N is undefined.",SR 3.7,SR,,3,Error handling,5,0.483927,0.823292,,,
shellcheck,SC3064,"In POSIX sh, test -N is undefined.",SR 7.1,SR,,7,Denial of service protection,6,0.483501,0.819316,,,
shellcheck,SC3064,"In POSIX sh, test -N is undefined.",SR 1.11,SR,,1,Unsuccessful login attempts,7,0.472819,0.724581,,,
shellcheck,SC3064,"In POSIX sh, test -N is undefined.",SR 2.12,SR,,2,Non-repudiation,8,0.470274,0.703389,,,
shellcheck,SC3065,"In POSIX sh, test -k is undefined.",SR 3.7,SR,,3,Error handling,1,0.510666,1.0,,,
shellcheck,SC3065,"In POSIX sh, test -k is undefined.",SR 4.2 RE 1,RE,SR 4.2,4,Purging of shared memory resources,2,0.490441,0.800714,,,
shellcheck,SC3065,"In POSIX sh, test -k is undefined.",SR 2.12 RE 1,RE,SR 2.12,2,Non-repudiation for all users,3,0.488532,0.783723,,,
shellcheck,SC3065,"In POSIX sh, test -k is undefined.",SR 2.9 RE 1,RE,SR 2.9,2,Warn when audit record storage capacity threshold reached,4,0.484218,0.746405,,,
shellcheck,SC3065,"In POSIX sh, test -k is undefined.",SR 2.4 RE 1,RE,SR 2.4,2,Mobile code integrity check,5,0.483736,0.742326,,,
shellcheck,SC3065,"In POSIX sh, test -k is undefined.",SR 7.7,SR,,7,Least functionality,6,0.481889,0.726869,,,
shellcheck,SC3065,"In POSIX sh, test -k is undefined.",SR 3.6,SR,,3,Deterministic output,7,0.481489,0.723562,,,
shellcheck,SC3065,"In POSIX sh, test -k is undefined.",SR 3.5,SR,,3,Input validation,8,0.481002,0.719541,,,
shellcheck,SC3065,"In POSIX sh, test -k is undefined.",SR 4.2,SR,,4,Information persistence,9,0.479782,0.709563,,,
shellcheck,SC3066,"In POSIX sh, test -G is undefined.",SR 2.12 RE 1,RE,SR 2.12,2,Non-repudiation for all users,1,0.501465,1.0,,,
shellcheck,SC3066,"In POSIX sh, test -G is undefined.",SR 4.2 RE 1,RE,SR 4.2,4,Purging of shared memory resources,2,0.496863,0.950556,,,
shellcheck,SC3066,"In POSIX sh, test -G is undefined.",SR 3.7,SR,,3,Error handling,3,0.494465,0.92559,,,
shellcheck,SC3066,"In POSIX sh, test -G is undefined.",SR 2.9 RE 1,RE,SR 2.9,2,Warn when audit record storage capacity threshold reached,4,0.490008,0.88063,,,
shellcheck,SC3066,"In POSIX sh, test -G is undefined.",SR 2.11,SR,,2,Timestamps,5,0.47951,0.781736,,,
shellcheck,SC3066,"In POSIX sh, test -G is undefined.",SR 4.2,SR,,4,Information persistence,6,0.476054,0.751249,,,
shellcheck,SC3066,"In POSIX sh, test -G is undefined.",SR 2.12,SR,,2,Non-repudiation,7,0.475791,0.748973,,,
shellcheck,SC3066,"In POSIX sh, test -G is undefined.",SR 3.5,SR,,3,Input validation,8,0.475765,0.748743,,,
shellcheck,SC3066,"In POSIX sh, test -G is undefined.",SR 7.1,SR,,7,Denial of service protection,9,0.470783,0.706626,,,
shellcheck,SC3066,"In POSIX sh, test -G is undefined.",SR 2.4 RE 1,RE,SR 2.4,2,Mobile code integrity check,10,0.469219,0.693809,,,
shellcheck,SC3067,"In POSIX sh, test -O is undefined.",SR 2.12 RE 1,RE,SR 2.12,2,Non-repudiation for all users,1,0.527235,1.0,,,
shellcheck,SC3067,"In POSIX sh, test -O is undefined.",SR 7.3,SR,,7,Control system backup,2,0.493977,0.698815,,,
shellcheck,SC3067,"In POSIX sh, test -O is undefined.",SR 2.12,SR,,2,Non-repudiation,3,0.492108,0.684397,,,
