source,source_id,source_title,candidate_count,top1_relative_score,top2_relative_score,top1_top2_gap,gap_bin,rank,target_id,target_type,parent_sr,foundational_requirement,target_title,target_text,raw_cosine,relative_score,human_label,human_confidence,human_notes
hadolint,DL3051,Label <label> is empty.,3,1.0,0.974744,0.025255999999999945,very_low_gap,1,SR 3.7,SR,,3,Error handling,The control system shall identify and handle error conditions in a manner such that effective remediation can occur. This shall be done in a manner which does not provide information that could be exploited by adversaries to attack the IACS unless revealing this information is necessary for the timely troubleshooting of problems.,0.499665,1.0,,,
hadolint,DL3051,Label <label> is empty.,3,1.0,0.974744,0.025255999999999945,very_low_gap,2,SR 1.4,SR,,1,Identifier management,"The control system shall provide the capability to support the management of identifiers by user, group, role or control system interface.",0.497347,0.974744,,,
hadolint,DL3051,Label <label> is empty.,3,1.0,0.974744,0.025255999999999945,very_low_gap,3,SR 5.2 RE 3,RE,SR 5.2,5,Fail close,The control system shall provide the capability to prevent any communication through the control system boundary when there is an operational failure of the boundary protection mechanisms (also termed fail close). This ‘fail close’ functionality shall be designed such that it does not interfere with the operation of a SIS or other safety-related functions.,0.484436,0.843466,,,
hadolint,DL3036,zypper clean missing after zypper use,4,1.0,0.772667,0.227333,high_gap,1,SR 3.2,SR,,3,Malicious code protection,"The control system shall provide the capability to employ protection mechanisms to prevent, detect, report and mitigate the effects of malicious code or unauthorized software. The control system shall provide the capability to update the protection mechanisms.",0.430886,1.0,,,
hadolint,DL3036,zypper clean missing after zypper use,4,1.0,0.772667,0.227333,high_gap,2,SR 3.4,SR,,3,Software and information integrity,"The control system shall provide the capability to detect, record, report and protect against unauthorized changes to software and information at rest.",0.411147,0.772667,,,
hadolint,DL3036,zypper clean missing after zypper use,4,1.0,0.772667,0.227333,high_gap,3,SR 3.3,SR,,3,Security functionality verification,"The control system shall provide the capability to support verification of the intended operation of security functions and report when anomalies are discovered during FAT, SAT and scheduled maintenance. These security functions shall include all those necessary to support the security requirements specified in this standard.",0.410018,0.761071,,,
hadolint,DL3036,zypper clean missing after zypper use,4,1.0,0.772667,0.227333,high_gap,4,SR 2.4 RE 1,RE,SR 2.4,2,Mobile code integrity check,The control system shall provide the capability to verify integrity of the mobile code before allowing code execution.,0.406663,0.727446,,,
hadolint,DL3060,yarn cache clean missing after yarn install was run.,10,1.0,0.988339,0.011661000000000032,very_low_gap,1,SR 4.2,SR,,4,Information persistence,The control system shall provide the capability to purge all information for which explicit read authorization is supported from components to be released from active service and/or decommissioned.,0.393922,1.0,,,
hadolint,DL3060,yarn cache clean missing after yarn install was run.,10,1.0,0.988339,0.011661000000000032,very_low_gap,2,SR 3.8 RE 3,RE,SR 3.8,3,Randomness of session IDs,The control system shall provide the capability to generate unique session IDs with commonly accepted sources of randomness.,0.393083,0.988339,,,
hadolint,DL3060,yarn cache clean missing after yarn install was run.,10,1.0,0.988339,0.011661000000000032,very_low_gap,3,SR 5.1 RE 3,RE,SR 5.1,5,Logical and physical isolation of critical networks,The control system shall provide the capability to logically and physically isolate critical control system networks from non-critical control system networks.,0.388857,0.931289,,,
hadolint,DL3060,yarn cache clean missing after yarn install was run.,10,1.0,0.988339,0.011661000000000032,very_low_gap,4,SR 2.4 RE 1,RE,SR 2.4,2,Mobile code integrity check,The control system shall provide the capability to verify integrity of the mobile code before allowing code execution.,0.384014,0.869268,,,
hadolint,DL3060,yarn cache clean missing after yarn install was run.,10,1.0,0.988339,0.011661000000000032,very_low_gap,5,SR 3.8 RE 2,RE,SR 3.8,3,Unique session ID generation,The control system shall provide the capability to generate a unique session ID for each session and treat all unexpected session IDs as invalid.,0.383707,0.865445,,,
hadolint,DL3060,yarn cache clean missing after yarn install was run.,10,1.0,0.988339,0.011661000000000032,very_low_gap,6,SR 3.7,SR,,3,Error handling,The control system shall identify and handle error conditions in a manner such that effective remediation can occur. This shall be done in a manner which does not provide information that could be exploited by adversaries to attack the IACS unless revealing this information is necessary for the timely troubleshooting of problems.,0.382291,0.848023,,,
hadolint,DL3060,yarn cache clean missing after yarn install was run.,10,1.0,0.988339,0.011661000000000032,very_low_gap,7,SR 3.3,SR,,3,Security functionality verification,"The control system shall provide the capability to support verification of the intended operation of security functions and report when anomalies are discovered during FAT, SAT and scheduled maintenance. These security functions shall include all those necessary to support the security requirements specified in this standard.",0.379454,0.813984,,,
hadolint,DL3060,yarn cache clean missing after yarn install was run.,10,1.0,0.988339,0.011661000000000032,very_low_gap,8,SR 4.2 RE 1,RE,SR 4.2,4,Purging of shared memory resources,The control system shall provide the capability to prevent unauthorized and unintended information transfer via volatile shared memory resources.,0.378087,0.797991,,,
hadolint,DL3060,yarn cache clean missing after yarn install was run.,10,1.0,0.988339,0.011661000000000032,very_low_gap,9,SR 2.11,SR,,2,Timestamps,The control system shall provide timestamps for use in audit record generation.,0.377142,0.787078,,,
hadolint,DL3060,yarn cache clean missing after yarn install was run.,10,1.0,0.988339,0.011661000000000032,very_low_gap,10,SR 3.2,SR,,3,Malicious code protection,"The control system shall provide the capability to employ protection mechanisms to prevent, detect, report and mitigate the effects of malicious code or unauthorized software. The control system shall provide the capability to update the protection mechanisms.",0.376342,0.777943,,,
hadolint,DL3003,"Use absolute paths, or use WORKDIR to switch to a directory.",3,1.0,0.865038,0.13496200000000003,medium_gap,1,SR 7.3,SR,,7,Control system backup,The identity and location of critical files and the ability to conduct backups of user-level and system-level information (including system state information) shall be supported by the control system without affecting normal plant operations.,0.510417,1.0,,,
hadolint,DL3003,"Use absolute paths, or use WORKDIR to switch to a directory.",3,1.0,0.865038,0.13496200000000003,medium_gap,2,SR 7.3 RE 2,RE,SR 7.3,7,Backup automation,The control system shall provide the capability to automate the backup function based on a configurable frequency.,0.497138,0.865038,,,
hadolint,DL3003,"Use absolute paths, or use WORKDIR to switch to a directory.",3,1.0,0.865038,0.13496200000000003,medium_gap,3,SR 3.6,SR,,3,Deterministic output,The control system shall provide the capability to set outputs to a predetermined state if normal operation cannot be maintained as a result of an attack.,0.481419,0.724923,,,
hadolint,DL3005,Do not use apt-get dist-upgrade.,10,1.0,0.976962,0.023038000000000003,very_low_gap,1,SR 3.2,SR,,3,Malicious code protection,"The control system shall provide the capability to employ protection mechanisms to prevent, detect, report and mitigate the effects of malicious code or unauthorized software. The control system shall provide the capability to update the protection mechanisms.",0.390129,1.0,,,
hadolint,DL3005,Do not use apt-get dist-upgrade.,10,1.0,0.976962,0.023038000000000003,very_low_gap,2,SR 1.5 RE 1,RE,SR 1.5,1,Hardware security for software process identity credentials,"For software process and device users, the control system shall provide the capability to protect the relevant authenticators via hardware mechanisms.",0.38848,0.976962,,,
hadolint,DL3005,Do not use apt-get dist-upgrade.,10,1.0,0.976962,0.023038000000000003,very_low_gap,3,SR 7.1,SR,,7,Denial of service protection,The control system shall provide the capability to operate in a degraded mode during a DoS event.,0.385315,0.933986,,,
hadolint,DL3005,Do not use apt-get dist-upgrade.,10,1.0,0.976962,0.023038000000000003,very_low_gap,4,SR 7.5,SR,,7,Emergency power,The control system shall provide the capability to switch to and from an emergency power supply without affecting the existing security state or a documented degraded mode.,0.383186,0.905949,,,
hadolint,DL3005,Do not use apt-get dist-upgrade.,10,1.0,0.976962,0.023038000000000003,very_low_gap,5,SR 5.2 RE 1,RE,SR 5.2,5,"Deny by default, allow by exception","The control system shall provide the capability to deny network traffic by default and allow network traffic by exception (also termed deny all, permit by exception).",0.381578,0.885237,,,
hadolint,DL3005,Do not use apt-get dist-upgrade.,10,1.0,0.976962,0.023038000000000003,very_low_gap,6,SR 7.7,SR,,7,Least functionality,"The control system shall provide the capability to specifically prohibit and/or restrict the use of unnecessary functions, ports, protocols and/or services.",0.380931,0.877015,,,
hadolint,DL3005,Do not use apt-get dist-upgrade.,10,1.0,0.976962,0.023038000000000003,very_low_gap,7,SR 5.3 RE 1,RE,SR 5.3,5,Prohibit all general purpose person-to-person communications,The control system shall provide the capability to prevent both transmission and receipt of general purpose person-to-person messages.,0.375191,0.806753,,,
hadolint,DL3005,Do not use apt-get dist-upgrade.,10,1.0,0.976962,0.023038000000000003,very_low_gap,8,SR 1.8,SR,,1,Public key infrastructure (PKI) certificates,"Where PKI is utilized, the control system shall provide the capability to operate a PKI according to commonly accepted best practices or obtain public key certificates from an existing PKI.",0.372416,0.774482,,,
hadolint,DL3005,Do not use apt-get dist-upgrade.,10,1.0,0.976962,0.023038000000000003,very_low_gap,9,SR 1.11,SR,,1,Unsuccessful login attempts,"The control system shall provide the capability to enforce a limit of a configurable number of consecutive invalid access attempts by any user (human, software process or device) during a configurable time period. The control system shall provide the capability to deny access for a specified period of time or until unlocked by an administrator when this limit has been exceeded. For system accounts on behalf of which critical services or servers are run, the control system shall provide the capability to disallow interactive logons.",0.372193,0.771932,,,
hadolint,DL3005,Do not use apt-get dist-upgrade.,10,1.0,0.976962,0.023038000000000003,very_low_gap,10,SR 2.4,SR,,2,Mobile code,The control system shall provide the capability to enforce usage restrictions for mobile code technologies based on the potential to cause damage to the control system that include: a) preventing the execution of mobile code; b) requiring proper authentication and authorization for origin of the code; c) restricting mobile code transfer to/from the control system; and d) monitoring the use of mobile code.,0.371513,0.764202,,,
hadolint,DL3066,Non-numeric user-id may not be resolvable by host system,9,1.0,0.991415,0.008584999999999954,very_low_gap,1,SR 1.11,SR,,1,Unsuccessful login attempts,"The control system shall provide the capability to enforce a limit of a configurable number of consecutive invalid access attempts by any user (human, software process or device) during a configurable time period. The control system shall provide the capability to deny access for a specified period of time or until unlocked by an administrator when this limit has been exceeded. For system accounts on behalf of which critical services or servers are run, the control system shall provide the capability to disallow interactive logons.",0.563961,1.0,,,
hadolint,DL3066,Non-numeric user-id may not be resolvable by host system,9,1.0,0.991415,0.008584999999999954,very_low_gap,2,SR 3.8 RE 1,RE,SR 3.8,3,Invalidation of session IDs after session termination,The control system shall provide the capability to invalidate session IDs upon user logout or other session termination (including browser sessions).,0.563078,0.991415,,,
hadolint,DL3066,Non-numeric user-id may not be resolvable by host system,9,1.0,0.991415,0.008584999999999954,very_low_gap,3,SR 3.8 RE 3,RE,SR 3.8,3,Randomness of session IDs,The control system shall provide the capability to generate unique session IDs with commonly accepted sources of randomness.,0.547226,0.847316,,,
hadolint,DL3066,Non-numeric user-id may not be resolvable by host system,9,1.0,0.991415,0.008584999999999954,very_low_gap,4,SR 1.1 RE 2,RE,SR 1.1,1,Multifactor authentication for untrusted networks,The control system shall provide the capability to employ multifactor authentication for human user access to the control system via an untrusted network.,0.542301,0.806213,,,
hadolint,DL3066,Non-numeric user-id may not be resolvable by host system,9,1.0,0.991415,0.008584999999999954,very_low_gap,5,SR 2.12 RE 1,RE,SR 2.12,2,Non-repudiation for all users,"The control system shall provide the capability to determine whether a given user (human, software process or device) took a particular action.",0.539634,0.784652,,,
hadolint,DL3066,Non-numeric user-id may not be resolvable by host system,9,1.0,0.991415,0.008584999999999954,very_low_gap,6,SR 3.8 RE 2,RE,SR 3.8,3,Unique session ID generation,The control system shall provide the capability to generate a unique session ID for each session and treat all unexpected session IDs as invalid.,0.539427,0.782998,,,
hadolint,DL3066,Non-numeric user-id may not be resolvable by host system,9,1.0,0.991415,0.008584999999999954,very_low_gap,7,SR 1.1,SR,,1,Human user identification and authentication,The control system shall provide the capability to identify and authenticate all human users.,0.533061,0.733502,,,
hadolint,DL3066,Non-numeric user-id may not be resolvable by host system,9,1.0,0.991415,0.008584999999999954,very_low_gap,8,SR 3.8,SR,,3,Session integrity,The control system shall provide the capability to protect the integrity of sessions. The control system shall reject any usage of invalid session IDs.,0.528232,0.697693,,,
hadolint,DL3066,Non-numeric user-id may not be resolvable by host system,9,1.0,0.991415,0.008584999999999954,very_low_gap,9,SR 1.1 RE 1,RE,SR 1.1,1,Unique identification and authentication,The control system shall provide the capability to uniquely identify and authenticate all human users.,0.526429,0.684698,,,
hadolint,DL3047,Use wget --progress to avoid excessively bloated build logs,10,1.0,0.90505,0.09494999999999998,low_gap,1,SR 2.11,SR,,2,Timestamps,The control system shall provide timestamps for use in audit record generation.,0.465638,1.0,,,
hadolint,DL3047,Use wget --progress to avoid excessively bloated build logs,10,1.0,0.90505,0.09494999999999998,low_gap,2,SR 2.9 RE 1,RE,SR 2.9,2,Warn when audit record storage capacity threshold reached,The control system shall provide the capability to issue a warning when the allocated audit record storage volume reaches a configurable percentage of maximum audit record storage capacity.,0.457268,0.90505,,,
hadolint,DL3047,Use wget --progress to avoid excessively bloated build logs,10,1.0,0.90505,0.09494999999999998,low_gap,3,SR 7.1 RE 1,RE,SR 7.1,7,Manage communication loads,The control system shall provide the capability to manage communication loads (such as using rate limiting) to mitigate the effects of information flooding types of DoS events.,0.457246,0.904818,,,
hadolint,DL3047,Use wget --progress to avoid excessively bloated build logs,10,1.0,0.90505,0.09494999999999998,low_gap,4,SR 1.11,SR,,1,Unsuccessful login attempts,"The control system shall provide the capability to enforce a limit of a configurable number of consecutive invalid access attempts by any user (human, software process or device) during a configurable time period. The control system shall provide the capability to deny access for a specified period of time or until unlocked by an administrator when this limit has been exceeded. For system accounts on behalf of which critical services or servers are run, the control system shall provide the capability to disallow interactive logons.",0.452378,0.853088,,,
hadolint,DL3047,Use wget --progress to avoid excessively bloated build logs,10,1.0,0.90505,0.09494999999999998,low_gap,5,SR 2.12 RE 1,RE,SR 2.12,2,Non-repudiation for all users,"The control system shall provide the capability to determine whether a given user (human, software process or device) took a particular action.",0.450384,0.832606,,,
hadolint,DL3047,Use wget --progress to avoid excessively bloated build logs,10,1.0,0.90505,0.09494999999999998,low_gap,6,SR 5.2 RE 1,RE,SR 5.2,5,"Deny by default, allow by exception","The control system shall provide the capability to deny network traffic by default and allow network traffic by exception (also termed deny all, permit by exception).",0.449337,0.822018,,,
hadolint,DL3047,Use wget --progress to avoid excessively bloated build logs,10,1.0,0.90505,0.09494999999999998,low_gap,7,SR 7.6 RE 1,RE,SR 7.6,7,Machine-readable reporting of current security settings,The control system shall provide the capability to generate a report listing the currently deployed security settings in a machine-readable format.,0.443375,0.763794,,,
hadolint,DL3047,Use wget --progress to avoid excessively bloated build logs,10,1.0,0.90505,0.09494999999999998,low_gap,8,SR 3.2,SR,,3,Malicious code protection,"The control system shall provide the capability to employ protection mechanisms to prevent, detect, report and mitigate the effects of malicious code or unauthorized software. The control system shall provide the capability to update the protection mechanisms.",0.44304,0.760627,,,
hadolint,DL3047,Use wget --progress to avoid excessively bloated build logs,10,1.0,0.90505,0.09494999999999998,low_gap,9,SR 6.1 RE 1,RE,SR 6.1,6,Programmatic access to audit logs,The control system shall provide programmatic access to audit records using an application programming interface (API).,0.441293,0.744278,,,
hadolint,DL3047,Use wget --progress to avoid excessively bloated build logs,10,1.0,0.90505,0.09494999999999998,low_gap,10,SR 1.5 RE 1,RE,SR 1.5,1,Hardware security for software process identity credentials,"For software process and device users, the control system shall provide the capability to protect the relevant authenticators via hardware mechanisms.",0.437563,0.710326,,,
hadolint,DL3034,Non-interactive switch missing from zypper command: zypper install -y,10,1.0,0.918464,0.08153600000000005,low_gap,1,SR 7.5,SR,,7,Emergency power,The control system shall provide the capability to switch to and from an emergency power supply without affecting the existing security state or a documented degraded mode.,0.429532,1.0,,,
hadolint,DL3034,Non-interactive switch missing from zypper command: zypper install -y,10,1.0,0.918464,0.08153600000000005,low_gap,2,SR 3.7,SR,,3,Error handling,The control system shall identify and handle error conditions in a manner such that effective remediation can occur. This shall be done in a manner which does not provide information that could be exploited by adversaries to attack the IACS unless revealing this information is necessary for the timely troubleshooting of problems.,0.42294,0.918464,,,
hadolint,DL3034,Non-interactive switch missing from zypper command: zypper install -y,10,1.0,0.918464,0.08153600000000005,low_gap,3,SR 5.2 RE 3,RE,SR 5.2,5,Fail close,The control system shall provide the capability to prevent any communication through the control system boundary when there is an operational failure of the boundary protection mechanisms (also termed fail close). This ‘fail close’ functionality shall be designed such that it does not interfere with the operation of a SIS or other safety-related functions.,0.412877,0.804524,,,
hadolint,DL3034,Non-interactive switch missing from zypper command: zypper install -y,10,1.0,0.918464,0.08153600000000005,low_gap,4,SR 2.12 RE 1,RE,SR 2.12,2,Non-repudiation for all users,"The control system shall provide the capability to determine whether a given user (human, software process or device) took a particular action.",0.411608,0.791023,,,
hadolint,DL3034,Non-interactive switch missing from zypper command: zypper install -y,10,1.0,0.918464,0.08153600000000005,low_gap,5,SR 3.2,SR,,3,Malicious code protection,"The control system shall provide the capability to employ protection mechanisms to prevent, detect, report and mitigate the effects of malicious code or unauthorized software. The control system shall provide the capability to update the protection mechanisms.",0.409518,0.76918,,,
hadolint,DL3034,Non-interactive switch missing from zypper command: zypper install -y,10,1.0,0.918464,0.08153600000000005,low_gap,6,SR 7.1,SR,,7,Denial of service protection,The control system shall provide the capability to operate in a degraded mode during a DoS event.,0.409123,0.765107,,,
hadolint,DL3034,Non-interactive switch missing from zypper command: zypper install -y,10,1.0,0.918464,0.08153600000000005,low_gap,7,SR 7.7,SR,,7,Least functionality,"The control system shall provide the capability to specifically prohibit and/or restrict the use of unnecessary functions, ports, protocols and/or services.",0.408663,0.760392,,,
hadolint,DL3034,Non-interactive switch missing from zypper command: zypper install -y,10,1.0,0.918464,0.08153600000000005,low_gap,8,SR 3.8,SR,,3,Session integrity,The control system shall provide the capability to protect the integrity of sessions. The control system shall reject any usage of invalid session IDs.,0.406164,0.735165,,,
hadolint,DL3034,Non-interactive switch missing from zypper command: zypper install -y,10,1.0,0.918464,0.08153600000000005,low_gap,9,SR 3.6,SR,,3,Deterministic output,The control system shall provide the capability to set outputs to a predetermined state if normal operation cannot be maintained as a result of an attack.,0.406076,0.734287,,,
hadolint,DL3034,Non-interactive switch missing from zypper command: zypper install -y,10,1.0,0.918464,0.08153600000000005,low_gap,10,SR 2.12,SR,,2,Non-repudiation,The control system shall provide the capability to determine whether a given human user took a particular action.,0.405674,0.730295,,,
hadolint,DL3061,"Invalid instruction order. Dockerfile must begin with FROM, ARG or comment.",10,1.0,0.973465,0.026534999999999975,very_low_gap,1,SR 3.5,SR,,3,Input validation,The control system shall validate the syntax and content of any input which is used as an industrial process control input or input that directly impacts the action of the control system.,0.448931,1.0,,,
hadolint,DL3061,"Invalid instruction order. Dockerfile must begin with FROM, ARG or comment.",10,1.0,0.973465,0.026534999999999975,very_low_gap,2,SR 6.1 RE 1,RE,SR 6.1,6,Programmatic access to audit logs,The control system shall provide programmatic access to audit records using an application programming interface (API).,0.446741,0.973465,,,
hadolint,DL3061,"Invalid instruction order. Dockerfile must begin with FROM, ARG or comment.",10,1.0,0.973465,0.026534999999999975,very_low_gap,3,SR 1.11,SR,,1,Unsuccessful login attempts,"The control system shall provide the capability to enforce a limit of a configurable number of consecutive invalid access attempts by any user (human, software process or device) during a configurable time period. The control system shall provide the capability to deny access for a specified period of time or until unlocked by an administrator when this limit has been exceeded. For system accounts on behalf of which critical services or servers are run, the control system shall provide the capability to disallow interactive logons.",0.441487,0.912138,,,
hadolint,DL3061,"Invalid instruction order. Dockerfile must begin with FROM, ARG or comment.",10,1.0,0.973465,0.026534999999999975,very_low_gap,4,SR 3.6,SR,,3,Deterministic output,The control system shall provide the capability to set outputs to a predetermined state if normal operation cannot be maintained as a result of an attack.,0.439928,0.894561,,,
hadolint,DL3061,"Invalid instruction order. Dockerfile must begin with FROM, ARG or comment.",10,1.0,0.973465,0.026534999999999975,very_low_gap,5,SR 5.2 RE 1,RE,SR 5.2,5,"Deny by default, allow by exception","The control system shall provide the capability to deny network traffic by default and allow network traffic by exception (also termed deny all, permit by exception).",0.43432,0.833622,,,
hadolint,DL3061,"Invalid instruction order. Dockerfile must begin with FROM, ARG or comment.",10,1.0,0.973465,0.026534999999999975,very_low_gap,6,SR 3.7,SR,,3,Error handling,The control system shall identify and handle error conditions in a manner such that effective remediation can occur. This shall be done in a manner which does not provide information that could be exploited by adversaries to attack the IACS unless revealing this information is necessary for the timely troubleshooting of problems.,0.430804,0.79717,,,
hadolint,DL3061,"Invalid instruction order. Dockerfile must begin with FROM, ARG or comment.",10,1.0,0.973465,0.026534999999999975,very_low_gap,7,SR 3.2 RE 1,RE,SR 3.2,3,Malicious code protection on entry and exit points,The control system shall provide the capability to employ malicious code protection mechanisms at all entry and exit points.,0.43025,0.791553,,,
hadolint,DL3061,"Invalid instruction order. Dockerfile must begin with FROM, ARG or comment.",10,1.0,0.973465,0.026534999999999975,very_low_gap,8,SR 7.3 RE 1,RE,SR 7.3,7,Backup verification,The control system shall provide the capability to verify the reliability of backup mechanisms.,0.427056,0.759768,,,
hadolint,DL3061,"Invalid instruction order. Dockerfile must begin with FROM, ARG or comment.",10,1.0,0.973465,0.026534999999999975,very_low_gap,9,SR 5.2 RE 3,RE,SR 5.2,5,Fail close,The control system shall provide the capability to prevent any communication through the control system boundary when there is an operational failure of the boundary protection mechanisms (also termed fail close). This ‘fail close’ functionality shall be designed such that it does not interfere with the operation of a SIS or other safety-related functions.,0.42703,0.759509,,,
hadolint,DL3061,"Invalid instruction order. Dockerfile must begin with FROM, ARG or comment.",10,1.0,0.973465,0.026534999999999975,very_low_gap,10,SR 1.5 RE 1,RE,SR 1.5,1,Hardware security for software process identity credentials,"For software process and device users, the control system shall provide the capability to protect the relevant authenticators via hardware mechanisms.",0.424379,0.733939,,,
hadolint,DL3032,yum clean all missing after yum command.,10,1.0,0.924666,0.07533400000000001,low_gap,1,SR 3.3,SR,,3,Security functionality verification,"The control system shall provide the capability to support verification of the intended operation of security functions and report when anomalies are discovered during FAT, SAT and scheduled maintenance. These security functions shall include all those necessary to support the security requirements specified in this standard.",0.429606,1.0,,,
hadolint,DL3032,yum clean all missing after yum command.,10,1.0,0.924666,0.07533400000000001,low_gap,2,SR 3.2,SR,,3,Malicious code protection,"The control system shall provide the capability to employ protection mechanisms to prevent, detect, report and mitigate the effects of malicious code or unauthorized software. The control system shall provide the capability to update the protection mechanisms.",0.423532,0.924666,,,
hadolint,DL3032,yum clean all missing after yum command.,10,1.0,0.924666,0.07533400000000001,low_gap,3,SR 3.2 RE 2,RE,SR 3.2,3,Central management and reporting for malicious code protection,The control system shall provide the capability to manage malicious code protection mechanisms.,0.417336,0.852676,,,
hadolint,DL3032,yum clean all missing after yum command.,10,1.0,0.924666,0.07533400000000001,low_gap,4,SR 3.3 RE 1,RE,SR 3.3,3,Automated mechanisms for security functionality verification,"The control system shall provide the capability to employ automated mechanisms to support management of security verification during FAT, SAT and scheduled maintenance.",0.416684,0.845378,,,
hadolint,DL3032,yum clean all missing after yum command.,10,1.0,0.924666,0.07533400000000001,low_gap,5,SR 7.1,SR,,7,Denial of service protection,The control system shall provide the capability to operate in a degraded mode during a DoS event.,0.416183,0.839794,,,
hadolint,DL3032,yum clean all missing after yum command.,10,1.0,0.924666,0.07533400000000001,low_gap,6,SR 7.3 RE 1,RE,SR 7.3,7,Backup verification,The control system shall provide the capability to verify the reliability of backup mechanisms.,0.41551,0.832356,,,
hadolint,DL3032,yum clean all missing after yum command.,10,1.0,0.924666,0.07533400000000001,low_gap,7,SR 7.4,SR,,7,Control system recovery and reconstitution,The control system shall provide the capability to recover and reconstitute to a known secure state after a disruption or failure.,0.412592,0.800706,,,
hadolint,DL3032,yum clean all missing after yum command.,10,1.0,0.924666,0.07533400000000001,low_gap,8,SR 4.2,SR,,4,Information persistence,The control system shall provide the capability to purge all information for which explicit read authorization is supported from components to be released from active service and/or decommissioned.,0.411312,0.787143,,,
hadolint,DL3032,yum clean all missing after yum command.,10,1.0,0.924666,0.07533400000000001,low_gap,9,SR 7.3,SR,,7,Control system backup,The identity and location of critical files and the ability to conduct backups of user-level and system-level information (including system state information) shall be supported by the control system without affecting normal plant operations.,0.409574,0.769023,,,
hadolint,DL3032,yum clean all missing after yum command.,10,1.0,0.924666,0.07533400000000001,low_gap,10,SR 3.3 RE 2,RE,SR 3.3,3,Security functionality verification during normal operation,The control system shall provide the capability to support verification of the intended operation of security functions during normal operations.,0.409124,0.764389,,,
hadolint,DL3033,Specify version with yum install -y <package>-<version>,2,1.0,0.738666,0.26133399999999996,high_gap,1,SR 3.2,SR,,3,Malicious code protection,"The control system shall provide the capability to employ protection mechanisms to prevent, detect, report and mitigate the effects of malicious code or unauthorized software. The control system shall provide the capability to update the protection mechanisms.",0.468587,1.0,,,
hadolint,DL3033,Specify version with yum install -y <package>-<version>,2,1.0,0.738666,0.26133399999999996,high_gap,2,SR 3.8 RE 3,RE,SR 3.8,3,Randomness of session IDs,The control system shall provide the capability to generate unique session IDs with commonly accepted sources of randomness.,0.443478,0.738666,,,
hadolint,DL3059,Multiple consecutive RUN instructions. Consider consolidation.,5,1.0,0.816975,0.183025,medium_gap,1,SR 4.2,SR,,4,Information persistence,The control system shall provide the capability to purge all information for which explicit read authorization is supported from components to be released from active service and/or decommissioned.,0.544268,1.0,,,
hadolint,DL3059,Multiple consecutive RUN instructions. Consider consolidation.,5,1.0,0.816975,0.183025,medium_gap,2,SR 4.2 RE 1,RE,SR 4.2,4,Purging of shared memory resources,The control system shall provide the capability to prevent unauthorized and unintended information transfer via volatile shared memory resources.,0.524627,0.816975,,,
hadolint,DL3059,Multiple consecutive RUN instructions. Consider consolidation.,5,1.0,0.816975,0.183025,medium_gap,3,SR 5.4,SR,,5,Application partitioning,"The control system shall provide the capability to support partitioning of data, applications and services based on criticality to facilitate implementing a zoning model.",0.51708,0.75439,,,
hadolint,DL3059,Multiple consecutive RUN instructions. Consider consolidation.,5,1.0,0.816975,0.183025,medium_gap,4,SR 7.3,SR,,7,Control system backup,The identity and location of critical files and the ability to conduct backups of user-level and system-level information (including system state information) shall be supported by the control system without affecting normal plant operations.,0.511974,0.714316,,,
hadolint,DL3059,Multiple consecutive RUN instructions. Consider consolidation.,5,1.0,0.816975,0.183025,medium_gap,5,SR 3.8 RE 3,RE,SR 3.8,3,Randomness of session IDs,The control system shall provide the capability to generate unique session IDs with commonly accepted sources of randomness.,0.509713,0.697137,,,
hadolint,DL4000,MAINTAINER is deprecated,9,1.0,0.91311,0.08689000000000002,low_gap,1,SR 1.4,SR,,1,Identifier management,"The control system shall provide the capability to support the management of identifiers by user, group, role or control system interface.",0.514533,1.0,,,
hadolint,DL4000,MAINTAINER is deprecated,9,1.0,0.91311,0.08689000000000002,low_gap,2,SR 4.2,SR,,4,Information persistence,The control system shall provide the capability to purge all information for which explicit read authorization is supported from components to be released from active service and/or decommissioned.,0.506099,0.91311,,,
hadolint,DL4000,MAINTAINER is deprecated,9,1.0,0.91311,0.08689000000000002,low_gap,3,SR 7.6 RE 1,RE,SR 7.6,7,Machine-readable reporting of current security settings,The control system shall provide the capability to generate a report listing the currently deployed security settings in a machine-readable format.,0.496466,0.821522,,,
hadolint,DL4000,MAINTAINER is deprecated,9,1.0,0.91311,0.08689000000000002,low_gap,4,SR 5.2 RE 3,RE,SR 5.2,5,Fail close,The control system shall provide the capability to prevent any communication through the control system boundary when there is an operational failure of the boundary protection mechanisms (also termed fail close). This ‘fail close’ functionality shall be designed such that it does not interfere with the operation of a SIS or other safety-related functions.,0.48589,0.729775,,,
hadolint,DL4000,MAINTAINER is deprecated,9,1.0,0.91311,0.08689000000000002,low_gap,5,SR 3.3,SR,,3,Security functionality verification,"The control system shall provide the capability to support verification of the intended operation of security functions and report when anomalies are discovered during FAT, SAT and scheduled maintenance. These security functions shall include all those necessary to support the security requirements specified in this standard.",0.484422,0.717727,,,
hadolint,DL4000,MAINTAINER is deprecated,9,1.0,0.91311,0.08689000000000002,low_gap,6,SR 3.8 RE 1,RE,SR 3.8,3,Invalidation of session IDs after session termination,The control system shall provide the capability to invalidate session IDs upon user logout or other session termination (including browser sessions).,0.484053,0.714725,,,
hadolint,DL4000,MAINTAINER is deprecated,9,1.0,0.91311,0.08689000000000002,low_gap,7,SR 7.3,SR,,7,Control system backup,The identity and location of critical files and the ability to conduct backups of user-level and system-level information (including system state information) shall be supported by the control system without affecting normal plant operations.,0.483566,0.710778,,,
hadolint,DL4000,MAINTAINER is deprecated,9,1.0,0.91311,0.08689000000000002,low_gap,8,SR 1.5 RE 1,RE,SR 1.5,1,Hardware security for software process identity credentials,"For software process and device users, the control system shall provide the capability to protect the relevant authenticators via hardware mechanisms.",0.482278,0.700428,,,
hadolint,DL4000,MAINTAINER is deprecated,9,1.0,0.91311,0.08689000000000002,low_gap,9,SR 7.3 RE 1,RE,SR 7.3,7,Backup verification,The control system shall provide the capability to verify the reliability of backup mechanisms.,0.480091,0.683135,,,
hadolint,DL3058,Label <label> is not a valid email format - must be conform to RFC5322.,2,1.0,0.732622,0.267378,high_gap,1,SR 1.4,SR,,1,Identifier management,"The control system shall provide the capability to support the management of identifiers by user, group, role or control system interface.",0.560281,1.0,,,
hadolint,DL3058,Label <label> is not a valid email format - must be conform to RFC5322.,2,1.0,0.732622,0.267378,high_gap,2,SR 3.5,SR,,3,Input validation,The control system shall validate the syntax and content of any input which is used as an industrial process control input or input that directly impacts the action of the control system.,0.529466,0.732622,,,
hadolint,DL3052,Label <label> is not a valid URL.,10,1.0,0.970931,0.02906900000000001,very_low_gap,1,SR 3.7,SR,,3,Error handling,The control system shall identify and handle error conditions in a manner such that effective remediation can occur. This shall be done in a manner which does not provide information that could be exploited by adversaries to attack the IACS unless revealing this information is necessary for the timely troubleshooting of problems.,0.514783,1.0,,,
hadolint,DL3052,Label <label> is not a valid URL.,10,1.0,0.970931,0.02906900000000001,very_low_gap,2,SR 1.11,SR,,1,Unsuccessful login attempts,"The control system shall provide the capability to enforce a limit of a configurable number of consecutive invalid access attempts by any user (human, software process or device) during a configurable time period. The control system shall provide the capability to deny access for a specified period of time or until unlocked by an administrator when this limit has been exceeded. For system accounts on behalf of which critical services or servers are run, the control system shall provide the capability to disallow interactive logons.",0.51203,0.970931,,,
hadolint,DL3052,Label <label> is not a valid URL.,10,1.0,0.970931,0.02906900000000001,very_low_gap,3,SR 3.2 RE 1,RE,SR 3.2,3,Malicious code protection on entry and exit points,The control system shall provide the capability to employ malicious code protection mechanisms at all entry and exit points.,0.500035,0.852251,,,
hadolint,DL3052,Label <label> is not a valid URL.,10,1.0,0.970931,0.02906900000000001,very_low_gap,4,SR 3.2,SR,,3,Malicious code protection,"The control system shall provide the capability to employ protection mechanisms to prevent, detect, report and mitigate the effects of malicious code or unauthorized software. The control system shall provide the capability to update the protection mechanisms.",0.499913,0.851109,,,
hadolint,DL3052,Label <label> is not a valid URL.,10,1.0,0.970931,0.02906900000000001,very_low_gap,5,SR 2.12 RE 1,RE,SR 2.12,2,Non-repudiation for all users,"The control system shall provide the capability to determine whether a given user (human, software process or device) took a particular action.",0.489431,0.757476,,,
hadolint,DL3052,Label <label> is not a valid URL.,10,1.0,0.970931,0.02906900000000001,very_low_gap,6,SR 1.4,SR,,1,Identifier management,"The control system shall provide the capability to support the management of identifiers by user, group, role or control system interface.",0.487764,0.743392,,,
hadolint,DL3052,Label <label> is not a valid URL.,10,1.0,0.970931,0.02906900000000001,very_low_gap,7,SR 5.2 RE 1,RE,SR 5.2,5,"Deny by default, allow by exception","The control system shall provide the capability to deny network traffic by default and allow network traffic by exception (also termed deny all, permit by exception).",0.48434,0.715138,,,
hadolint,DL3052,Label <label> is not a valid URL.,10,1.0,0.970931,0.02906900000000001,very_low_gap,8,SR 2.4,SR,,2,Mobile code,The control system shall provide the capability to enforce usage restrictions for mobile code technologies based on the potential to cause damage to the control system that include: a) preventing the execution of mobile code; b) requiring proper authentication and authorization for origin of the code; c) restricting mobile code transfer to/from the control system; and d) monitoring the use of mobile code.,0.48413,0.71344,,,
hadolint,DL3052,Label <label> is not a valid URL.,10,1.0,0.970931,0.02906900000000001,very_low_gap,9,SR 3.8 RE 1,RE,SR 3.8,3,Invalidation of session IDs after session termination,The control system shall provide the capability to invalidate session IDs upon user logout or other session termination (including browser sessions).,0.483841,0.711101,,,
hadolint,DL3052,Label <label> is not a valid URL.,10,1.0,0.970931,0.02906900000000001,very_low_gap,10,SR 3.8,SR,,3,Session integrity,The control system shall provide the capability to protect the integrity of sessions. The control system shall reject any usage of invalid session IDs.,0.483576,0.708958,,,
hadolint,DL3055,Label <label> is not a valid git hash.,10,1.0,0.966263,0.03373700000000002,very_low_gap,1,SR 2.12 RE 1,RE,SR 2.12,2,Non-repudiation for all users,"The control system shall provide the capability to determine whether a given user (human, software process or device) took a particular action.",0.476917,1.0,,,
hadolint,DL3055,Label <label> is not a valid git hash.,10,1.0,0.966263,0.03373700000000002,very_low_gap,2,SR 5.2 RE 3,RE,SR 5.2,5,Fail close,The control system shall provide the capability to prevent any communication through the control system boundary when there is an operational failure of the boundary protection mechanisms (also termed fail close). This ‘fail close’ functionality shall be designed such that it does not interfere with the operation of a SIS or other safety-related functions.,0.473951,0.966263,,,
hadolint,DL3055,Label <label> is not a valid git hash.,10,1.0,0.966263,0.03373700000000002,very_low_gap,3,SR 1.4,SR,,1,Identifier management,"The control system shall provide the capability to support the management of identifiers by user, group, role or control system interface.",0.471417,0.938193,,,
hadolint,DL3055,Label <label> is not a valid git hash.,10,1.0,0.966263,0.03373700000000002,very_low_gap,4,SR 2.4 RE 1,RE,SR 2.4,2,Mobile code integrity check,The control system shall provide the capability to verify integrity of the mobile code before allowing code execution.,0.47051,0.928306,,,
hadolint,DL3055,Label <label> is not a valid git hash.,10,1.0,0.966263,0.03373700000000002,very_low_gap,5,SR 3.7,SR,,3,Error handling,The control system shall identify and handle error conditions in a manner such that effective remediation can occur. This shall be done in a manner which does not provide information that could be exploited by adversaries to attack the IACS unless revealing this information is necessary for the timely troubleshooting of problems.,0.468489,0.906589,,,
hadolint,DL3055,Label <label> is not a valid git hash.,10,1.0,0.966263,0.03373700000000002,very_low_gap,6,SR 1.11,SR,,1,Unsuccessful login attempts,"The control system shall provide the capability to enforce a limit of a configurable number of consecutive invalid access attempts by any user (human, software process or device) during a configurable time period. The control system shall provide the capability to deny access for a specified period of time or until unlocked by an administrator when this limit has been exceeded. For system accounts on behalf of which critical services or servers are run, the control system shall provide the capability to disallow interactive logons.",0.466819,0.888951,,,
hadolint,DL3055,Label <label> is not a valid git hash.,10,1.0,0.966263,0.03373700000000002,very_low_gap,7,SR 3.2,SR,,3,Malicious code protection,"The control system shall provide the capability to employ protection mechanisms to prevent, detect, report and mitigate the effects of malicious code or unauthorized software. The control system shall provide the capability to update the protection mechanisms.",0.463382,0.853549,,,
hadolint,DL3055,Label <label> is not a valid git hash.,10,1.0,0.966263,0.03373700000000002,very_low_gap,8,SR 3.2 RE 1,RE,SR 3.2,3,Malicious code protection on entry and exit points,The control system shall provide the capability to employ malicious code protection mechanisms at all entry and exit points.,0.460481,0.824565,,,
hadolint,DL3055,Label <label> is not a valid git hash.,10,1.0,0.966263,0.03373700000000002,very_low_gap,9,SR 3.8,SR,,3,Session integrity,The control system shall provide the capability to protect the integrity of sessions. The control system shall reject any usage of invalid session IDs.,0.456658,0.787615,,,
hadolint,DL3055,Label <label> is not a valid git hash.,10,1.0,0.966263,0.03373700000000002,very_low_gap,10,SR 1.9,SR,,1,Strength of public key authentication,"For control systems utilizing public key authentication, the control system shall provide the capability to: a) validate certificates by checking the validity of the signature of a given certificate; b) validate certificates by constructing a certification path to an accepted CA or in the case of self-signed certificates by deploying leaf certificates to all hosts which communicate with the subject to which the certificate is issued; c) validate certificates by checking a given certificate’s revocation status; d) establish user (human, software process or device) control of the corresponding private key; and e) map the authenticated identity to a user (human, software process or device).",0.456055,0.781914,,,
hadolint,DL3039,Do not use dnf update,4,1.0,0.881148,0.11885199999999996,medium_gap,1,SR 1.11,SR,,1,Unsuccessful login attempts,"The control system shall provide the capability to enforce a limit of a configurable number of consecutive invalid access attempts by any user (human, software process or device) during a configurable time period. The control system shall provide the capability to deny access for a specified period of time or until unlocked by an administrator when this limit has been exceeded. For system accounts on behalf of which critical services or servers are run, the control system shall provide the capability to disallow interactive logons.",0.458216,1.0,,,
hadolint,DL3039,Do not use dnf update,4,1.0,0.881148,0.11885199999999996,medium_gap,2,SR 3.6,SR,,3,Deterministic output,The control system shall provide the capability to set outputs to a predetermined state if normal operation cannot be maintained as a result of an attack.,0.447795,0.881148,,,
hadolint,DL3039,Do not use dnf update,4,1.0,0.881148,0.11885199999999996,medium_gap,3,SR 3.2,SR,,3,Malicious code protection,"The control system shall provide the capability to employ protection mechanisms to prevent, detect, report and mitigate the effects of malicious code or unauthorized software. The control system shall provide the capability to update the protection mechanisms.",0.434919,0.750517,,,
hadolint,DL3039,Do not use dnf update,4,1.0,0.881148,0.11885199999999996,medium_gap,4,SR 3.8 RE 3,RE,SR 3.8,3,Randomness of session IDs,The control system shall provide the capability to generate unique session IDs with commonly accepted sources of randomness.,0.427469,0.682482,,,
hadolint,DL3063,Stage name should not be a reserved word,10,1.0,0.991939,0.008060999999999985,very_low_gap,1,SR 3.2 RE 1,RE,SR 3.2,3,Malicious code protection on entry and exit points,The control system shall provide the capability to employ malicious code protection mechanisms at all entry and exit points.,0.493786,1.0,,,
hadolint,DL3063,Stage name should not be a reserved word,10,1.0,0.991939,0.008060999999999985,very_low_gap,2,SR 3.3,SR,,3,Security functionality verification,"The control system shall provide the capability to support verification of the intended operation of security functions and report when anomalies are discovered during FAT, SAT and scheduled maintenance. These security functions shall include all those necessary to support the security requirements specified in this standard.",0.49306,0.991939,,,
hadolint,DL3063,Stage name should not be a reserved word,10,1.0,0.991939,0.008060999999999985,very_low_gap,3,SR 3.7,SR,,3,Error handling,The control system shall identify and handle error conditions in a manner such that effective remediation can occur. This shall be done in a manner which does not provide information that could be exploited by adversaries to attack the IACS unless revealing this information is necessary for the timely troubleshooting of problems.,0.491474,0.974515,,,
hadolint,DL3063,Stage name should not be a reserved word,10,1.0,0.991939,0.008060999999999985,very_low_gap,4,SR 1.4,SR,,1,Identifier management,"The control system shall provide the capability to support the management of identifiers by user, group, role or control system interface.",0.49086,0.967841,,,
hadolint,DL3063,Stage name should not be a reserved word,10,1.0,0.991939,0.008060999999999985,very_low_gap,5,SR 3.3 RE 1,RE,SR 3.3,3,Automated mechanisms for security functionality verification,"The control system shall provide the capability to employ automated mechanisms to support management of security verification during FAT, SAT and scheduled maintenance.",0.485582,0.911964,,,
hadolint,DL3063,Stage name should not be a reserved word,10,1.0,0.991939,0.008060999999999985,very_low_gap,6,SR 3.6,SR,,3,Deterministic output,The control system shall provide the capability to set outputs to a predetermined state if normal operation cannot be maintained as a result of an attack.,0.485041,0.906398,,,
hadolint,DL3063,Stage name should not be a reserved word,10,1.0,0.991939,0.008060999999999985,very_low_gap,7,SR 7.1,SR,,7,Denial of service protection,The control system shall provide the capability to operate in a degraded mode during a DoS event.,0.480989,0.865522,,,
hadolint,DL3063,Stage name should not be a reserved word,10,1.0,0.991939,0.008060999999999985,very_low_gap,8,SR 3.8 RE 3,RE,SR 3.8,3,Randomness of session IDs,The control system shall provide the capability to generate unique session IDs with commonly accepted sources of randomness.,0.471433,0.775081,,,
hadolint,DL3063,Stage name should not be a reserved word,10,1.0,0.991939,0.008060999999999985,very_low_gap,9,SR 3.2,SR,,3,Malicious code protection,"The control system shall provide the capability to employ protection mechanisms to prevent, detect, report and mitigate the effects of malicious code or unauthorized software. The control system shall provide the capability to update the protection mechanisms.",0.466021,0.727386,,,
hadolint,DL3063,Stage name should not be a reserved word,10,1.0,0.991939,0.008060999999999985,very_low_gap,10,SR 7.7,SR,,7,Least functionality,"The control system shall provide the capability to specifically prohibit and/or restrict the use of unnecessary functions, ports, protocols and/or services.",0.464211,0.711983,,,
hadolint,DL3053,Label <label> is not a valid time format - must be conform to RFC3339.,1,1.0,,,no_gap,1,SR 2.11,SR,,2,Timestamps,The control system shall provide timestamps for use in audit record generation.,0.600301,1.0,,,
hadolint,DL3031,Do not use yum update,8,1.0,0.932792,0.06720800000000005,low_gap,1,SR 3.2,SR,,3,Malicious code protection,"The control system shall provide the capability to employ protection mechanisms to prevent, detect, report and mitigate the effects of malicious code or unauthorized software. The control system shall provide the capability to update the protection mechanisms.",0.444581,1.0,,,
hadolint,DL3031,Do not use yum update,8,1.0,0.932792,0.06720800000000005,low_gap,2,SR 1.11,SR,,1,Unsuccessful login attempts,"The control system shall provide the capability to enforce a limit of a configurable number of consecutive invalid access attempts by any user (human, software process or device) during a configurable time period. The control system shall provide the capability to deny access for a specified period of time or until unlocked by an administrator when this limit has been exceeded. For system accounts on behalf of which critical services or servers are run, the control system shall provide the capability to disallow interactive logons.",0.438992,0.932792,,,
hadolint,DL3031,Do not use yum update,8,1.0,0.932792,0.06720800000000005,low_gap,3,SR 3.3,SR,,3,Security functionality verification,"The control system shall provide the capability to support verification of the intended operation of security functions and report when anomalies are discovered during FAT, SAT and scheduled maintenance. These security functions shall include all those necessary to support the security requirements specified in this standard.",0.42878,0.819524,,,
hadolint,DL3031,Do not use yum update,8,1.0,0.932792,0.06720800000000005,low_gap,4,SR 3.8 RE 3,RE,SR 3.8,3,Randomness of session IDs,The control system shall provide the capability to generate unique session IDs with commonly accepted sources of randomness.,0.425447,0.785096,,,
hadolint,DL3031,Do not use yum update,8,1.0,0.932792,0.06720800000000005,low_gap,5,SR 2.4,SR,,2,Mobile code,The control system shall provide the capability to enforce usage restrictions for mobile code technologies based on the potential to cause damage to the control system that include: a) preventing the execution of mobile code; b) requiring proper authentication and authorization for origin of the code; c) restricting mobile code transfer to/from the control system; and d) monitoring the use of mobile code.,0.422826,0.758862,,,
hadolint,DL3031,Do not use yum update,8,1.0,0.932792,0.06720800000000005,low_gap,6,SR 3.2 RE 2,RE,SR 3.2,3,Central management and reporting for malicious code protection,The control system shall provide the capability to manage malicious code protection mechanisms.,0.420028,0.73165,,,
hadolint,DL3031,Do not use yum update,8,1.0,0.932792,0.06720800000000005,low_gap,7,SR 3.8,SR,,3,Session integrity,The control system shall provide the capability to protect the integrity of sessions. The control system shall reject any usage of invalid session IDs.,0.416608,0.699475,,,
hadolint,DL3031,Do not use yum update,8,1.0,0.932792,0.06720800000000005,low_gap,8,SR 3.2 RE 1,RE,SR 3.2,3,Malicious code protection on entry and exit points,The control system shall provide the capability to employ malicious code protection mechanisms at all entry and exit points.,0.414699,0.682024,,,
hadolint,DL3016,Pin versions in npm.,10,1.0,0.866092,0.13390800000000003,medium_gap,1,SR 1.9,SR,,1,Strength of public key authentication,"For control systems utilizing public key authentication, the control system shall provide the capability to: a) validate certificates by checking the validity of the signature of a given certificate; b) validate certificates by constructing a certification path to an accepted CA or in the case of self-signed certificates by deploying leaf certificates to all hosts which communicate with the subject to which the certificate is issued; c) validate certificates by checking a given certificate’s revocation status; d) establish user (human, software process or device) control of the corresponding private key; and e) map the authenticated identity to a user (human, software process or device).",0.453884,1.0,,,
hadolint,DL3016,Pin versions in npm.,10,1.0,0.866092,0.13390800000000003,medium_gap,2,SR 3.8 RE 3,RE,SR 3.8,3,Randomness of session IDs,The control system shall provide the capability to generate unique session IDs with commonly accepted sources of randomness.,0.442173,0.866092,,,
hadolint,DL3016,Pin versions in npm.,10,1.0,0.866092,0.13390800000000003,medium_gap,3,SR 1.8,SR,,1,Public key infrastructure (PKI) certificates,"Where PKI is utilized, the control system shall provide the capability to operate a PKI according to commonly accepted best practices or obtain public key certificates from an existing PKI.",0.433685,0.778506,,,
hadolint,DL3016,Pin versions in npm.,10,1.0,0.866092,0.13390800000000003,medium_gap,4,SR 2.8 RE 1,RE,SR 2.8,2,"Centrally managed, system-wide audit trail","The control system shall provide the capability to centrally manage audit events and to compile audit records from multiple components throughout the control system into a system-wide (logical or physical), time-correlated audit trail. The control system shall provide the capability to export these audit records in industry standard formats for analysis by standard commercial log analysis tools, for example, security information and event management (SIEM).",0.431654,0.758667,,,
hadolint,DL3016,Pin versions in npm.,10,1.0,0.866092,0.13390800000000003,medium_gap,5,SR 1.5 RE 1,RE,SR 1.5,1,Hardware security for software process identity credentials,"For software process and device users, the control system shall provide the capability to protect the relevant authenticators via hardware mechanisms.",0.431378,0.755998,,,
hadolint,DL3016,Pin versions in npm.,10,1.0,0.866092,0.13390800000000003,medium_gap,6,SR 1.7 RE 1,RE,SR 1.7,1,Password generation and lifetime restrictions for human users,"The control system shall provide the capability to prevent any given human user account from reusing a password for a configurable number of generations. In addition, the control system shall provide the capability to enforce password minimum and maximum lifetime restrictions for human users. These capabilities shall conform with commonly accepted security industry practices.",0.429235,0.735573,,,
hadolint,DL3016,Pin versions in npm.,10,1.0,0.866092,0.13390800000000003,medium_gap,7,SR 2.12 RE 1,RE,SR 2.12,2,Non-repudiation for all users,"The control system shall provide the capability to determine whether a given user (human, software process or device) took a particular action.",0.428332,0.727101,,,
hadolint,DL3016,Pin versions in npm.,10,1.0,0.866092,0.13390800000000003,medium_gap,8,SR 2.11,SR,,2,Timestamps,The control system shall provide timestamps for use in audit record generation.,0.427269,0.71724,,,
hadolint,DL3016,Pin versions in npm.,10,1.0,0.866092,0.13390800000000003,medium_gap,9,SR 1.5,SR,,1,Authenticator management,The control system shall provide the capability to: h) initialize authenticator content; i) change all default authenticators upon control system installation; j) change/refresh all authenticators; and k) protect all authenticators from unauthorized disclosure and modification when stored and transmitted.,0.425969,0.705311,,,
hadolint,DL3016,Pin versions in npm.,10,1.0,0.866092,0.13390800000000003,medium_gap,10,SR 7.6,SR,,7,Network and security configuration settings,The control system shall provide the capability to be configured according to recommended network and security configurations as described in guidelines provided by the control system supplier. The control system shall provide an interface to the currently deployed network and security configuration settings.,0.423452,0.682696,,,
hadolint,DL3025,Use arguments JSON notation for CMD and ENTRYPOINT arguments,7,1.0,0.889511,0.11048899999999995,medium_gap,1,SR 3.2 RE 1,RE,SR 3.2,3,Malicious code protection on entry and exit points,The control system shall provide the capability to employ malicious code protection mechanisms at all entry and exit points.,0.528187,1.0,,,
hadolint,DL3025,Use arguments JSON notation for CMD and ENTRYPOINT arguments,7,1.0,0.889511,0.11048899999999995,medium_gap,2,SR 3.5,SR,,3,Input validation,The control system shall validate the syntax and content of any input which is used as an industrial process control input or input that directly impacts the action of the control system.,0.517061,0.889511,,,
hadolint,DL3025,Use arguments JSON notation for CMD and ENTRYPOINT arguments,7,1.0,0.889511,0.11048899999999995,medium_gap,3,SR 3.7,SR,,3,Error handling,The control system shall identify and handle error conditions in a manner such that effective remediation can occur. This shall be done in a manner which does not provide information that could be exploited by adversaries to attack the IACS unless revealing this information is necessary for the timely troubleshooting of problems.,0.511355,0.836842,,,
hadolint,DL3025,Use arguments JSON notation for CMD and ENTRYPOINT arguments,7,1.0,0.889511,0.11048899999999995,medium_gap,4,SR 3.3 RE 2,RE,SR 3.3,3,Security functionality verification during normal operation,The control system shall provide the capability to support verification of the intended operation of security functions during normal operations.,0.504616,0.777953,,,
hadolint,DL3025,Use arguments JSON notation for CMD and ENTRYPOINT arguments,7,1.0,0.889511,0.11048899999999995,medium_gap,5,SR 1.4,SR,,1,Identifier management,"The control system shall provide the capability to support the management of identifiers by user, group, role or control system interface.",0.502624,0.761215,,,
hadolint,DL3025,Use arguments JSON notation for CMD and ENTRYPOINT arguments,7,1.0,0.889511,0.11048899999999995,medium_gap,6,SR 7.6,SR,,7,Network and security configuration settings,The control system shall provide the capability to be configured according to recommended network and security configurations as described in guidelines provided by the control system supplier. The control system shall provide an interface to the currently deployed network and security configuration settings.,0.493233,0.686209,,,
hadolint,DL3025,Use arguments JSON notation for CMD and ENTRYPOINT arguments,7,1.0,0.889511,0.11048899999999995,medium_gap,7,SR 5.2 RE 3,RE,SR 5.2,5,Fail close,The control system shall provide the capability to prevent any communication through the control system boundary when there is an operational failure of the boundary protection mechanisms (also termed fail close). This ‘fail close’ functionality shall be designed such that it does not interfere with the operation of a SIS or other safety-related functions.,0.492709,0.682211,,,
hadolint,DL3067,Do not copy an entire filesystem from another stage,1,1.0,,,no_gap,1,SR 7.3,SR,,7,Control system backup,The identity and location of critical files and the ability to conduct backups of user-level and system-level information (including system state information) shall be supported by the control system without affecting normal plant operations.,0.576489,1.0,,,
hadolint,DL3004,Do not use sudo.,4,1.0,0.822032,0.17796800000000002,medium_gap,1,SR 2.4,SR,,2,Mobile code,The control system shall provide the capability to enforce usage restrictions for mobile code technologies based on the potential to cause damage to the control system that include: a) preventing the execution of mobile code; b) requiring proper authentication and authorization for origin of the code; c) restricting mobile code transfer to/from the control system; and d) monitoring the use of mobile code.,0.456336,1.0,,,
hadolint,DL3004,Do not use sudo.,4,1.0,0.822032,0.17796800000000002,medium_gap,2,SR 1.11,SR,,1,Unsuccessful login attempts,"The control system shall provide the capability to enforce a limit of a configurable number of consecutive invalid access attempts by any user (human, software process or device) during a configurable time period. The control system shall provide the capability to deny access for a specified period of time or until unlocked by an administrator when this limit has been exceeded. For system accounts on behalf of which critical services or servers are run, the control system shall provide the capability to disallow interactive logons.",0.440363,0.822032,,,
hadolint,DL3004,Do not use sudo.,4,1.0,0.822032,0.17796800000000002,medium_gap,3,SR 4.2,SR,,4,Information persistence,The control system shall provide the capability to purge all information for which explicit read authorization is supported from components to be released from active service and/or decommissioned.,0.439951,0.817819,,,
hadolint,DL3004,Do not use sudo.,4,1.0,0.822032,0.17796800000000002,medium_gap,4,SR 1.13 RE 1,RE,SR 1.13,1,Explicit access request approval,The control system shall provide the capability to deny access requests via untrusted networks unless approved by an assigned role.,0.426161,0.686417,,,
hadolint,DL3064,Potentially sensitive data should not be used in the ARG or ENV commands,10,1.0,0.924284,0.075716,low_gap,1,SR 3.2 RE 1,RE,SR 3.2,3,Malicious code protection on entry and exit points,The control system shall provide the capability to employ malicious code protection mechanisms at all entry and exit points.,0.545811,1.0,,,
hadolint,DL3064,Potentially sensitive data should not be used in the ARG or ENV commands,10,1.0,0.924284,0.075716,low_gap,2,SR 3.7,SR,,3,Error handling,The control system shall identify and handle error conditions in a manner such that effective remediation can occur. This shall be done in a manner which does not provide information that could be exploited by adversaries to attack the IACS unless revealing this information is necessary for the timely troubleshooting of problems.,0.538053,0.924284,,,
hadolint,DL3064,Potentially sensitive data should not be used in the ARG or ENV commands,10,1.0,0.924284,0.075716,low_gap,3,SR 3.9,SR,,3,Protection of audit information,"The control system shall protect audit information and audit tools (if present) from unauthorized access, modification and deletion.",0.530489,0.855047,,,
hadolint,DL3064,Potentially sensitive data should not be used in the ARG or ENV commands,10,1.0,0.924284,0.075716,low_gap,4,SR 3.2,SR,,3,Malicious code protection,"The control system shall provide the capability to employ protection mechanisms to prevent, detect, report and mitigate the effects of malicious code or unauthorized software. The control system shall provide the capability to update the protection mechanisms.",0.523908,0.798308,,,
hadolint,DL3064,Potentially sensitive data should not be used in the ARG or ENV commands,10,1.0,0.924284,0.075716,low_gap,5,SR 3.3 RE 2,RE,SR 3.3,3,Security functionality verification during normal operation,The control system shall provide the capability to support verification of the intended operation of security functions during normal operations.,0.523827,0.797632,,,
hadolint,DL3064,Potentially sensitive data should not be used in the ARG or ENV commands,10,1.0,0.924284,0.075716,low_gap,6,SR 1.13 RE 1,RE,SR 1.13,1,Explicit access request approval,The control system shall provide the capability to deny access requests via untrusted networks unless approved by an assigned role.,0.523245,0.792768,,,
hadolint,DL3064,Potentially sensitive data should not be used in the ARG or ENV commands,10,1.0,0.924284,0.075716,low_gap,7,SR 4.1,SR,,4,Information confidentiality,"The control system shall provide the capability to protect the confidentiality of information for which explicit read authorization is supported, whether at rest or in transit.",0.52254,0.786912,,,
hadolint,DL3064,Potentially sensitive data should not be used in the ARG or ENV commands,10,1.0,0.924284,0.075716,low_gap,8,SR 1.9,SR,,1,Strength of public key authentication,"For control systems utilizing public key authentication, the control system shall provide the capability to: a) validate certificates by checking the validity of the signature of a given certificate; b) validate certificates by constructing a certification path to an accepted CA or in the case of self-signed certificates by deploying leaf certificates to all hosts which communicate with the subject to which the certificate is issued; c) validate certificates by checking a given certificate’s revocation status; d) establish user (human, software process or device) control of the corresponding private key; and e) map the authenticated identity to a user (human, software process or device).",0.522411,0.78584,,,
hadolint,DL3064,Potentially sensitive data should not be used in the ARG or ENV commands,10,1.0,0.924284,0.075716,low_gap,9,SR 1.7 RE 1,RE,SR 1.7,1,Password generation and lifetime restrictions for human users,"The control system shall provide the capability to prevent any given human user account from reusing a password for a configurable number of generations. In addition, the control system shall provide the capability to enforce password minimum and maximum lifetime restrictions for human users. These capabilities shall conform with commonly accepted security industry practices.",0.520885,0.773299,,,
hadolint,DL3064,Potentially sensitive data should not be used in the ARG or ENV commands,10,1.0,0.924284,0.075716,low_gap,10,SR 7.3,SR,,7,Control system backup,The identity and location of critical files and the ability to conduct backups of user-level and system-level information (including system state information) shall be supported by the control system without affecting normal plant operations.,0.518267,0.752164,,,
shellcheck,SC1055,You need at least one command here. Use true; as a no-op.,10,1.0,0.909863,0.09013700000000002,low_gap,1,SR 2.12 RE 1,RE,SR 2.12,2,Non-repudiation for all users,"The control system shall provide the capability to determine whether a given user (human, software process or device) took a particular action.",0.577484,1.0,,,
shellcheck,SC1055,You need at least one command here. Use true; as a no-op.,10,1.0,0.909863,0.09013700000000002,low_gap,2,SR 1.11,SR,,1,Unsuccessful login attempts,"The control system shall provide the capability to enforce a limit of a configurable number of consecutive invalid access attempts by any user (human, software process or device) during a configurable time period. The control system shall provide the capability to deny access for a specified period of time or until unlocked by an administrator when this limit has been exceeded. For system accounts on behalf of which critical services or servers are run, the control system shall provide the capability to disallow interactive logons.",0.56765,0.909863,,,
shellcheck,SC1055,You need at least one command here. Use true; as a no-op.,10,1.0,0.909863,0.09013700000000002,low_gap,3,SR 5.2 RE 3,RE,SR 5.2,5,Fail close,The control system shall provide the capability to prevent any communication through the control system boundary when there is an operational failure of the boundary protection mechanisms (also termed fail close). This ‘fail close’ functionality shall be designed such that it does not interfere with the operation of a SIS or other safety-related functions.,0.559727,0.842174,,,
shellcheck,SC1055,You need at least one command here. Use true; as a no-op.,10,1.0,0.909863,0.09013700000000002,low_gap,4,SR 3.7,SR,,3,Error handling,The control system shall identify and handle error conditions in a manner such that effective remediation can occur. This shall be done in a manner which does not provide information that could be exploited by adversaries to attack the IACS unless revealing this information is necessary for the timely troubleshooting of problems.,0.554716,0.801526,,,
shellcheck,SC1055,You need at least one command here. Use true; as a no-op.,10,1.0,0.909863,0.09013700000000002,low_gap,5,SR 2.12,SR,,2,Non-repudiation,The control system shall provide the capability to determine whether a given human user took a particular action.,0.554602,0.80062,,,
shellcheck,SC1055,You need at least one command here. Use true; as a no-op.,10,1.0,0.909863,0.09013700000000002,low_gap,6,SR 7.1,SR,,7,Denial of service protection,The control system shall provide the capability to operate in a degraded mode during a DoS event.,0.5515,0.776303,,,
shellcheck,SC1055,You need at least one command here. Use true; as a no-op.,10,1.0,0.909863,0.09013700000000002,low_gap,7,SR 3.2 RE 1,RE,SR 3.2,3,Malicious code protection on entry and exit points,The control system shall provide the capability to employ malicious code protection mechanisms at all entry and exit points.,0.551044,0.772777,,,
shellcheck,SC1055,You need at least one command here. Use true; as a no-op.,10,1.0,0.909863,0.09013700000000002,low_gap,8,SR 3.3,SR,,3,Security functionality verification,"The control system shall provide the capability to support verification of the intended operation of security functions and report when anomalies are discovered during FAT, SAT and scheduled maintenance. These security functions shall include all those necessary to support the security requirements specified in this standard.",0.548299,0.751842,,,
shellcheck,SC1055,You need at least one command here. Use true; as a no-op.,10,1.0,0.909863,0.09013700000000002,low_gap,9,SR 3.2,SR,,3,Malicious code protection,"The control system shall provide the capability to employ protection mechanisms to prevent, detect, report and mitigate the effects of malicious code or unauthorized software. The control system shall provide the capability to update the protection mechanisms.",0.546784,0.740491,,,
shellcheck,SC1055,You need at least one command here. Use true; as a no-op.,10,1.0,0.909863,0.09013700000000002,low_gap,10,SR 5.2 RE 1,RE,SR 5.2,5,"Deny by default, allow by exception","The control system shall provide the capability to deny network traffic by default and allow network traffic by exception (also termed deny all, permit by exception).",0.546124,0.735583,,,
shellcheck,SC2009,Consider using pgrep instead of grepping ps output.,10,1.0,0.856214,0.14378599999999997,medium_gap,1,SR 3.7,SR,,3,Error handling,The control system shall identify and handle error conditions in a manner such that effective remediation can occur. This shall be done in a manner which does not provide information that could be exploited by adversaries to attack the IACS unless revealing this information is necessary for the timely troubleshooting of problems.,0.564709,1.0,,,
shellcheck,SC2009,Consider using pgrep instead of grepping ps output.,10,1.0,0.856214,0.14378599999999997,medium_gap,2,SR 7.1,SR,,7,Denial of service protection,The control system shall provide the capability to operate in a degraded mode during a DoS event.,0.548993,0.856214,,,
shellcheck,SC2009,Consider using pgrep instead of grepping ps output.,10,1.0,0.856214,0.14378599999999997,medium_gap,3,SR 1.5 RE 1,RE,SR 1.5,1,Hardware security for software process identity credentials,"For software process and device users, the control system shall provide the capability to protect the relevant authenticators via hardware mechanisms.",0.543535,0.810433,,,
shellcheck,SC2009,Consider using pgrep instead of grepping ps output.,10,1.0,0.856214,0.14378599999999997,medium_gap,4,SR 2.11,SR,,2,Timestamps,The control system shall provide timestamps for use in audit record generation.,0.539937,0.781359,,,
shellcheck,SC2009,Consider using pgrep instead of grepping ps output.,10,1.0,0.856214,0.14378599999999997,medium_gap,5,SR 3.3,SR,,3,Security functionality verification,"The control system shall provide the capability to support verification of the intended operation of security functions and report when anomalies are discovered during FAT, SAT and scheduled maintenance. These security functions shall include all those necessary to support the security requirements specified in this standard.",0.539731,0.779724,,,
shellcheck,SC2009,Consider using pgrep instead of grepping ps output.,10,1.0,0.856214,0.14378599999999997,medium_gap,6,SR 7.6 RE 1,RE,SR 7.6,7,Machine-readable reporting of current security settings,The control system shall provide the capability to generate a report listing the currently deployed security settings in a machine-readable format.,0.537573,0.762732,,,
shellcheck,SC2009,Consider using pgrep instead of grepping ps output.,10,1.0,0.856214,0.14378599999999997,medium_gap,7,SR 7.3,SR,,7,Control system backup,The identity and location of critical files and the ability to conduct backups of user-level and system-level information (including system state information) shall be supported by the control system without affecting normal plant operations.,0.537198,0.75981,,,
shellcheck,SC2009,Consider using pgrep instead of grepping ps output.,10,1.0,0.856214,0.14378599999999997,medium_gap,8,SR 2.10,SR,,2,Response to audit processing failures,The control system shall provide the capability to alert personnel and prevent the loss of essential services and functions in the event of an audit processing failure. The control system shall provide the capability to support appropriate actions in response to an audit processing failure according to commonly accepted industry practices and recommendations.,0.536478,0.754223,,,
shellcheck,SC2009,Consider using pgrep instead of grepping ps output.,10,1.0,0.856214,0.14378599999999997,medium_gap,9,SR 3.6,SR,,3,Deterministic output,The control system shall provide the capability to set outputs to a predetermined state if normal operation cannot be maintained as a result of an attack.,0.530015,0.705587,,,
shellcheck,SC2009,Consider using pgrep instead of grepping ps output.,10,1.0,0.856214,0.14378599999999997,medium_gap,10,SR 1.2,SR,,1,Software process and device identification and authentication,The control system shall provide the capability to identify and authenticate all software processes and devices.,0.529804,0.704042,,,
shellcheck,SC1037,"Braces are required for positionals over 9, e.g. ${10}.",10,1.0,0.831179,0.168821,medium_gap,1,SR 3.5,SR,,3,Input validation,The control system shall validate the syntax and content of any input which is used as an industrial process control input or input that directly impacts the action of the control system.,0.540874,1.0,,,
shellcheck,SC1037,"Braces are required for positionals over 9, e.g. ${10}.",10,1.0,0.831179,0.168821,medium_gap,2,SR 7.3,SR,,7,Control system backup,The identity and location of critical files and the ability to conduct backups of user-level and system-level information (including system state information) shall be supported by the control system without affecting normal plant operations.,0.522992,0.831179,,,
shellcheck,SC1037,"Braces are required for positionals over 9, e.g. ${10}.",10,1.0,0.831179,0.168821,medium_gap,3,SR 3.7,SR,,3,Error handling,The control system shall identify and handle error conditions in a manner such that effective remediation can occur. This shall be done in a manner which does not provide information that could be exploited by adversaries to attack the IACS unless revealing this information is necessary for the timely troubleshooting of problems.,0.522281,0.824983,,,
shellcheck,SC1037,"Braces are required for positionals over 9, e.g. ${10}.",10,1.0,0.831179,0.168821,medium_gap,4,SR 7.7,SR,,7,Least functionality,"The control system shall provide the capability to specifically prohibit and/or restrict the use of unnecessary functions, ports, protocols and/or services.",0.521979,0.822356,,,
shellcheck,SC1037,"Braces are required for positionals over 9, e.g. ${10}.",10,1.0,0.831179,0.168821,medium_gap,5,SR 1.11,SR,,1,Unsuccessful login attempts,"The control system shall provide the capability to enforce a limit of a configurable number of consecutive invalid access attempts by any user (human, software process or device) during a configurable time period. The control system shall provide the capability to deny access for a specified period of time or until unlocked by an administrator when this limit has been exceeded. For system accounts on behalf of which critical services or servers are run, the control system shall provide the capability to disallow interactive logons.",0.520249,0.807476,,,
shellcheck,SC1037,"Braces are required for positionals over 9, e.g. ${10}.",10,1.0,0.831179,0.168821,medium_gap,6,SR 5.2 RE 3,RE,SR 5.2,5,Fail close,The control system shall provide the capability to prevent any communication through the control system boundary when there is an operational failure of the boundary protection mechanisms (also termed fail close). This ‘fail close’ functionality shall be designed such that it does not interfere with the operation of a SIS or other safety-related functions.,0.520167,0.806784,,,
shellcheck,SC1037,"Braces are required for positionals over 9, e.g. ${10}.",10,1.0,0.831179,0.168821,medium_gap,7,SR 3.2 RE 1,RE,SR 3.2,3,Malicious code protection on entry and exit points,The control system shall provide the capability to employ malicious code protection mechanisms at all entry and exit points.,0.518104,0.78934,,,
shellcheck,SC1037,"Braces are required for positionals over 9, e.g. ${10}.",10,1.0,0.831179,0.168821,medium_gap,8,SR 1.4,SR,,1,Identifier management,"The control system shall provide the capability to support the management of identifiers by user, group, role or control system interface.",0.517609,0.785197,,,
shellcheck,SC1037,"Braces are required for positionals over 9, e.g. ${10}.",10,1.0,0.831179,0.168821,medium_gap,9,SR 2.9 RE 1,RE,SR 2.9,2,Warn when audit record storage capacity threshold reached,The control system shall provide the capability to issue a warning when the allocated audit record storage volume reaches a configurable percentage of maximum audit record storage capacity.,0.513752,0.753554,,,
shellcheck,SC1037,"Braces are required for positionals over 9, e.g. ${10}.",10,1.0,0.831179,0.168821,medium_gap,10,SR 2.11,SR,,2,Timestamps,The control system shall provide timestamps for use in audit record generation.,0.513128,0.748531,,,
shellcheck,SC1131,Use elif to start another branch.,10,1.0,0.982468,0.017531999999999992,very_low_gap,1,SR 3.7,SR,,3,Error handling,The control system shall identify and handle error conditions in a manner such that effective remediation can occur. This shall be done in a manner which does not provide information that could be exploited by adversaries to attack the IACS unless revealing this information is necessary for the timely troubleshooting of problems.,0.476527,1.0,,,
shellcheck,SC1131,Use elif to start another branch.,10,1.0,0.982468,0.017531999999999992,very_low_gap,2,SR 3.6,SR,,3,Deterministic output,The control system shall provide the capability to set outputs to a predetermined state if normal operation cannot be maintained as a result of an attack.,0.474997,0.982468,,,
shellcheck,SC1131,Use elif to start another branch.,10,1.0,0.982468,0.017531999999999992,very_low_gap,3,SR 5.2 RE 3,RE,SR 5.2,5,Fail close,The control system shall provide the capability to prevent any communication through the control system boundary when there is an operational failure of the boundary protection mechanisms (also termed fail close). This ‘fail close’ functionality shall be designed such that it does not interfere with the operation of a SIS or other safety-related functions.,0.472036,0.949256,,,
shellcheck,SC1131,Use elif to start another branch.,10,1.0,0.982468,0.017531999999999992,very_low_gap,4,SR 3.5,SR,,3,Input validation,The control system shall validate the syntax and content of any input which is used as an industrial process control input or input that directly impacts the action of the control system.,0.463837,0.862041,,,
shellcheck,SC1131,Use elif to start another branch.,10,1.0,0.982468,0.017531999999999992,very_low_gap,5,SR 3.2 RE 1,RE,SR 3.2,3,Malicious code protection on entry and exit points,The control system shall provide the capability to employ malicious code protection mechanisms at all entry and exit points.,0.459486,0.81849,,,
shellcheck,SC1131,Use elif to start another branch.,10,1.0,0.982468,0.017531999999999992,very_low_gap,6,SR 1.11,SR,,1,Unsuccessful login attempts,"The control system shall provide the capability to enforce a limit of a configurable number of consecutive invalid access attempts by any user (human, software process or device) during a configurable time period. The control system shall provide the capability to deny access for a specified period of time or until unlocked by an administrator when this limit has been exceeded. For system accounts on behalf of which critical services or servers are run, the control system shall provide the capability to disallow interactive logons.",0.456071,0.785593,,,
shellcheck,SC1131,Use elif to start another branch.,10,1.0,0.982468,0.017531999999999992,very_low_gap,7,SR 3.3 RE 2,RE,SR 3.3,3,Security functionality verification during normal operation,The control system shall provide the capability to support verification of the intended operation of security functions during normal operations.,0.449734,0.727404,,,
shellcheck,SC1131,Use elif to start another branch.,10,1.0,0.982468,0.017531999999999992,very_low_gap,8,SR 2.12 RE 1,RE,SR 2.12,2,Non-repudiation for all users,"The control system shall provide the capability to determine whether a given user (human, software process or device) took a particular action.",0.449214,0.722788,,,
shellcheck,SC1131,Use elif to start another branch.,10,1.0,0.982468,0.017531999999999992,very_low_gap,9,SR 3.8 RE 3,RE,SR 3.8,3,Randomness of session IDs,The control system shall provide the capability to generate unique session IDs with commonly accepted sources of randomness.,0.44783,0.710627,,,
shellcheck,SC1131,Use elif to start another branch.,10,1.0,0.982468,0.017531999999999992,very_low_gap,10,SR 2.4 RE 1,RE,SR 2.4,2,Mobile code integrity check,The control system shall provide the capability to verify integrity of the mobile code before allowing code execution.,0.444459,0.681698,,,
shellcheck,SC2154,var is referenced but not assigned.,7,1.0,0.89873,0.10126999999999997,medium_gap,1,SR 3.5,SR,,3,Input validation,The control system shall validate the syntax and content of any input which is used as an industrial process control input or input that directly impacts the action of the control system.,0.498293,1.0,,,
shellcheck,SC2154,var is referenced but not assigned.,7,1.0,0.89873,0.10126999999999997,medium_gap,2,SR 1.4,SR,,1,Identifier management,"The control system shall provide the capability to support the management of identifiers by user, group, role or control system interface.",0.488713,0.89873,,,
shellcheck,SC2154,var is referenced but not assigned.,7,1.0,0.89873,0.10126999999999997,medium_gap,3,SR 1.2 RE 1,RE,SR 1.2,1,Unique identification and authentication,The control system shall provide the capability to uniquely identify and authenticate all software processes and devices.,0.46911,0.717532,,,
shellcheck,SC2154,var is referenced but not assigned.,7,1.0,0.89873,0.10126999999999997,medium_gap,4,SR 2.12 RE 1,RE,SR 2.12,2,Non-repudiation for all users,"The control system shall provide the capability to determine whether a given user (human, software process or device) took a particular action.",0.468066,0.708796,,,
shellcheck,SC2154,var is referenced but not assigned.,7,1.0,0.89873,0.10126999999999997,medium_gap,5,SR 1.2,SR,,1,Software process and device identification and authentication,The control system shall provide the capability to identify and authenticate all software processes and devices.,0.467691,0.705681,,,
shellcheck,SC2154,var is referenced but not assigned.,7,1.0,0.89873,0.10126999999999997,medium_gap,6,SR 2.11,SR,,2,Timestamps,The control system shall provide timestamps for use in audit record generation.,0.466548,0.696247,,,
shellcheck,SC2154,var is referenced but not assigned.,7,1.0,0.89873,0.10126999999999997,medium_gap,7,SR 3.7,SR,,3,Error handling,The control system shall identify and handle error conditions in a manner such that effective remediation can occur. This shall be done in a manner which does not provide information that could be exploited by adversaries to attack the IACS unless revealing this information is necessary for the timely troubleshooting of problems.,0.465497,0.687661,,,
shellcheck,SC3018,"In POSIX sh, ++ is undefined.",10,1.0,0.988446,0.011553999999999953,very_low_gap,1,SR 3.5,SR,,3,Input validation,The control system shall validate the syntax and content of any input which is used as an industrial process control input or input that directly impacts the action of the control system.,0.471127,1.0,,,
shellcheck,SC3018,"In POSIX sh, ++ is undefined.",10,1.0,0.988446,0.011553999999999953,very_low_gap,2,SR 1.4,SR,,1,Identifier management,"The control system shall provide the capability to support the management of identifiers by user, group, role or control system interface.",0.470133,0.988446,,,
shellcheck,SC3018,"In POSIX sh, ++ is undefined.",10,1.0,0.988446,0.011553999999999953,very_low_gap,3,SR 3.7,SR,,3,Error handling,The control system shall identify and handle error conditions in a manner such that effective remediation can occur. This shall be done in a manner which does not provide information that could be exploited by adversaries to attack the IACS unless revealing this information is necessary for the timely troubleshooting of problems.,0.468322,0.967686,,,
shellcheck,SC3018,"In POSIX sh, ++ is undefined.",10,1.0,0.988446,0.011553999999999953,very_low_gap,4,SR 7.1 RE 1,RE,SR 7.1,7,Manage communication loads,The control system shall provide the capability to manage communication loads (such as using rate limiting) to mitigate the effects of information flooding types of DoS events.,0.461942,0.897375,,,
shellcheck,SC3018,"In POSIX sh, ++ is undefined.",10,1.0,0.988446,0.011553999999999953,very_low_gap,5,SR 4.2 RE 1,RE,SR 4.2,4,Purging of shared memory resources,The control system shall provide the capability to prevent unauthorized and unintended information transfer via volatile shared memory resources.,0.460914,0.886438,,,
shellcheck,SC3018,"In POSIX sh, ++ is undefined.",10,1.0,0.988446,0.011553999999999953,very_low_gap,6,SR 5.2 RE 3,RE,SR 5.2,5,Fail close,The control system shall provide the capability to prevent any communication through the control system boundary when there is an operational failure of the boundary protection mechanisms (also termed fail close). This ‘fail close’ functionality shall be designed such that it does not interfere with the operation of a SIS or other safety-related functions.,0.457306,0.848943,,,
shellcheck,SC3018,"In POSIX sh, ++ is undefined.",10,1.0,0.988446,0.011553999999999953,very_low_gap,7,SR 4.2,SR,,4,Information persistence,The control system shall provide the capability to purge all information for which explicit read authorization is supported from components to be released from active service and/or decommissioned.,0.454747,0.823145,,,
shellcheck,SC3018,"In POSIX sh, ++ is undefined.",10,1.0,0.988446,0.011553999999999953,very_low_gap,8,SR 1.5 RE 1,RE,SR 1.5,1,Hardware security for software process identity credentials,"For software process and device users, the control system shall provide the capability to protect the relevant authenticators via hardware mechanisms.",0.449118,0.768643,,,
shellcheck,SC3018,"In POSIX sh, ++ is undefined.",10,1.0,0.988446,0.011553999999999953,very_low_gap,9,SR 3.3,SR,,3,Security functionality verification,"The control system shall provide the capability to support verification of the intended operation of security functions and report when anomalies are discovered during FAT, SAT and scheduled maintenance. These security functions shall include all those necessary to support the security requirements specified in this standard.",0.446127,0.740906,,,
shellcheck,SC3018,"In POSIX sh, ++ is undefined.",10,1.0,0.988446,0.011553999999999953,very_low_gap,10,SR 2.12 RE 1,RE,SR 2.12,2,Non-repudiation for all users,"The control system shall provide the capability to determine whether a given user (human, software process or device) took a particular action.",0.445447,0.734713,,,
shellcheck,SC2293,"When eval'ing @Q-quoted words, use * rather than @ as the index.",7,1.0,0.922419,0.07758100000000001,low_gap,1,SR 3.5,SR,,3,Input validation,The control system shall validate the syntax and content of any input which is used as an industrial process control input or input that directly impacts the action of the control system.,0.489626,1.0,,,
shellcheck,SC2293,"When eval'ing @Q-quoted words, use * rather than @ as the index.",7,1.0,0.922419,0.07758100000000001,low_gap,2,SR 3.7,SR,,3,Error handling,The control system shall identify and handle error conditions in a manner such that effective remediation can occur. This shall be done in a manner which does not provide information that could be exploited by adversaries to attack the IACS unless revealing this information is necessary for the timely troubleshooting of problems.,0.48249,0.922419,,,
shellcheck,SC2293,"When eval'ing @Q-quoted words, use * rather than @ as the index.",7,1.0,0.922419,0.07758100000000001,low_gap,3,SR 2.11,SR,,2,Timestamps,The control system shall provide timestamps for use in audit record generation.,0.473005,0.826994,,,
shellcheck,SC2293,"When eval'ing @Q-quoted words, use * rather than @ as the index.",7,1.0,0.922419,0.07758100000000001,low_gap,4,SR 3.2 RE 1,RE,SR 3.2,3,Malicious code protection on entry and exit points,The control system shall provide the capability to employ malicious code protection mechanisms at all entry and exit points.,0.464928,0.752256,,,
shellcheck,SC2293,"When eval'ing @Q-quoted words, use * rather than @ as the index.",7,1.0,0.922419,0.07758100000000001,low_gap,5,SR 7.1 RE 1,RE,SR 7.1,7,Manage communication loads,The control system shall provide the capability to manage communication loads (such as using rate limiting) to mitigate the effects of information flooding types of DoS events.,0.464857,0.751624,,,
shellcheck,SC2293,"When eval'ing @Q-quoted words, use * rather than @ as the index.",7,1.0,0.922419,0.07758100000000001,low_gap,6,SR 5.2 RE 3,RE,SR 5.2,5,Fail close,The control system shall provide the capability to prevent any communication through the control system boundary when there is an operational failure of the boundary protection mechanisms (also termed fail close). This ‘fail close’ functionality shall be designed such that it does not interfere with the operation of a SIS or other safety-related functions.,0.462473,0.730669,,,
shellcheck,SC2293,"When eval'ing @Q-quoted words, use * rather than @ as the index.",7,1.0,0.922419,0.07758100000000001,low_gap,7,SR 1.11,SR,,1,Unsuccessful login attempts,"The control system shall provide the capability to enforce a limit of a configurable number of consecutive invalid access attempts by any user (human, software process or device) during a configurable time period. The control system shall provide the capability to deny access for a specified period of time or until unlocked by an administrator when this limit has been exceeded. For system accounts on behalf of which critical services or servers are run, the control system shall provide the capability to disallow interactive logons.",0.458516,0.696932,,,
shellcheck,SC2126,Consider using grep -c instead of grep | wc,10,1.0,0.911327,0.088673,low_gap,1,SR 2.9 RE 1,RE,SR 2.9,2,Warn when audit record storage capacity threshold reached,The control system shall provide the capability to issue a warning when the allocated audit record storage volume reaches a configurable percentage of maximum audit record storage capacity.,0.495261,1.0,,,
shellcheck,SC2126,Consider using grep -c instead of grep | wc,10,1.0,0.911327,0.088673,low_gap,2,SR 2.9,SR,,2,Audit storage capacity,The control system shall allocate sufficient audit record storage capacity according to commonly recognized recommendations for log management and system configuration. The control system shall provide auditing mechanisms to reduce the likelihood of such capacity being exceeded.,0.48697,0.911327,,,
shellcheck,SC2126,Consider using grep -c instead of grep | wc,10,1.0,0.911327,0.088673,low_gap,3,SR 3.2 RE 1,RE,SR 3.2,3,Malicious code protection on entry and exit points,The control system shall provide the capability to employ malicious code protection mechanisms at all entry and exit points.,0.485343,0.894705,,,
shellcheck,SC2126,Consider using grep -c instead of grep | wc,10,1.0,0.911327,0.088673,low_gap,4,SR 3.7,SR,,3,Error handling,The control system shall identify and handle error conditions in a manner such that effective remediation can occur. This shall be done in a manner which does not provide information that could be exploited by adversaries to attack the IACS unless revealing this information is necessary for the timely troubleshooting of problems.,0.482953,0.870741,,,
shellcheck,SC2126,Consider using grep -c instead of grep | wc,10,1.0,0.911327,0.088673,low_gap,5,SR 7.3,SR,,7,Control system backup,The identity and location of critical files and the ability to conduct backups of user-level and system-level information (including system state information) shall be supported by the control system without affecting normal plant operations.,0.481245,0.853942,,,
shellcheck,SC2126,Consider using grep -c instead of grep | wc,10,1.0,0.911327,0.088673,low_gap,6,SR 2.8 RE 1,RE,SR 2.8,2,"Centrally managed, system-wide audit trail","The control system shall provide the capability to centrally manage audit events and to compile audit records from multiple components throughout the control system into a system-wide (logical or physical), time-correlated audit trail. The control system shall provide the capability to export these audit records in industry standard formats for analysis by standard commercial log analysis tools, for example, security information and event management (SIEM).",0.478152,0.824186,,,
shellcheck,SC2126,Consider using grep -c instead of grep | wc,10,1.0,0.911327,0.088673,low_gap,7,SR 3.2 RE 2,RE,SR 3.2,3,Central management and reporting for malicious code protection,The control system shall provide the capability to manage malicious code protection mechanisms.,0.477468,0.81772,,,
shellcheck,SC2126,Consider using grep -c instead of grep | wc,10,1.0,0.911327,0.088673,low_gap,8,SR 7.1 RE 1,RE,SR 7.1,7,Manage communication loads,The control system shall provide the capability to manage communication loads (such as using rate limiting) to mitigate the effects of information flooding types of DoS events.,0.476946,0.812818,,,
shellcheck,SC2126,Consider using grep -c instead of grep | wc,10,1.0,0.911327,0.088673,low_gap,9,SR 3.2,SR,,3,Malicious code protection,"The control system shall provide the capability to employ protection mechanisms to prevent, detect, report and mitigate the effects of malicious code or unauthorized software. The control system shall provide the capability to update the protection mechanisms.",0.476944,0.812803,,,
shellcheck,SC2126,Consider using grep -c instead of grep | wc,10,1.0,0.911327,0.088673,low_gap,10,SR 5.2 RE 3,RE,SR 5.2,5,Fail close,The control system shall provide the capability to prevent any communication through the control system boundary when there is an operational failure of the boundary protection mechanisms (also termed fail close). This ‘fail close’ functionality shall be designed such that it does not interfere with the operation of a SIS or other safety-related functions.,0.476654,0.810083,,,
shellcheck,SC1016,This is a Unicode single quote. Delete and retype it.,4,1.0,0.812625,0.18737499999999996,medium_gap,1,SR 3.5,SR,,3,Input validation,The control system shall validate the syntax and content of any input which is used as an industrial process control input or input that directly impacts the action of the control system.,0.502731,1.0,,,
shellcheck,SC1016,This is a Unicode single quote. Delete and retype it.,4,1.0,0.812625,0.18737499999999996,medium_gap,2,SR 3.2 RE 1,RE,SR 3.2,3,Malicious code protection on entry and exit points,The control system shall provide the capability to employ malicious code protection mechanisms at all entry and exit points.,0.484119,0.812625,,,
shellcheck,SC1016,This is a Unicode single quote. Delete and retype it.,4,1.0,0.812625,0.18737499999999996,medium_gap,3,SR 7.6 RE 1,RE,SR 7.6,7,Machine-readable reporting of current security settings,The control system shall provide the capability to generate a report listing the currently deployed security settings in a machine-readable format.,0.482371,0.796625,,,
shellcheck,SC1016,This is a Unicode single quote. Delete and retype it.,4,1.0,0.812625,0.18737499999999996,medium_gap,4,SR 1.7 RE 1,RE,SR 1.7,1,Password generation and lifetime restrictions for human users,"The control system shall provide the capability to prevent any given human user account from reusing a password for a configurable number of generations. In addition, the control system shall provide the capability to enforce password minimum and maximum lifetime restrictions for human users. These capabilities shall conform with commonly accepted security industry practices.",0.469424,0.685906,,,
shellcheck,SC2312,Consider invoking this command separately to avoid masking its return value (or use '|| true' to ignore).,10,1.0,0.976941,0.02305900000000005,very_low_gap,1,SR 3.2 RE 1,RE,SR 3.2,3,Malicious code protection on entry and exit points,The control system shall provide the capability to employ malicious code protection mechanisms at all entry and exit points.,0.568971,1.0,,,
shellcheck,SC2312,Consider invoking this command separately to avoid masking its return value (or use '|| true' to ignore).,10,1.0,0.976941,0.02305900000000005,very_low_gap,2,SR 3.6,SR,,3,Deterministic output,The control system shall provide the capability to set outputs to a predetermined state if normal operation cannot be maintained as a result of an attack.,0.566563,0.976941,,,
shellcheck,SC2312,Consider invoking this command separately to avoid masking its return value (or use '|| true' to ignore).,10,1.0,0.976941,0.02305900000000005,very_low_gap,3,SR 3.7,SR,,3,Error handling,The control system shall identify and handle error conditions in a manner such that effective remediation can occur. This shall be done in a manner which does not provide information that could be exploited by adversaries to attack the IACS unless revealing this information is necessary for the timely troubleshooting of problems.,0.558499,0.90287,,,
shellcheck,SC2312,Consider invoking this command separately to avoid masking its return value (or use '|| true' to ignore).,10,1.0,0.976941,0.02305900000000005,very_low_gap,4,SR 7.3,SR,,7,Control system backup,The identity and location of critical files and the ability to conduct backups of user-level and system-level information (including system state information) shall be supported by the control system without affecting normal plant operations.,0.557311,0.892365,,,
shellcheck,SC2312,Consider invoking this command separately to avoid masking its return value (or use '|| true' to ignore).,10,1.0,0.976941,0.02305900000000005,very_low_gap,5,SR 5.2 RE 3,RE,SR 5.2,5,Fail close,The control system shall provide the capability to prevent any communication through the control system boundary when there is an operational failure of the boundary protection mechanisms (also termed fail close). This ‘fail close’ functionality shall be designed such that it does not interfere with the operation of a SIS or other safety-related functions.,0.545946,0.79676,,,
shellcheck,SC2312,Consider invoking this command separately to avoid masking its return value (or use '|| true' to ignore).,10,1.0,0.976941,0.02305900000000005,very_low_gap,6,SR 7.1,SR,,7,Denial of service protection,The control system shall provide the capability to operate in a degraded mode during a DoS event.,0.545025,0.789392,,,
shellcheck,SC2312,Consider invoking this command separately to avoid masking its return value (or use '|| true' to ignore).,10,1.0,0.976941,0.02305900000000005,very_low_gap,7,SR 2.12 RE 1,RE,SR 2.12,2,Non-repudiation for all users,"The control system shall provide the capability to determine whether a given user (human, software process or device) took a particular action.",0.540414,0.75336,,,
shellcheck,SC2312,Consider invoking this command separately to avoid masking its return value (or use '|| true' to ignore).,10,1.0,0.976941,0.02305900000000005,very_low_gap,8,SR 5.2 RE 2,RE,SR 5.2,5,Island mode,The control system shall provide the capability to prevent any communication through the control system boundary (also termed island mode).,0.53487,0.711819,,,
shellcheck,SC2312,Consider invoking this command separately to avoid masking its return value (or use '|| true' to ignore).,10,1.0,0.976941,0.02305900000000005,very_low_gap,9,SR 7.3 RE 1,RE,SR 7.3,7,Backup verification,The control system shall provide the capability to verify the reliability of backup mechanisms.,0.534557,0.709534,,,
shellcheck,SC2312,Consider invoking this command separately to avoid masking its return value (or use '|| true' to ignore).,10,1.0,0.976941,0.02305900000000005,very_low_gap,10,SR 3.2,SR,,3,Malicious code protection,"The control system shall provide the capability to employ protection mechanisms to prevent, detect, report and mitigate the effects of malicious code or unauthorized software. The control system shall provide the capability to update the protection mechanisms.",0.53223,0.692712,,,
shellcheck,SC2024,sudo doesn't affect redirects. Use ..| sudo tee file,10,1.0,0.890525,0.10947499999999999,medium_gap,1,SR 1.11,SR,,1,Unsuccessful login attempts,"The control system shall provide the capability to enforce a limit of a configurable number of consecutive invalid access attempts by any user (human, software process or device) during a configurable time period. The control system shall provide the capability to deny access for a specified period of time or until unlocked by an administrator when this limit has been exceeded. For system accounts on behalf of which critical services or servers are run, the control system shall provide the capability to disallow interactive logons.",0.542153,1.0,,,
shellcheck,SC2024,sudo doesn't affect redirects. Use ..| sudo tee file,10,1.0,0.890525,0.10947499999999999,medium_gap,2,SR 7.3,SR,,7,Control system backup,The identity and location of critical files and the ability to conduct backups of user-level and system-level information (including system state information) shall be supported by the control system without affecting normal plant operations.,0.530844,0.890525,,,
shellcheck,SC2024,sudo doesn't affect redirects. Use ..| sudo tee file,10,1.0,0.890525,0.10947499999999999,medium_gap,3,SR 5.2 RE 3,RE,SR 5.2,5,Fail close,The control system shall provide the capability to prevent any communication through the control system boundary when there is an operational failure of the boundary protection mechanisms (also termed fail close). This ‘fail close’ functionality shall be designed such that it does not interfere with the operation of a SIS or other safety-related functions.,0.528738,0.871265,,,
shellcheck,SC2024,sudo doesn't affect redirects. Use ..| sudo tee file,10,1.0,0.890525,0.10947499999999999,medium_gap,4,SR 3.2 RE 1,RE,SR 3.2,3,Malicious code protection on entry and exit points,The control system shall provide the capability to employ malicious code protection mechanisms at all entry and exit points.,0.519716,0.79258,,,
shellcheck,SC2024,sudo doesn't affect redirects. Use ..| sudo tee file,10,1.0,0.890525,0.10947499999999999,medium_gap,5,SR 3.7,SR,,3,Error handling,The control system shall identify and handle error conditions in a manner such that effective remediation can occur. This shall be done in a manner which does not provide information that could be exploited by adversaries to attack the IACS unless revealing this information is necessary for the timely troubleshooting of problems.,0.517537,0.77447,,,
shellcheck,SC2024,sudo doesn't affect redirects. Use ..| sudo tee file,10,1.0,0.890525,0.10947499999999999,medium_gap,6,SR 7.1,SR,,7,Denial of service protection,The control system shall provide the capability to operate in a degraded mode during a DoS event.,0.516413,0.765264,,,
shellcheck,SC2024,sudo doesn't affect redirects. Use ..| sudo tee file,10,1.0,0.890525,0.10947499999999999,medium_gap,7,SR 7.6 RE 1,RE,SR 7.6,7,Machine-readable reporting of current security settings,The control system shall provide the capability to generate a report listing the currently deployed security settings in a machine-readable format.,0.5151,0.754625,,,
shellcheck,SC2024,sudo doesn't affect redirects. Use ..| sudo tee file,10,1.0,0.890525,0.10947499999999999,medium_gap,8,SR 3.4,SR,,3,Software and information integrity,"The control system shall provide the capability to detect, record, report and protect against unauthorized changes to software and information at rest.",0.514861,0.752703,,,
shellcheck,SC2024,sudo doesn't affect redirects. Use ..| sudo tee file,10,1.0,0.890525,0.10947499999999999,medium_gap,9,SR 3.8 RE 1,RE,SR 3.8,3,Invalidation of session IDs after session termination,The control system shall provide the capability to invalidate session IDs upon user logout or other session termination (including browser sessions).,0.513344,0.740584,,,
shellcheck,SC2024,sudo doesn't affect redirects. Use ..| sudo tee file,10,1.0,0.890525,0.10947499999999999,medium_gap,10,SR 2.4,SR,,2,Mobile code,The control system shall provide the capability to enforce usage restrictions for mobile code technologies based on the potential to cause damage to the control system that include: a) preventing the execution of mobile code; b) requiring proper authentication and authorization for origin of the code; c) restricting mobile code transfer to/from the control system; and d) monitoring the use of mobile code.,0.50929,0.708986,,,
shellcheck,SC1100,This is a Unicode dash. Delete and retype as ASCII minus.,8,1.0,0.93093,0.06906999999999996,low_gap,1,SR 2.4,SR,,2,Mobile code,The control system shall provide the capability to enforce usage restrictions for mobile code technologies based on the potential to cause damage to the control system that include: a) preventing the execution of mobile code; b) requiring proper authentication and authorization for origin of the code; c) restricting mobile code transfer to/from the control system; and d) monitoring the use of mobile code.,0.511701,1.0,,,
shellcheck,SC1100,This is a Unicode dash. Delete and retype as ASCII minus.,8,1.0,0.93093,0.06906999999999996,low_gap,2,SR 1.4,SR,,1,Identifier management,"The control system shall provide the capability to support the management of identifiers by user, group, role or control system interface.",0.505085,0.93093,,,
shellcheck,SC1100,This is a Unicode dash. Delete and retype as ASCII minus.,8,1.0,0.93093,0.06906999999999996,low_gap,3,SR 3.5,SR,,3,Input validation,The control system shall validate the syntax and content of any input which is used as an industrial process control input or input that directly impacts the action of the control system.,0.502449,0.904519,,,
shellcheck,SC1100,This is a Unicode dash. Delete and retype as ASCII minus.,8,1.0,0.93093,0.06906999999999996,low_gap,4,SR 3.2 RE 1,RE,SR 3.2,3,Malicious code protection on entry and exit points,The control system shall provide the capability to employ malicious code protection mechanisms at all entry and exit points.,0.497733,0.858799,,,
shellcheck,SC1100,This is a Unicode dash. Delete and retype as ASCII minus.,8,1.0,0.93093,0.06906999999999996,low_gap,5,SR 3.7,SR,,3,Error handling,The control system shall identify and handle error conditions in a manner such that effective remediation can occur. This shall be done in a manner which does not provide information that could be exploited by adversaries to attack the IACS unless revealing this information is necessary for the timely troubleshooting of problems.,0.492027,0.806026,,,
shellcheck,SC1100,This is a Unicode dash. Delete and retype as ASCII minus.,8,1.0,0.93093,0.06906999999999996,low_gap,6,SR 2.4 RE 1,RE,SR 2.4,2,Mobile code integrity check,The control system shall provide the capability to verify integrity of the mobile code before allowing code execution.,0.490974,0.796583,,,
shellcheck,SC1100,This is a Unicode dash. Delete and retype as ASCII minus.,8,1.0,0.93093,0.06906999999999996,low_gap,7,SR 3.2 RE 2,RE,SR 3.2,3,Central management and reporting for malicious code protection,The control system shall provide the capability to manage malicious code protection mechanisms.,0.485452,0.748536,,,
shellcheck,SC1100,This is a Unicode dash. Delete and retype as ASCII minus.,8,1.0,0.93093,0.06906999999999996,low_gap,8,SR 3.3,SR,,3,Security functionality verification,"The control system shall provide the capability to support verification of the intended operation of security functions and report when anomalies are discovered during FAT, SAT and scheduled maintenance. These security functions shall include all those necessary to support the security requirements specified in this standard.",0.480905,0.710783,,,
shellcheck,SC2206,"Quote to prevent word splitting/globbing, or split robustly with mapfile or read -a.",1,1.0,,,no_gap,1,SR 3.5,SR,,3,Input validation,The control system shall validate the syntax and content of any input which is used as an industrial process control input or input that directly impacts the action of the control system.,0.576288,1.0,,,
shellcheck,SC2060,SC2060,5,1.0,0.836986,0.163014,medium_gap,1,SR 3.7,SR,,3,Error handling,The control system shall identify and handle error conditions in a manner such that effective remediation can occur. This shall be done in a manner which does not provide information that could be exploited by adversaries to attack the IACS unless revealing this information is necessary for the timely troubleshooting of problems.,0.527323,1.0,,,
shellcheck,SC2060,SC2060,5,1.0,0.836986,0.163014,medium_gap,2,SR 2.4,SR,,2,Mobile code,The control system shall provide the capability to enforce usage restrictions for mobile code technologies based on the potential to cause damage to the control system that include: a) preventing the execution of mobile code; b) requiring proper authentication and authorization for origin of the code; c) restricting mobile code transfer to/from the control system; and d) monitoring the use of mobile code.,0.510535,0.836986,,,
shellcheck,SC2060,SC2060,5,1.0,0.836986,0.163014,medium_gap,3,SR 3.2 RE 1,RE,SR 3.2,3,Malicious code protection on entry and exit points,The control system shall provide the capability to employ malicious code protection mechanisms at all entry and exit points.,0.509371,0.826546,,,
shellcheck,SC2060,SC2060,5,1.0,0.836986,0.163014,medium_gap,4,SR 2.4 RE 1,RE,SR 2.4,2,Mobile code integrity check,The control system shall provide the capability to verify integrity of the mobile code before allowing code execution.,0.509239,0.825363,,,
shellcheck,SC2060,SC2060,5,1.0,0.836986,0.163014,medium_gap,5,SR 2.11,SR,,2,Timestamps,The control system shall provide timestamps for use in audit record generation.,0.501271,0.756794,,,
shellcheck,SC2319,"This $? refers to a condition, not a command. Assign to a variable to avoid it being overwritten.",5,1.0,0.868128,0.131872,medium_gap,1,SR 5.2 RE 3,RE,SR 5.2,5,Fail close,The control system shall provide the capability to prevent any communication through the control system boundary when there is an operational failure of the boundary protection mechanisms (also termed fail close). This ‘fail close’ functionality shall be designed such that it does not interfere with the operation of a SIS or other safety-related functions.,0.571706,1.0,,,
shellcheck,SC2319,"This $? refers to a condition, not a command. Assign to a variable to avoid it being overwritten.",5,1.0,0.868128,0.131872,medium_gap,2,SR 3.7,SR,,3,Error handling,The control system shall identify and handle error conditions in a manner such that effective remediation can occur. This shall be done in a manner which does not provide information that could be exploited by adversaries to attack the IACS unless revealing this information is necessary for the timely troubleshooting of problems.,0.557194,0.868128,,,
shellcheck,SC2319,"This $? refers to a condition, not a command. Assign to a variable to avoid it being overwritten.",5,1.0,0.868128,0.131872,medium_gap,3,SR 3.6,SR,,3,Deterministic output,The control system shall provide the capability to set outputs to a predetermined state if normal operation cannot be maintained as a result of an attack.,0.551902,0.823734,,,
shellcheck,SC2319,"This $? refers to a condition, not a command. Assign to a variable to avoid it being overwritten.",5,1.0,0.868128,0.131872,medium_gap,4,SR 7.1,SR,,7,Denial of service protection,The control system shall provide the capability to operate in a degraded mode during a DoS event.,0.540112,0.731492,,,
shellcheck,SC2319,"This $? refers to a condition, not a command. Assign to a variable to avoid it being overwritten.",5,1.0,0.868128,0.131872,medium_gap,5,SR 1.13 RE 1,RE,SR 1.13,1,Explicit access request approval,The control system shall provide the capability to deny access requests via untrusted networks unless approved by an assigned role.,0.534059,0.687526,,,
shellcheck,SC2212,Use false instead of empty [/[[ conditionals.,10,1.0,0.955724,0.04427599999999998,very_low_gap,1,SR 3.7,SR,,3,Error handling,The control system shall identify and handle error conditions in a manner such that effective remediation can occur. This shall be done in a manner which does not provide information that could be exploited by adversaries to attack the IACS unless revealing this information is necessary for the timely troubleshooting of problems.,0.513449,1.0,,,
shellcheck,SC2212,Use false instead of empty [/[[ conditionals.,10,1.0,0.955724,0.04427599999999998,very_low_gap,2,SR 3.5,SR,,3,Input validation,The control system shall validate the syntax and content of any input which is used as an industrial process control input or input that directly impacts the action of the control system.,0.509239,0.955724,,,
shellcheck,SC2212,Use false instead of empty [/[[ conditionals.,10,1.0,0.955724,0.04427599999999998,very_low_gap,3,SR 5.2 RE 3,RE,SR 5.2,5,Fail close,The control system shall provide the capability to prevent any communication through the control system boundary when there is an operational failure of the boundary protection mechanisms (also termed fail close). This ‘fail close’ functionality shall be designed such that it does not interfere with the operation of a SIS or other safety-related functions.,0.508237,0.945423,,,
shellcheck,SC2212,Use false instead of empty [/[[ conditionals.,10,1.0,0.955724,0.04427599999999998,very_low_gap,4,SR 3.6,SR,,3,Deterministic output,The control system shall provide the capability to set outputs to a predetermined state if normal operation cannot be maintained as a result of an attack.,0.507703,0.939976,,,
shellcheck,SC2212,Use false instead of empty [/[[ conditionals.,10,1.0,0.955724,0.04427599999999998,very_low_gap,5,SR 7.1,SR,,7,Denial of service protection,The control system shall provide the capability to operate in a degraded mode during a DoS event.,0.506723,0.930041,,,
shellcheck,SC2212,Use false instead of empty [/[[ conditionals.,10,1.0,0.955724,0.04427599999999998,very_low_gap,6,SR 7.7,SR,,7,Least functionality,"The control system shall provide the capability to specifically prohibit and/or restrict the use of unnecessary functions, ports, protocols and/or services.",0.503738,0.900301,,,
shellcheck,SC2212,Use false instead of empty [/[[ conditionals.,10,1.0,0.955724,0.04427599999999998,very_low_gap,7,SR 3.8 RE 1,RE,SR 3.8,3,Invalidation of session IDs after session termination,The control system shall provide the capability to invalidate session IDs upon user logout or other session termination (including browser sessions).,0.502485,0.88805,,,
shellcheck,SC2212,Use false instead of empty [/[[ conditionals.,10,1.0,0.955724,0.04427599999999998,very_low_gap,8,SR 2.9 RE 1,RE,SR 2.9,2,Warn when audit record storage capacity threshold reached,The control system shall provide the capability to issue a warning when the allocated audit record storage volume reaches a configurable percentage of maximum audit record storage capacity.,0.502132,0.884625,,,
shellcheck,SC2212,Use false instead of empty [/[[ conditionals.,10,1.0,0.955724,0.04427599999999998,very_low_gap,9,SR 1.11,SR,,1,Unsuccessful login attempts,"The control system shall provide the capability to enforce a limit of a configurable number of consecutive invalid access attempts by any user (human, software process or device) during a configurable time period. The control system shall provide the capability to deny access for a specified period of time or until unlocked by an administrator when this limit has been exceeded. For system accounts on behalf of which critical services or servers are run, the control system shall provide the capability to disallow interactive logons.",0.501845,0.88185,,,
shellcheck,SC2212,Use false instead of empty [/[[ conditionals.,10,1.0,0.955724,0.04427599999999998,very_low_gap,10,SR 5.2 RE 2,RE,SR 5.2,5,Island mode,The control system shall provide the capability to prevent any communication through the control system boundary (also termed island mode).,0.499386,0.858342,,,
shellcheck,SC2114,Warning: deletes a system directory.,2,1.0,0.744675,0.255325,high_gap,1,SR 4.2 RE 1,RE,SR 4.2,4,Purging of shared memory resources,The control system shall provide the capability to prevent unauthorized and unintended information transfer via volatile shared memory resources.,0.535213,1.0,,,
shellcheck,SC2114,Warning: deletes a system directory.,2,1.0,0.744675,0.255325,high_gap,2,SR 4.2,SR,,4,Information persistence,The control system shall provide the capability to purge all information for which explicit read authorization is supported from components to be released from active service and/or decommissioned.,0.507281,0.744675,,,
shellcheck,SC1141,Unexpected tokens after compound command. Bad redirection or missing ;/&&/||/|?,7,1.0,0.973714,0.02628600000000003,very_low_gap,1,SR 1.11,SR,,1,Unsuccessful login attempts,"The control system shall provide the capability to enforce a limit of a configurable number of consecutive invalid access attempts by any user (human, software process or device) during a configurable time period. The control system shall provide the capability to deny access for a specified period of time or until unlocked by an administrator when this limit has been exceeded. For system accounts on behalf of which critical services or servers are run, the control system shall provide the capability to disallow interactive logons.",0.504728,1.0,,,
shellcheck,SC1141,Unexpected tokens after compound command. Bad redirection or missing ;/&&/||/|?,7,1.0,0.973714,0.02628600000000003,very_low_gap,2,SR 2.10,SR,,2,Response to audit processing failures,The control system shall provide the capability to alert personnel and prevent the loss of essential services and functions in the event of an audit processing failure. The control system shall provide the capability to support appropriate actions in response to an audit processing failure according to commonly accepted industry practices and recommendations.,0.502289,0.973714,,,
shellcheck,SC1141,Unexpected tokens after compound command. Bad redirection or missing ;/&&/||/|?,7,1.0,0.973714,0.02628600000000003,very_low_gap,3,SR 5.2 RE 3,RE,SR 5.2,5,Fail close,The control system shall provide the capability to prevent any communication through the control system boundary when there is an operational failure of the boundary protection mechanisms (also termed fail close). This ‘fail close’ functionality shall be designed such that it does not interfere with the operation of a SIS or other safety-related functions.,0.49046,0.854093,,,
shellcheck,SC1141,Unexpected tokens after compound command. Bad redirection or missing ;/&&/||/|?,7,1.0,0.973714,0.02628600000000003,very_low_gap,4,SR 3.8 RE 1,RE,SR 3.8,3,Invalidation of session IDs after session termination,The control system shall provide the capability to invalidate session IDs upon user logout or other session termination (including browser sessions).,0.485007,0.803153,,,
shellcheck,SC1141,Unexpected tokens after compound command. Bad redirection or missing ;/&&/||/|?,7,1.0,0.973714,0.02628600000000003,very_low_gap,5,SR 2.11,SR,,2,Timestamps,The control system shall provide timestamps for use in audit record generation.,0.483491,0.789444,,,
shellcheck,SC1141,Unexpected tokens after compound command. Bad redirection or missing ;/&&/||/|?,7,1.0,0.973714,0.02628600000000003,very_low_gap,6,SR 3.7,SR,,3,Error handling,The control system shall identify and handle error conditions in a manner such that effective remediation can occur. This shall be done in a manner which does not provide information that could be exploited by adversaries to attack the IACS unless revealing this information is necessary for the timely troubleshooting of problems.,0.481141,0.768572,,,
shellcheck,SC1141,Unexpected tokens after compound command. Bad redirection or missing ;/&&/||/|?,7,1.0,0.973714,0.02628600000000003,very_low_gap,7,SR 3.5,SR,,3,Input validation,The control system shall validate the syntax and content of any input which is used as an industrial process control input or input that directly impacts the action of the control system.,0.476442,0.728178,,,
shellcheck,SC1083,This {/} is literal. Check if ; is missing or quote the expression.,5,1.0,0.796591,0.20340899999999995,high_gap,1,SR 3.5,SR,,3,Input validation,The control system shall validate the syntax and content of any input which is used as an industrial process control input or input that directly impacts the action of the control system.,0.561683,1.0,,,
shellcheck,SC1083,This {/} is literal. Check if ; is missing or quote the expression.,5,1.0,0.796591,0.20340899999999995,high_gap,2,SR 3.3,SR,,3,Security functionality verification,"The control system shall provide the capability to support verification of the intended operation of security functions and report when anomalies are discovered during FAT, SAT and scheduled maintenance. These security functions shall include all those necessary to support the security requirements specified in this standard.",0.538932,0.796591,,,
shellcheck,SC1083,This {/} is literal. Check if ; is missing or quote the expression.,5,1.0,0.796591,0.20340899999999995,high_gap,3,SR 2.4 RE 1,RE,SR 2.4,2,Mobile code integrity check,The control system shall provide the capability to verify integrity of the mobile code before allowing code execution.,0.537609,0.785891,,,
shellcheck,SC1083,This {/} is literal. Check if ; is missing or quote the expression.,5,1.0,0.796591,0.20340899999999995,high_gap,4,SR 3.3 RE 2,RE,SR 3.3,3,Security functionality verification during normal operation,The control system shall provide the capability to support verification of the intended operation of security functions during normal operations.,0.529483,0.722741,,,
shellcheck,SC1083,This {/} is literal. Check if ; is missing or quote the expression.,5,1.0,0.796591,0.20340899999999995,high_gap,5,SR 3.3 RE 1,RE,SR 3.3,3,Automated mechanisms for security functionality verification,"The control system shall provide the capability to employ automated mechanisms to support management of security verification during FAT, SAT and scheduled maintenance.",0.524367,0.68516,,,
shellcheck,SC1107,This directive is unknown. It will be ignored.,8,1.0,0.891953,0.108047,medium_gap,1,SR 3.7,SR,,3,Error handling,The control system shall identify and handle error conditions in a manner such that effective remediation can occur. This shall be done in a manner which does not provide information that could be exploited by adversaries to attack the IACS unless revealing this information is necessary for the timely troubleshooting of problems.,0.552519,1.0,,,
shellcheck,SC1107,This directive is unknown. It will be ignored.,8,1.0,0.891953,0.108047,medium_gap,2,SR 3.5,SR,,3,Input validation,The control system shall validate the syntax and content of any input which is used as an industrial process control input or input that directly impacts the action of the control system.,0.541151,0.891953,,,
shellcheck,SC1107,This directive is unknown. It will be ignored.,8,1.0,0.891953,0.108047,medium_gap,3,SR 2.12 RE 1,RE,SR 2.12,2,Non-repudiation for all users,"The control system shall provide the capability to determine whether a given user (human, software process or device) took a particular action.",0.535767,0.844225,,,
shellcheck,SC1107,This directive is unknown. It will be ignored.,8,1.0,0.891953,0.108047,medium_gap,4,SR 2.4 RE 1,RE,SR 2.4,2,Mobile code integrity check,The control system shall provide the capability to verify integrity of the mobile code before allowing code execution.,0.525436,0.758491,,,
shellcheck,SC1107,This directive is unknown. It will be ignored.,8,1.0,0.891953,0.108047,medium_gap,5,SR 3.3,SR,,3,Security functionality verification,"The control system shall provide the capability to support verification of the intended operation of security functions and report when anomalies are discovered during FAT, SAT and scheduled maintenance. These security functions shall include all those necessary to support the security requirements specified in this standard.",0.523928,0.746593,,,
shellcheck,SC1107,This directive is unknown. It will be ignored.,8,1.0,0.891953,0.108047,medium_gap,6,SR 3.2 RE 1,RE,SR 3.2,3,Malicious code protection on entry and exit points,The control system shall provide the capability to employ malicious code protection mechanisms at all entry and exit points.,0.520396,0.719328,,,
shellcheck,SC1107,This directive is unknown. It will be ignored.,8,1.0,0.891953,0.108047,medium_gap,7,SR 5.2 RE 3,RE,SR 5.2,5,Fail close,The control system shall provide the capability to prevent any communication through the control system boundary when there is an operational failure of the boundary protection mechanisms (also termed fail close). This ‘fail close’ functionality shall be designed such that it does not interfere with the operation of a SIS or other safety-related functions.,0.519994,0.716275,,,
shellcheck,SC1107,This directive is unknown. It will be ignored.,8,1.0,0.891953,0.108047,medium_gap,8,SR 7.7,SR,,7,Least functionality,"The control system shall provide the capability to specifically prohibit and/or restrict the use of unnecessary functions, ports, protocols and/or services.",0.517901,0.700563,,,
shellcheck,SC3042,"In POSIX sh, set flag --default is undefined",10,1.0,0.966501,0.033498999999999945,very_low_gap,1,SR 3.6,SR,,3,Deterministic output,The control system shall provide the capability to set outputs to a predetermined state if normal operation cannot be maintained as a result of an attack.,0.482972,1.0,,,
shellcheck,SC3042,"In POSIX sh, set flag --default is undefined",10,1.0,0.966501,0.033498999999999945,very_low_gap,2,SR 7.5,SR,,7,Emergency power,The control system shall provide the capability to switch to and from an emergency power supply without affecting the existing security state or a documented degraded mode.,0.479989,0.966501,,,
shellcheck,SC3042,"In POSIX sh, set flag --default is undefined",10,1.0,0.966501,0.033498999999999945,very_low_gap,3,SR 5.2 RE 1,RE,SR 5.2,5,"Deny by default, allow by exception","The control system shall provide the capability to deny network traffic by default and allow network traffic by exception (also termed deny all, permit by exception).",0.478448,0.949552,,,
shellcheck,SC3042,"In POSIX sh, set flag --default is undefined",10,1.0,0.966501,0.033498999999999945,very_low_gap,4,SR 7.6,SR,,7,Network and security configuration settings,The control system shall provide the capability to be configured according to recommended network and security configurations as described in guidelines provided by the control system supplier. The control system shall provide an interface to the currently deployed network and security configuration settings.,0.476921,0.933006,,,
shellcheck,SC3042,"In POSIX sh, set flag --default is undefined",10,1.0,0.966501,0.033498999999999945,very_low_gap,5,SR 1.11,SR,,1,Unsuccessful login attempts,"The control system shall provide the capability to enforce a limit of a configurable number of consecutive invalid access attempts by any user (human, software process or device) during a configurable time period. The control system shall provide the capability to deny access for a specified period of time or until unlocked by an administrator when this limit has been exceeded. For system accounts on behalf of which critical services or servers are run, the control system shall provide the capability to disallow interactive logons.",0.475916,0.922243,,,
shellcheck,SC3042,"In POSIX sh, set flag --default is undefined",10,1.0,0.966501,0.033498999999999945,very_low_gap,6,SR 7.7,SR,,7,Least functionality,"The control system shall provide the capability to specifically prohibit and/or restrict the use of unnecessary functions, ports, protocols and/or services.",0.473669,0.898543,,,
shellcheck,SC3042,"In POSIX sh, set flag --default is undefined",10,1.0,0.966501,0.033498999999999945,very_low_gap,7,SR 3.7,SR,,3,Error handling,The control system shall identify and handle error conditions in a manner such that effective remediation can occur. This shall be done in a manner which does not provide information that could be exploited by adversaries to attack the IACS unless revealing this information is necessary for the timely troubleshooting of problems.,0.473503,0.896815,,,
shellcheck,SC3042,"In POSIX sh, set flag --default is undefined",10,1.0,0.966501,0.033498999999999945,very_low_gap,8,SR 7.1,SR,,7,Denial of service protection,The control system shall provide the capability to operate in a degraded mode during a DoS event.,0.473319,0.894908,,,
shellcheck,SC3042,"In POSIX sh, set flag --default is undefined",10,1.0,0.966501,0.033498999999999945,very_low_gap,9,SR 2.11 RE 1,RE,SR 2.11,2,Internal time synchronization,The control system shall provide the capability to synchronize internal system clocks at a configurable frequency.,0.469808,0.858996,,,
shellcheck,SC3042,"In POSIX sh, set flag --default is undefined",10,1.0,0.966501,0.033498999999999945,very_low_gap,10,SR 3.2 RE 1,RE,SR 3.2,3,Malicious code protection on entry and exit points,The control system shall provide the capability to employ malicious code protection mechanisms at all entry and exit points.,0.46777,0.838704,,,
shellcheck,SC1028,In [..] you have to escape \( \) or preferably combine [..] expressions.,6,1.0,0.854819,0.145181,medium_gap,1,SR 3.2 RE 1,RE,SR 3.2,3,Malicious code protection on entry and exit points,The control system shall provide the capability to employ malicious code protection mechanisms at all entry and exit points.,0.564133,1.0,,,
shellcheck,SC1028,In [..] you have to escape \( \) or preferably combine [..] expressions.,6,1.0,0.854819,0.145181,medium_gap,2,SR 3.7,SR,,3,Error handling,The control system shall identify and handle error conditions in a manner such that effective remediation can occur. This shall be done in a manner which does not provide information that could be exploited by adversaries to attack the IACS unless revealing this information is necessary for the timely troubleshooting of problems.,0.548271,0.854819,,,
shellcheck,SC1028,In [..] you have to escape \( \) or preferably combine [..] expressions.,6,1.0,0.854819,0.145181,medium_gap,3,SR 5.2 RE 3,RE,SR 5.2,5,Fail close,The control system shall provide the capability to prevent any communication through the control system boundary when there is an operational failure of the boundary protection mechanisms (also termed fail close). This ‘fail close’ functionality shall be designed such that it does not interfere with the operation of a SIS or other safety-related functions.,0.536263,0.756796,,,
shellcheck,SC1028,In [..] you have to escape \( \) or preferably combine [..] expressions.,6,1.0,0.854819,0.145181,medium_gap,4,SR 3.5,SR,,3,Input validation,The control system shall validate the syntax and content of any input which is used as an industrial process control input or input that directly impacts the action of the control system.,0.535016,0.747172,,,
shellcheck,SC1028,In [..] you have to escape \( \) or preferably combine [..] expressions.,6,1.0,0.854819,0.145181,medium_gap,5,SR 4.1 RE 2,RE,SR 4.1,4,Protection of confidentiality across zone boundaries,The control system shall provide the capability to protect the confidentiality of information traversing any zone boundary.,0.53327,0.733853,,,
shellcheck,SC1028,In [..] you have to escape \( \) or preferably combine [..] expressions.,6,1.0,0.854819,0.145181,medium_gap,6,SR 1.11,SR,,1,Unsuccessful login attempts,"The control system shall provide the capability to enforce a limit of a configurable number of consecutive invalid access attempts by any user (human, software process or device) during a configurable time period. The control system shall provide the capability to deny access for a specified period of time or until unlocked by an administrator when this limit has been exceeded. For system accounts on behalf of which critical services or servers are run, the control system shall provide the capability to disallow interactive logons.",0.528759,0.700358,,,
shellcheck,SC2115,"Use ""${var:?}"" to ensure this never expands to /* .",9,1.0,0.90646,0.09353999999999996,low_gap,1,SR 5.2 RE 2,RE,SR 5.2,5,Island mode,The control system shall provide the capability to prevent any communication through the control system boundary (also termed island mode).,0.551013,1.0,,,
shellcheck,SC2115,"Use ""${var:?}"" to ensure this never expands to /* .",9,1.0,0.90646,0.09353999999999996,low_gap,2,SR 3.2 RE 1,RE,SR 3.2,3,Malicious code protection on entry and exit points,The control system shall provide the capability to employ malicious code protection mechanisms at all entry and exit points.,0.541261,0.90646,,,
shellcheck,SC2115,"Use ""${var:?}"" to ensure this never expands to /* .",9,1.0,0.90646,0.09353999999999996,low_gap,3,SR 5.2 RE 3,RE,SR 5.2,5,Fail close,The control system shall provide the capability to prevent any communication through the control system boundary when there is an operational failure of the boundary protection mechanisms (also termed fail close). This ‘fail close’ functionality shall be designed such that it does not interfere with the operation of a SIS or other safety-related functions.,0.535475,0.854425,,,
shellcheck,SC2115,"Use ""${var:?}"" to ensure this never expands to /* .",9,1.0,0.90646,0.09353999999999996,low_gap,4,SR 7.1 RE 1,RE,SR 7.1,7,Manage communication loads,The control system shall provide the capability to manage communication loads (such as using rate limiting) to mitigate the effects of information flooding types of DoS events.,0.531197,0.817554,,,
shellcheck,SC2115,"Use ""${var:?}"" to ensure this never expands to /* .",9,1.0,0.90646,0.09353999999999996,low_gap,5,SR 2.9 RE 1,RE,SR 2.9,2,Warn when audit record storage capacity threshold reached,The control system shall provide the capability to issue a warning when the allocated audit record storage volume reaches a configurable percentage of maximum audit record storage capacity.,0.522679,0.748002,,,
shellcheck,SC2115,"Use ""${var:?}"" to ensure this never expands to /* .",9,1.0,0.90646,0.09353999999999996,low_gap,6,SR 1.5 RE 1,RE,SR 1.5,1,Hardware security for software process identity credentials,"For software process and device users, the control system shall provide the capability to protect the relevant authenticators via hardware mechanisms.",0.519376,0.722371,,,
shellcheck,SC2115,"Use ""${var:?}"" to ensure this never expands to /* .",9,1.0,0.90646,0.09353999999999996,low_gap,7,SR 2.11 RE 2,RE,SR 2.11,2,Protection of time source integrity,The time source shall be protected from unauthorized alteration and shall cause an audit event upon alteration.,0.518739,0.71751,,,
shellcheck,SC2115,"Use ""${var:?}"" to ensure this never expands to /* .",9,1.0,0.90646,0.09353999999999996,low_gap,8,SR 4.2 RE 1,RE,SR 4.2,4,Purging of shared memory resources,The control system shall provide the capability to prevent unauthorized and unintended information transfer via volatile shared memory resources.,0.518413,0.715034,,,
shellcheck,SC2115,"Use ""${var:?}"" to ensure this never expands to /* .",9,1.0,0.90646,0.09353999999999996,low_gap,9,SR 2.11,SR,,2,Timestamps,The control system shall provide timestamps for use in audit record generation.,0.514465,0.685593,,,
shellcheck,SC2140,"Word is of the form ""A""B""C"" (B indicated). Did you mean ""ABC"" or ""A\""B\""C""?",10,1.0,0.921684,0.07831600000000005,low_gap,1,SR 3.2 RE 1,RE,SR 3.2,3,Malicious code protection on entry and exit points,The control system shall provide the capability to employ malicious code protection mechanisms at all entry and exit points.,0.546477,1.0,,,
shellcheck,SC2140,"Word is of the form ""A""B""C"" (B indicated). Did you mean ""ABC"" or ""A\""B\""C""?",10,1.0,0.921684,0.07831600000000005,low_gap,2,SR 3.7,SR,,3,Error handling,The control system shall identify and handle error conditions in a manner such that effective remediation can occur. This shall be done in a manner which does not provide information that could be exploited by adversaries to attack the IACS unless revealing this information is necessary for the timely troubleshooting of problems.,0.538434,0.921684,,,
shellcheck,SC2140,"Word is of the form ""A""B""C"" (B indicated). Did you mean ""ABC"" or ""A\""B\""C""?",10,1.0,0.921684,0.07831600000000005,low_gap,3,SR 1.4,SR,,1,Identifier management,"The control system shall provide the capability to support the management of identifiers by user, group, role or control system interface.",0.535883,0.897928,,,
shellcheck,SC2140,"Word is of the form ""A""B""C"" (B indicated). Did you mean ""ABC"" or ""A\""B\""C""?",10,1.0,0.921684,0.07831600000000005,low_gap,4,SR 3.5,SR,,3,Input validation,The control system shall validate the syntax and content of any input which is used as an industrial process control input or input that directly impacts the action of the control system.,0.528862,0.835095,,,
shellcheck,SC2140,"Word is of the form ""A""B""C"" (B indicated). Did you mean ""ABC"" or ""A\""B\""C""?",10,1.0,0.921684,0.07831600000000005,low_gap,5,SR 2.4,SR,,2,Mobile code,The control system shall provide the capability to enforce usage restrictions for mobile code technologies based on the potential to cause damage to the control system that include: a) preventing the execution of mobile code; b) requiring proper authentication and authorization for origin of the code; c) restricting mobile code transfer to/from the control system; and d) monitoring the use of mobile code.,0.526752,0.816937,,,
shellcheck,SC2140,"Word is of the form ""A""B""C"" (B indicated). Did you mean ""ABC"" or ""A\""B\""C""?",10,1.0,0.921684,0.07831600000000005,low_gap,6,SR 2.4 RE 1,RE,SR 2.4,2,Mobile code integrity check,The control system shall provide the capability to verify integrity of the mobile code before allowing code execution.,0.52212,0.778199,,,
shellcheck,SC2140,"Word is of the form ""A""B""C"" (B indicated). Did you mean ""ABC"" or ""A\""B\""C""?",10,1.0,0.921684,0.07831600000000005,low_gap,7,SR 7.6 RE 1,RE,SR 7.6,7,Machine-readable reporting of current security settings,The control system shall provide the capability to generate a report listing the currently deployed security settings in a machine-readable format.,0.521304,0.771539,,,
shellcheck,SC2140,"Word is of the form ""A""B""C"" (B indicated). Did you mean ""ABC"" or ""A\""B\""C""?",10,1.0,0.921684,0.07831600000000005,low_gap,8,SR 2.11,SR,,2,Timestamps,The control system shall provide timestamps for use in audit record generation.,0.520153,0.762216,,,
shellcheck,SC2140,"Word is of the form ""A""B""C"" (B indicated). Did you mean ""ABC"" or ""A\""B\""C""?",10,1.0,0.921684,0.07831600000000005,low_gap,9,SR 3.2,SR,,3,Malicious code protection,"The control system shall provide the capability to employ protection mechanisms to prevent, detect, report and mitigate the effects of malicious code or unauthorized software. The control system shall provide the capability to update the protection mechanisms.",0.519387,0.756061,,,
shellcheck,SC2140,"Word is of the form ""A""B""C"" (B indicated). Did you mean ""ABC"" or ""A\""B\""C""?",10,1.0,0.921684,0.07831600000000005,low_gap,10,SR 3.2 RE 2,RE,SR 3.2,3,Central management and reporting for malicious code protection,The control system shall provide the capability to manage malicious code protection mechanisms.,0.514304,0.716247,,,
shellcheck,SC2033,SC2033,6,1.0,0.863981,0.136019,medium_gap,1,SR 3.7,SR,,3,Error handling,The control system shall identify and handle error conditions in a manner such that effective remediation can occur. This shall be done in a manner which does not provide information that could be exploited by adversaries to attack the IACS unless revealing this information is necessary for the timely troubleshooting of problems.,0.542594,1.0,,,
shellcheck,SC2033,SC2033,6,1.0,0.863981,0.136019,medium_gap,2,SR 5.2 RE 3,RE,SR 5.2,5,Fail close,The control system shall provide the capability to prevent any communication through the control system boundary when there is an operational failure of the boundary protection mechanisms (also termed fail close). This ‘fail close’ functionality shall be designed such that it does not interfere with the operation of a SIS or other safety-related functions.,0.52836,0.863981,,,
shellcheck,SC2033,SC2033,6,1.0,0.863981,0.136019,medium_gap,3,SR 3.2 RE 1,RE,SR 3.2,3,Malicious code protection on entry and exit points,The control system shall provide the capability to employ malicious code protection mechanisms at all entry and exit points.,0.528359,0.863973,,,
shellcheck,SC2033,SC2033,6,1.0,0.863981,0.136019,medium_gap,4,SR 1.4,SR,,1,Identifier management,"The control system shall provide the capability to support the management of identifiers by user, group, role or control system interface.",0.522359,0.811374,,,
shellcheck,SC2033,SC2033,6,1.0,0.863981,0.136019,medium_gap,5,SR 3.3,SR,,3,Security functionality verification,"The control system shall provide the capability to support verification of the intended operation of security functions and report when anomalies are discovered during FAT, SAT and scheduled maintenance. These security functions shall include all those necessary to support the security requirements specified in this standard.",0.513938,0.741994,,,
shellcheck,SC2033,SC2033,6,1.0,0.863981,0.136019,medium_gap,6,SR 3.2,SR,,3,Malicious code protection,"The control system shall provide the capability to employ protection mechanisms to prevent, detect, report and mitigate the effects of malicious code or unauthorized software. The control system shall provide the capability to update the protection mechanisms.",0.508927,0.703067,,,
shellcheck,SC1040,"When using <<-, you can only indent with tabs.",4,1.0,0.886258,0.11374200000000001,medium_gap,1,SR 3.5,SR,,3,Input validation,The control system shall validate the syntax and content of any input which is used as an industrial process control input or input that directly impacts the action of the control system.,0.516014,1.0,,,
shellcheck,SC1040,"When using <<-, you can only indent with tabs.",4,1.0,0.886258,0.11374200000000001,medium_gap,2,SR 5.2 RE 3,RE,SR 5.2,5,Fail close,The control system shall provide the capability to prevent any communication through the control system boundary when there is an operational failure of the boundary protection mechanisms (also termed fail close). This ‘fail close’ functionality shall be designed such that it does not interfere with the operation of a SIS or other safety-related functions.,0.504809,0.886258,,,
shellcheck,SC1040,"When using <<-, you can only indent with tabs.",4,1.0,0.886258,0.11374200000000001,medium_gap,3,SR 2.11,SR,,2,Timestamps,The control system shall provide timestamps for use in audit record generation.,0.491789,0.767617,,,
shellcheck,SC1040,"When using <<-, you can only indent with tabs.",4,1.0,0.886258,0.11374200000000001,medium_gap,4,SR 3.7,SR,,3,Error handling,The control system shall identify and handle error conditions in a manner such that effective remediation can occur. This shall be done in a manner which does not provide information that could be exploited by adversaries to attack the IACS unless revealing this information is necessary for the timely troubleshooting of problems.,0.48403,0.703336,,,
shellcheck,SC2316,"This applies local to the variable named readonly, which is probably not what you want. Use a separate command or the appropriate declare options instead.",10,1.0,0.935225,0.06477500000000003,low_gap,1,SR 5.2 RE 2,RE,SR 5.2,5,Island mode,The control system shall provide the capability to prevent any communication through the control system boundary (also termed island mode).,0.591972,1.0,,,
shellcheck,SC2316,"This applies local to the variable named readonly, which is probably not what you want. Use a separate command or the appropriate declare options instead.",10,1.0,0.935225,0.06477500000000003,low_gap,2,SR 4.2,SR,,4,Information persistence,The control system shall provide the capability to purge all information for which explicit read authorization is supported from components to be released from active service and/or decommissioned.,0.584807,0.935225,,,
shellcheck,SC2316,"This applies local to the variable named readonly, which is probably not what you want. Use a separate command or the appropriate declare options instead.",10,1.0,0.935225,0.06477500000000003,low_gap,3,SR 5.2 RE 3,RE,SR 5.2,5,Fail close,The control system shall provide the capability to prevent any communication through the control system boundary when there is an operational failure of the boundary protection mechanisms (also termed fail close). This ‘fail close’ functionality shall be designed such that it does not interfere with the operation of a SIS or other safety-related functions.,0.572428,0.831401,,,
shellcheck,SC2316,"This applies local to the variable named readonly, which is probably not what you want. Use a separate command or the appropriate declare options instead.",10,1.0,0.935225,0.06477500000000003,low_gap,4,SR 3.6,SR,,3,Deterministic output,The control system shall provide the capability to set outputs to a predetermined state if normal operation cannot be maintained as a result of an attack.,0.572223,0.829766,,,
shellcheck,SC2316,"This applies local to the variable named readonly, which is probably not what you want. Use a separate command or the appropriate declare options instead.",10,1.0,0.935225,0.06477500000000003,low_gap,5,SR 1.11,SR,,1,Unsuccessful login attempts,"The control system shall provide the capability to enforce a limit of a configurable number of consecutive invalid access attempts by any user (human, software process or device) during a configurable time period. The control system shall provide the capability to deny access for a specified period of time or until unlocked by an administrator when this limit has been exceeded. For system accounts on behalf of which critical services or servers are run, the control system shall provide the capability to disallow interactive logons.",0.569629,0.809284,,,
shellcheck,SC2316,"This applies local to the variable named readonly, which is probably not what you want. Use a separate command or the appropriate declare options instead.",10,1.0,0.935225,0.06477500000000003,low_gap,6,SR 7.7,SR,,7,Least functionality,"The control system shall provide the capability to specifically prohibit and/or restrict the use of unnecessary functions, ports, protocols and/or services.",0.569058,0.80483,,,
shellcheck,SC2316,"This applies local to the variable named readonly, which is probably not what you want. Use a separate command or the appropriate declare options instead.",10,1.0,0.935225,0.06477500000000003,low_gap,7,SR 3.2 RE 1,RE,SR 3.2,3,Malicious code protection on entry and exit points,The control system shall provide the capability to employ malicious code protection mechanisms at all entry and exit points.,0.566312,0.783708,,,
shellcheck,SC2316,"This applies local to the variable named readonly, which is probably not what you want. Use a separate command or the appropriate declare options instead.",10,1.0,0.935225,0.06477500000000003,low_gap,8,SR 4.2 RE 1,RE,SR 4.2,4,Purging of shared memory resources,The control system shall provide the capability to prevent unauthorized and unintended information transfer via volatile shared memory resources.,0.562354,0.75405,,,
shellcheck,SC2316,"This applies local to the variable named readonly, which is probably not what you want. Use a separate command or the appropriate declare options instead.",10,1.0,0.935225,0.06477500000000003,low_gap,9,SR 3.2 RE 2,RE,SR 3.2,3,Central management and reporting for malicious code protection,The control system shall provide the capability to manage malicious code protection mechanisms.,0.557762,0.720798,,,
shellcheck,SC2316,"This applies local to the variable named readonly, which is probably not what you want. Use a separate command or the appropriate declare options instead.",10,1.0,0.935225,0.06477500000000003,low_gap,10,SR 7.1 RE 1,RE,SR 7.1,7,Manage communication loads,The control system shall provide the capability to manage communication loads (such as using rate limiting) to mitigate the effects of information flooding types of DoS events.,0.557137,0.716367,,,
shellcheck,SC1105,"Shells disambiguate (( differently or not at all. If the first ( should start a subshell, add a space after it.",10,1.0,0.965511,0.03448899999999999,very_low_gap,1,SR 3.5,SR,,3,Input validation,The control system shall validate the syntax and content of any input which is used as an industrial process control input or input that directly impacts the action of the control system.,0.491768,1.0,,,
shellcheck,SC1105,"Shells disambiguate (( differently or not at all. If the first ( should start a subshell, add a space after it.",10,1.0,0.965511,0.03448899999999999,very_low_gap,2,SR 1.4,SR,,1,Identifier management,"The control system shall provide the capability to support the management of identifiers by user, group, role or control system interface.",0.48864,0.965511,,,
shellcheck,SC1105,"Shells disambiguate (( differently or not at all. If the first ( should start a subshell, add a space after it.",10,1.0,0.965511,0.03448899999999999,very_low_gap,3,SR 1.5 RE 1,RE,SR 1.5,1,Hardware security for software process identity credentials,"For software process and device users, the control system shall provide the capability to protect the relevant authenticators via hardware mechanisms.",0.488597,0.965044,,,
shellcheck,SC1105,"Shells disambiguate (( differently or not at all. If the first ( should start a subshell, add a space after it.",10,1.0,0.965511,0.03448899999999999,very_low_gap,4,SR 3.3,SR,,3,Security functionality verification,"The control system shall provide the capability to support verification of the intended operation of security functions and report when anomalies are discovered during FAT, SAT and scheduled maintenance. These security functions shall include all those necessary to support the security requirements specified in this standard.",0.485552,0.932426,,,
shellcheck,SC1105,"Shells disambiguate (( differently or not at all. If the first ( should start a subshell, add a space after it.",10,1.0,0.965511,0.03448899999999999,very_low_gap,5,SR 5.2 RE 2,RE,SR 5.2,5,Island mode,The control system shall provide the capability to prevent any communication through the control system boundary (also termed island mode).,0.480606,0.881369,,,
shellcheck,SC1105,"Shells disambiguate (( differently or not at all. If the first ( should start a subshell, add a space after it.",10,1.0,0.965511,0.03448899999999999,very_low_gap,6,SR 3.7,SR,,3,Error handling,The control system shall identify and handle error conditions in a manner such that effective remediation can occur. This shall be done in a manner which does not provide information that could be exploited by adversaries to attack the IACS unless revealing this information is necessary for the timely troubleshooting of problems.,0.479402,0.869291,,,
shellcheck,SC1105,"Shells disambiguate (( differently or not at all. If the first ( should start a subshell, add a space after it.",10,1.0,0.965511,0.03448899999999999,very_low_gap,7,SR 5.2 RE 3,RE,SR 5.2,5,Fail close,The control system shall provide the capability to prevent any communication through the control system boundary when there is an operational failure of the boundary protection mechanisms (also termed fail close). This ‘fail close’ functionality shall be designed such that it does not interfere with the operation of a SIS or other safety-related functions.,0.476806,0.84372,,,
shellcheck,SC1105,"Shells disambiguate (( differently or not at all. If the first ( should start a subshell, add a space after it.",10,1.0,0.965511,0.03448899999999999,very_low_gap,8,SR 7.1,SR,,7,Denial of service protection,The control system shall provide the capability to operate in a degraded mode during a DoS event.,0.474397,0.820533,,,
shellcheck,SC1105,"Shells disambiguate (( differently or not at all. If the first ( should start a subshell, add a space after it.",10,1.0,0.965511,0.03448899999999999,very_low_gap,9,SR 1.11,SR,,1,Unsuccessful login attempts,"The control system shall provide the capability to enforce a limit of a configurable number of consecutive invalid access attempts by any user (human, software process or device) during a configurable time period. The control system shall provide the capability to deny access for a specified period of time or until unlocked by an administrator when this limit has been exceeded. For system accounts on behalf of which critical services or servers are run, the control system shall provide the capability to disallow interactive logons.",0.46926,0.772845,,,
shellcheck,SC1105,"Shells disambiguate (( differently or not at all. If the first ( should start a subshell, add a space after it.",10,1.0,0.965511,0.03448899999999999,very_low_gap,10,SR 2.11,SR,,2,Timestamps,The control system shall provide timestamps for use in audit record generation.,0.467955,0.761099,,,
shellcheck,SC2226,"This ln has no destination. Check the arguments, or specify . explicitly.",5,1.0,0.867793,0.13220699999999996,medium_gap,1,SR 3.2 RE 1,RE,SR 3.2,3,Malicious code protection on entry and exit points,The control system shall provide the capability to employ malicious code protection mechanisms at all entry and exit points.,0.519651,1.0,,,
shellcheck,SC2226,"This ln has no destination. Check the arguments, or specify . explicitly.",5,1.0,0.867793,0.13220699999999996,medium_gap,2,SR 5.2 RE 3,RE,SR 5.2,5,Fail close,The control system shall provide the capability to prevent any communication through the control system boundary when there is an operational failure of the boundary protection mechanisms (also termed fail close). This ‘fail close’ functionality shall be designed such that it does not interfere with the operation of a SIS or other safety-related functions.,0.506425,0.867793,,,
shellcheck,SC2226,"This ln has no destination. Check the arguments, or specify . explicitly.",5,1.0,0.867793,0.13220699999999996,medium_gap,3,SR 3.6,SR,,3,Deterministic output,The control system shall provide the capability to set outputs to a predetermined state if normal operation cannot be maintained as a result of an attack.,0.499163,0.801525,,,
shellcheck,SC2226,"This ln has no destination. Check the arguments, or specify . explicitly.",5,1.0,0.867793,0.13220699999999996,medium_gap,4,SR 7.3,SR,,7,Control system backup,The identity and location of critical files and the ability to conduct backups of user-level and system-level information (including system state information) shall be supported by the control system without affecting normal plant operations.,0.499146,0.80138,,,
shellcheck,SC2226,"This ln has no destination. Check the arguments, or specify . explicitly.",5,1.0,0.867793,0.13220699999999996,medium_gap,5,SR 3.7,SR,,3,Error handling,The control system shall identify and handle error conditions in a manner such that effective remediation can occur. This shall be done in a manner which does not provide information that could be exploited by adversaries to attack the IACS unless revealing this information is necessary for the timely troubleshooting of problems.,0.496545,0.77868,,,
shellcheck,SC3024,"In POSIX sh, += is undefined.",8,1.0,0.982912,0.017087999999999992,very_low_gap,1,SR 3.7,SR,,3,Error handling,The control system shall identify and handle error conditions in a manner such that effective remediation can occur. This shall be done in a manner which does not provide information that could be exploited by adversaries to attack the IACS unless revealing this information is necessary for the timely troubleshooting of problems.,0.490557,1.0,,,
shellcheck,SC3024,"In POSIX sh, += is undefined.",8,1.0,0.982912,0.017087999999999992,very_low_gap,2,SR 3.5,SR,,3,Input validation,The control system shall validate the syntax and content of any input which is used as an industrial process control input or input that directly impacts the action of the control system.,0.489022,0.982912,,,
shellcheck,SC3024,"In POSIX sh, += is undefined.",8,1.0,0.982912,0.017087999999999992,very_low_gap,3,SR 1.4,SR,,1,Identifier management,"The control system shall provide the capability to support the management of identifiers by user, group, role or control system interface.",0.469885,0.789155,,,
shellcheck,SC3024,"In POSIX sh, += is undefined.",8,1.0,0.982912,0.017087999999999992,very_low_gap,4,SR 3.3,SR,,3,Security functionality verification,"The control system shall provide the capability to support verification of the intended operation of security functions and report when anomalies are discovered during FAT, SAT and scheduled maintenance. These security functions shall include all those necessary to support the security requirements specified in this standard.",0.46959,0.78643,,,
shellcheck,SC3024,"In POSIX sh, += is undefined.",8,1.0,0.982912,0.017087999999999992,very_low_gap,5,SR 5.2 RE 3,RE,SR 5.2,5,Fail close,The control system shall provide the capability to prevent any communication through the control system boundary when there is an operational failure of the boundary protection mechanisms (also termed fail close). This ‘fail close’ functionality shall be designed such that it does not interfere with the operation of a SIS or other safety-related functions.,0.469189,0.782745,,,
shellcheck,SC3024,"In POSIX sh, += is undefined.",8,1.0,0.982912,0.017087999999999992,very_low_gap,6,SR 3.2 RE 1,RE,SR 3.2,3,Malicious code protection on entry and exit points,The control system shall provide the capability to employ malicious code protection mechanisms at all entry and exit points.,0.465415,0.748733,,,
shellcheck,SC3024,"In POSIX sh, += is undefined.",8,1.0,0.982912,0.017087999999999992,very_low_gap,7,SR 2.12 RE 1,RE,SR 2.12,2,Non-repudiation for all users,"The control system shall provide the capability to determine whether a given user (human, software process or device) took a particular action.",0.462115,0.719995,,,
shellcheck,SC3024,"In POSIX sh, += is undefined.",8,1.0,0.982912,0.017087999999999992,very_low_gap,8,SR 3.2,SR,,3,Malicious code protection,"The control system shall provide the capability to employ protection mechanisms to prevent, detect, report and mitigate the effects of malicious code or unauthorized software. The control system shall provide the capability to update the protection mechanisms.",0.458755,0.691674,,,
shellcheck,SC1065,"Trying to declare parameters? Don't. Use () and refer to params as $1, $2, …",9,1.0,0.966538,0.03346199999999999,very_low_gap,1,SR 3.5,SR,,3,Input validation,The control system shall validate the syntax and content of any input which is used as an industrial process control input or input that directly impacts the action of the control system.,0.522123,1.0,,,
shellcheck,SC1065,"Trying to declare parameters? Don't. Use () and refer to params as $1, $2, …",9,1.0,0.966538,0.03346199999999999,very_low_gap,2,SR 7.1 RE 1,RE,SR 7.1,7,Manage communication loads,The control system shall provide the capability to manage communication loads (such as using rate limiting) to mitigate the effects of information flooding types of DoS events.,0.518902,0.966538,,,
shellcheck,SC1065,"Trying to declare parameters? Don't. Use () and refer to params as $1, $2, …",9,1.0,0.966538,0.03346199999999999,very_low_gap,3,SR 1.4,SR,,1,Identifier management,"The control system shall provide the capability to support the management of identifiers by user, group, role or control system interface.",0.504926,0.831772,,,
shellcheck,SC1065,"Trying to declare parameters? Don't. Use () and refer to params as $1, $2, …",9,1.0,0.966538,0.03346199999999999,very_low_gap,4,SR 3.7,SR,,3,Error handling,The control system shall identify and handle error conditions in a manner such that effective remediation can occur. This shall be done in a manner which does not provide information that could be exploited by adversaries to attack the IACS unless revealing this information is necessary for the timely troubleshooting of problems.,0.504136,0.824639,,,
shellcheck,SC1065,"Trying to declare parameters? Don't. Use () and refer to params as $1, $2, …",9,1.0,0.966538,0.03346199999999999,very_low_gap,5,SR 5.2 RE 1,RE,SR 5.2,5,"Deny by default, allow by exception","The control system shall provide the capability to deny network traffic by default and allow network traffic by exception (also termed deny all, permit by exception).",0.496671,0.759679,,,
shellcheck,SC1065,"Trying to declare parameters? Don't. Use () and refer to params as $1, $2, …",9,1.0,0.966538,0.03346199999999999,very_low_gap,6,SR 1.7 RE 1,RE,SR 1.7,1,Password generation and lifetime restrictions for human users,"The control system shall provide the capability to prevent any given human user account from reusing a password for a configurable number of generations. In addition, the control system shall provide the capability to enforce password minimum and maximum lifetime restrictions for human users. These capabilities shall conform with commonly accepted security industry practices.",0.492868,0.728235,,,
shellcheck,SC1065,"Trying to declare parameters? Don't. Use () and refer to params as $1, $2, …",9,1.0,0.966538,0.03346199999999999,very_low_gap,7,SR 7.7,SR,,7,Least functionality,"The control system shall provide the capability to specifically prohibit and/or restrict the use of unnecessary functions, ports, protocols and/or services.",0.492235,0.723105,,,
shellcheck,SC1065,"Trying to declare parameters? Don't. Use () and refer to params as $1, $2, …",9,1.0,0.966538,0.03346199999999999,very_low_gap,8,SR 1.5 RE 1,RE,SR 1.5,1,Hardware security for software process identity credentials,"For software process and device users, the control system shall provide the capability to protect the relevant authenticators via hardware mechanisms.",0.491989,0.721122,,,
shellcheck,SC1065,"Trying to declare parameters? Don't. Use () and refer to params as $1, $2, …",9,1.0,0.966538,0.03346199999999999,very_low_gap,9,SR 5.2 RE 3,RE,SR 5.2,5,Fail close,The control system shall provide the capability to prevent any communication through the control system boundary when there is an operational failure of the boundary protection mechanisms (also termed fail close). This ‘fail close’ functionality shall be designed such that it does not interfere with the operation of a SIS or other safety-related functions.,0.489364,0.700212,,,
shellcheck,SC2110,"In [[..]], use || instead of -o.",10,1.0,0.919254,0.08074599999999998,low_gap,1,SR 3.5,SR,,3,Input validation,The control system shall validate the syntax and content of any input which is used as an industrial process control input or input that directly impacts the action of the control system.,0.536147,1.0,,,
shellcheck,SC2110,"In [[..]], use || instead of -o.",10,1.0,0.919254,0.08074599999999998,low_gap,2,SR 1.4,SR,,1,Identifier management,"The control system shall provide the capability to support the management of identifiers by user, group, role or control system interface.",0.528002,0.919254,,,
shellcheck,SC2110,"In [[..]], use || instead of -o.",10,1.0,0.919254,0.08074599999999998,low_gap,3,SR 3.6,SR,,3,Deterministic output,The control system shall provide the capability to set outputs to a predetermined state if normal operation cannot be maintained as a result of an attack.,0.525252,0.893229,,,
shellcheck,SC2110,"In [[..]], use || instead of -o.",10,1.0,0.919254,0.08074599999999998,low_gap,4,SR 7.1,SR,,7,Denial of service protection,The control system shall provide the capability to operate in a degraded mode during a DoS event.,0.516157,0.81141,,,
shellcheck,SC2110,"In [[..]], use || instead of -o.",10,1.0,0.919254,0.08074599999999998,low_gap,5,SR 1.11,SR,,1,Unsuccessful login attempts,"The control system shall provide the capability to enforce a limit of a configurable number of consecutive invalid access attempts by any user (human, software process or device) during a configurable time period. The control system shall provide the capability to deny access for a specified period of time or until unlocked by an administrator when this limit has been exceeded. For system accounts on behalf of which critical services or servers are run, the control system shall provide the capability to disallow interactive logons.",0.508808,0.749872,,,
shellcheck,SC2110,"In [[..]], use || instead of -o.",10,1.0,0.919254,0.08074599999999998,low_gap,6,SR 5.2 RE 3,RE,SR 5.2,5,Fail close,The control system shall provide the capability to prevent any communication through the control system boundary when there is an operational failure of the boundary protection mechanisms (also termed fail close). This ‘fail close’ functionality shall be designed such that it does not interfere with the operation of a SIS or other safety-related functions.,0.508611,0.748274,,,
shellcheck,SC2110,"In [[..]], use || instead of -o.",10,1.0,0.919254,0.08074599999999998,low_gap,7,SR 7.1 RE 1,RE,SR 7.1,7,Manage communication loads,The control system shall provide the capability to manage communication loads (such as using rate limiting) to mitigate the effects of information flooding types of DoS events.,0.508057,0.7438,,,
shellcheck,SC2110,"In [[..]], use || instead of -o.",10,1.0,0.919254,0.08074599999999998,low_gap,8,SR 1.7 RE 1,RE,SR 1.7,1,Password generation and lifetime restrictions for human users,"The control system shall provide the capability to prevent any given human user account from reusing a password for a configurable number of generations. In addition, the control system shall provide the capability to enforce password minimum and maximum lifetime restrictions for human users. These capabilities shall conform with commonly accepted security industry practices.",0.507724,0.741125,,,
shellcheck,SC2110,"In [[..]], use || instead of -o.",10,1.0,0.919254,0.08074599999999998,low_gap,9,SR 3.7,SR,,3,Error handling,The control system shall identify and handle error conditions in a manner such that effective remediation can occur. This shall be done in a manner which does not provide information that could be exploited by adversaries to attack the IACS unless revealing this information is necessary for the timely troubleshooting of problems.,0.506774,0.733532,,,
shellcheck,SC2110,"In [[..]], use || instead of -o.",10,1.0,0.919254,0.08074599999999998,low_gap,10,SR 5.2 RE 2,RE,SR 5.2,5,Island mode,The control system shall provide the capability to prevent any communication through the control system boundary (also termed island mode).,0.502357,0.699045,,,
shellcheck,SC2010,Don't use ls | grep. Use a glob or a for loop with a condition to allow non-alphanumeric filenames.,5,1.0,0.922812,0.07718800000000003,low_gap,1,SR 1.4,SR,,1,Identifier management,"The control system shall provide the capability to support the management of identifiers by user, group, role or control system interface.",0.534362,1.0,,,
shellcheck,SC2010,Don't use ls | grep. Use a glob or a for loop with a condition to allow non-alphanumeric filenames.,5,1.0,0.922812,0.07718800000000003,low_gap,2,SR 2.11,SR,,2,Timestamps,The control system shall provide timestamps for use in audit record generation.,0.526614,0.922812,,,
shellcheck,SC2010,Don't use ls | grep. Use a glob or a for loop with a condition to allow non-alphanumeric filenames.,5,1.0,0.922812,0.07718800000000003,low_gap,3,SR 7.3,SR,,7,Control system backup,The identity and location of critical files and the ability to conduct backups of user-level and system-level information (including system state information) shall be supported by the control system without affecting normal plant operations.,0.521021,0.870181,,,
shellcheck,SC2010,Don't use ls | grep. Use a glob or a for loop with a condition to allow non-alphanumeric filenames.,5,1.0,0.922812,0.07718800000000003,low_gap,4,SR 3.7,SR,,3,Error handling,The control system shall identify and handle error conditions in a manner such that effective remediation can occur. This shall be done in a manner which does not provide information that could be exploited by adversaries to attack the IACS unless revealing this information is necessary for the timely troubleshooting of problems.,0.504744,0.730795,,,
shellcheck,SC2010,Don't use ls | grep. Use a glob or a for loop with a condition to allow non-alphanumeric filenames.,5,1.0,0.922812,0.07718800000000003,low_gap,5,SR 2.9 RE 1,RE,SR 2.9,2,Warn when audit record storage capacity threshold reached,The control system shall provide the capability to issue a warning when the allocated audit record storage volume reaches a configurable percentage of maximum audit record storage capacity.,0.49954,0.690301,,,
shellcheck,SC3041,"In POSIX sh, set flag -E is undefined",10,1.0,0.972544,0.027456000000000036,very_low_gap,1,SR 3.7,SR,,3,Error handling,The control system shall identify and handle error conditions in a manner such that effective remediation can occur. This shall be done in a manner which does not provide information that could be exploited by adversaries to attack the IACS unless revealing this information is necessary for the timely troubleshooting of problems.,0.489514,1.0,,,
shellcheck,SC3041,"In POSIX sh, set flag -E is undefined",10,1.0,0.972544,0.027456000000000036,very_low_gap,2,SR 3.6,SR,,3,Deterministic output,The control system shall provide the capability to set outputs to a predetermined state if normal operation cannot be maintained as a result of an attack.,0.487043,0.972544,,,
shellcheck,SC3041,"In POSIX sh, set flag -E is undefined",10,1.0,0.972544,0.027456000000000036,very_low_gap,3,SR 3.2 RE 1,RE,SR 3.2,3,Malicious code protection on entry and exit points,The control system shall provide the capability to employ malicious code protection mechanisms at all entry and exit points.,0.473345,0.831315,,,
shellcheck,SC3041,"In POSIX sh, set flag -E is undefined",10,1.0,0.972544,0.027456000000000036,very_low_gap,4,SR 1.11,SR,,1,Unsuccessful login attempts,"The control system shall provide the capability to enforce a limit of a configurable number of consecutive invalid access attempts by any user (human, software process or device) during a configurable time period. The control system shall provide the capability to deny access for a specified period of time or until unlocked by an administrator when this limit has been exceeded. For system accounts on behalf of which critical services or servers are run, the control system shall provide the capability to disallow interactive logons.",0.472091,0.819277,,,
shellcheck,SC3041,"In POSIX sh, set flag -E is undefined",10,1.0,0.972544,0.027456000000000036,very_low_gap,5,SR 2.12 RE 1,RE,SR 2.12,2,Non-repudiation for all users,"The control system shall provide the capability to determine whether a given user (human, software process or device) took a particular action.",0.468709,0.787511,,,
shellcheck,SC3041,"In POSIX sh, set flag -E is undefined",10,1.0,0.972544,0.027456000000000036,very_low_gap,6,SR 7.5,SR,,7,Emergency power,The control system shall provide the capability to switch to and from an emergency power supply without affecting the existing security state or a documented degraded mode.,0.468172,0.782563,,,
shellcheck,SC3041,"In POSIX sh, set flag -E is undefined",10,1.0,0.972544,0.027456000000000036,very_low_gap,7,SR 1.5 RE 1,RE,SR 1.5,1,Hardware security for software process identity credentials,"For software process and device users, the control system shall provide the capability to protect the relevant authenticators via hardware mechanisms.",0.464529,0.74965,,,
shellcheck,SC3041,"In POSIX sh, set flag -E is undefined",10,1.0,0.972544,0.027456000000000036,very_low_gap,8,SR 7.7,SR,,7,Least functionality,"The control system shall provide the capability to specifically prohibit and/or restrict the use of unnecessary functions, ports, protocols and/or services.",0.463455,0.74017,,,
shellcheck,SC3041,"In POSIX sh, set flag -E is undefined",10,1.0,0.972544,0.027456000000000036,very_low_gap,9,SR 5.2 RE 2,RE,SR 5.2,5,Island mode,The control system shall provide the capability to prevent any communication through the control system boundary (also termed island mode).,0.461893,0.726551,,,
shellcheck,SC3041,"In POSIX sh, set flag -E is undefined",10,1.0,0.972544,0.027456000000000036,very_low_gap,10,SR 7.1,SR,,7,Denial of service protection,The control system shall provide the capability to operate in a degraded mode during a DoS event.,0.461453,0.722759,,,
shellcheck,SC2123,PATH is the shell search path. Use another name.,6,1.0,0.9637,0.0363,very_low_gap,1,SR 7.3,SR,,7,Control system backup,The identity and location of critical files and the ability to conduct backups of user-level and system-level information (including system state information) shall be supported by the control system without affecting normal plant operations.,0.501852,1.0,,,
shellcheck,SC2123,PATH is the shell search path. Use another name.,6,1.0,0.9637,0.0363,very_low_gap,2,SR 3.7,SR,,3,Error handling,The control system shall identify and handle error conditions in a manner such that effective remediation can occur. This shall be done in a manner which does not provide information that could be exploited by adversaries to attack the IACS unless revealing this information is necessary for the timely troubleshooting of problems.,0.49849,0.9637,,,
shellcheck,SC2123,PATH is the shell search path. Use another name.,6,1.0,0.9637,0.0363,very_low_gap,3,SR 3.2 RE 1,RE,SR 3.2,3,Malicious code protection on entry and exit points,The control system shall provide the capability to employ malicious code protection mechanisms at all entry and exit points.,0.482949,0.809634,,,
shellcheck,SC2123,PATH is the shell search path. Use another name.,6,1.0,0.9637,0.0363,very_low_gap,4,SR 1.4,SR,,1,Identifier management,"The control system shall provide the capability to support the management of identifiers by user, group, role or control system interface.",0.482789,0.808159,,,
shellcheck,SC2123,PATH is the shell search path. Use another name.,6,1.0,0.9637,0.0363,very_low_gap,5,SR 3.5,SR,,3,Input validation,The control system shall validate the syntax and content of any input which is used as an industrial process control input or input that directly impacts the action of the control system.,0.469783,0.695453,,,
shellcheck,SC2123,PATH is the shell search path. Use another name.,6,1.0,0.9637,0.0363,very_low_gap,6,SR 5.2 RE 2,RE,SR 5.2,5,Island mode,The control system shall provide the capability to prevent any communication through the control system boundary (also termed island mode).,0.469636,0.694258,,,
shellcheck,SC1043,"Found EOF further down, but with wrong casing.",3,1.0,0.771047,0.22895299999999996,high_gap,1,SR 5.2 RE 3,RE,SR 5.2,5,Fail close,The control system shall provide the capability to prevent any communication through the control system boundary when there is an operational failure of the boundary protection mechanisms (also termed fail close). This ‘fail close’ functionality shall be designed such that it does not interfere with the operation of a SIS or other safety-related functions.,0.502319,1.0,,,
shellcheck,SC1043,"Found EOF further down, but with wrong casing.",3,1.0,0.771047,0.22895299999999996,high_gap,2,SR 3.7,SR,,3,Error handling,The control system shall identify and handle error conditions in a manner such that effective remediation can occur. This shall be done in a manner which does not provide information that could be exploited by adversaries to attack the IACS unless revealing this information is necessary for the timely troubleshooting of problems.,0.479125,0.771047,,,
shellcheck,SC1043,"Found EOF further down, but with wrong casing.",3,1.0,0.771047,0.22895299999999996,high_gap,3,SR 3.2 RE 1,RE,SR 3.2,3,Malicious code protection on entry and exit points,The control system shall provide the capability to employ malicious code protection mechanisms at all entry and exit points.,0.469352,0.688427,,,
shellcheck,SC1027,Expected another argument for this operator.,6,1.0,0.858236,0.141764,medium_gap,1,SR 3.2 RE 1,RE,SR 3.2,3,Malicious code protection on entry and exit points,The control system shall provide the capability to employ malicious code protection mechanisms at all entry and exit points.,0.513304,1.0,,,
shellcheck,SC1027,Expected another argument for this operator.,6,1.0,0.858236,0.141764,medium_gap,2,SR 3.7,SR,,3,Error handling,The control system shall identify and handle error conditions in a manner such that effective remediation can occur. This shall be done in a manner which does not provide information that could be exploited by adversaries to attack the IACS unless revealing this information is necessary for the timely troubleshooting of problems.,0.499233,0.858236,,,
shellcheck,SC1027,Expected another argument for this operator.,6,1.0,0.858236,0.141764,medium_gap,3,SR 3.6,SR,,3,Deterministic output,The control system shall provide the capability to set outputs to a predetermined state if normal operation cannot be maintained as a result of an attack.,0.489496,0.770126,,,
shellcheck,SC1027,Expected another argument for this operator.,6,1.0,0.858236,0.141764,medium_gap,4,SR 3.5,SR,,3,Input validation,The control system shall validate the syntax and content of any input which is used as an industrial process control input or input that directly impacts the action of the control system.,0.484896,0.731154,,,
shellcheck,SC1027,Expected another argument for this operator.,6,1.0,0.858236,0.141764,medium_gap,5,SR 5.2 RE 3,RE,SR 5.2,5,Fail close,The control system shall provide the capability to prevent any communication through the control system boundary when there is an operational failure of the boundary protection mechanisms (also termed fail close). This ‘fail close’ functionality shall be designed such that it does not interfere with the operation of a SIS or other safety-related functions.,0.484075,0.724369,,,
shellcheck,SC1027,Expected another argument for this operator.,6,1.0,0.858236,0.141764,medium_gap,6,SR 2.12 RE 1,RE,SR 2.12,2,Non-repudiation for all users,"The control system shall provide the capability to determine whether a given user (human, software process or device) took a particular action.",0.483872,0.722701,,,
shellcheck,SC2267,GNU xargs -i is deprecated in favor of -I{},10,1.0,0.957867,0.042132999999999976,very_low_gap,1,SR 1.4,SR,,1,Identifier management,"The control system shall provide the capability to support the management of identifiers by user, group, role or control system interface.",0.486104,1.0,,,
shellcheck,SC2267,GNU xargs -i is deprecated in favor of -I{},10,1.0,0.957867,0.042132999999999976,very_low_gap,2,SR 3.5,SR,,3,Input validation,The control system shall validate the syntax and content of any input which is used as an industrial process control input or input that directly impacts the action of the control system.,0.482314,0.957867,,,
shellcheck,SC2267,GNU xargs -i is deprecated in favor of -I{},10,1.0,0.957867,0.042132999999999976,very_low_gap,3,SR 3.8 RE 1,RE,SR 3.8,3,Invalidation of session IDs after session termination,The control system shall provide the capability to invalidate session IDs upon user logout or other session termination (including browser sessions).,0.478488,0.916818,,,
shellcheck,SC2267,GNU xargs -i is deprecated in favor of -I{},10,1.0,0.957867,0.042132999999999976,very_low_gap,4,SR 4.2,SR,,4,Information persistence,The control system shall provide the capability to purge all information for which explicit read authorization is supported from components to be released from active service and/or decommissioned.,0.476819,0.899363,,,
shellcheck,SC2267,GNU xargs -i is deprecated in favor of -I{},10,1.0,0.957867,0.042132999999999976,very_low_gap,5,SR 3.7,SR,,3,Error handling,The control system shall identify and handle error conditions in a manner such that effective remediation can occur. This shall be done in a manner which does not provide information that could be exploited by adversaries to attack the IACS unless revealing this information is necessary for the timely troubleshooting of problems.,0.471958,0.850084,,,
shellcheck,SC2267,GNU xargs -i is deprecated in favor of -I{},10,1.0,0.957867,0.042132999999999976,very_low_gap,6,SR 2.11,SR,,2,Timestamps,The control system shall provide timestamps for use in audit record generation.,0.469049,0.821656,,,
shellcheck,SC2267,GNU xargs -i is deprecated in favor of -I{},10,1.0,0.957867,0.042132999999999976,very_low_gap,7,SR 7.3,SR,,7,Control system backup,The identity and location of critical files and the ability to conduct backups of user-level and system-level information (including system state information) shall be supported by the control system without affecting normal plant operations.,0.46273,0.762591,,,
shellcheck,SC2267,GNU xargs -i is deprecated in favor of -I{},10,1.0,0.957867,0.042132999999999976,very_low_gap,8,SR 3.8 RE 2,RE,SR 3.8,3,Unique session ID generation,The control system shall provide the capability to generate a unique session ID for each session and treat all unexpected session IDs as invalid.,0.461533,0.75181,,,
shellcheck,SC2267,GNU xargs -i is deprecated in favor of -I{},10,1.0,0.957867,0.042132999999999976,very_low_gap,9,SR 3.8 RE 3,RE,SR 3.8,3,Randomness of session IDs,The control system shall provide the capability to generate unique session IDs with commonly accepted sources of randomness.,0.461134,0.74824,,,
shellcheck,SC2267,GNU xargs -i is deprecated in favor of -I{},10,1.0,0.957867,0.042132999999999976,very_low_gap,10,SR 6.1 RE 1,RE,SR 6.1,6,Programmatic access to audit logs,The control system shall provide programmatic access to audit records using an application programming interface (API).,0.459404,0.732932,,,
shellcheck,SC1142,Use done < <(cmd) to redirect from process substitution (currently missing one <).,10,1.0,0.968818,0.031182000000000043,very_low_gap,1,SR 3.7,SR,,3,Error handling,The control system shall identify and handle error conditions in a manner such that effective remediation can occur. This shall be done in a manner which does not provide information that could be exploited by adversaries to attack the IACS unless revealing this information is necessary for the timely troubleshooting of problems.,0.541199,1.0,,,
shellcheck,SC1142,Use done < <(cmd) to redirect from process substitution (currently missing one <).,10,1.0,0.968818,0.031182000000000043,very_low_gap,2,SR 2.10,SR,,2,Response to audit processing failures,The control system shall provide the capability to alert personnel and prevent the loss of essential services and functions in the event of an audit processing failure. The control system shall provide the capability to support appropriate actions in response to an audit processing failure according to commonly accepted industry practices and recommendations.,0.53809,0.968818,,,
shellcheck,SC1142,Use done < <(cmd) to redirect from process substitution (currently missing one <).,10,1.0,0.968818,0.031182000000000043,very_low_gap,3,SR 1.2,SR,,1,Software process and device identification and authentication,The control system shall provide the capability to identify and authenticate all software processes and devices.,0.534037,0.929357,,,
shellcheck,SC1142,Use done < <(cmd) to redirect from process substitution (currently missing one <).,10,1.0,0.968818,0.031182000000000043,very_low_gap,4,SR 1.5 RE 1,RE,SR 1.5,1,Hardware security for software process identity credentials,"For software process and device users, the control system shall provide the capability to protect the relevant authenticators via hardware mechanisms.",0.532892,0.91845,,,
shellcheck,SC1142,Use done < <(cmd) to redirect from process substitution (currently missing one <).,10,1.0,0.968818,0.031182000000000043,very_low_gap,5,SR 7.3,SR,,7,Control system backup,The identity and location of critical files and the ability to conduct backups of user-level and system-level information (including system state information) shall be supported by the control system without affecting normal plant operations.,0.531849,0.908607,,,
shellcheck,SC1142,Use done < <(cmd) to redirect from process substitution (currently missing one <).,10,1.0,0.968818,0.031182000000000043,very_low_gap,6,SR 3.6,SR,,3,Deterministic output,The control system shall provide the capability to set outputs to a predetermined state if normal operation cannot be maintained as a result of an attack.,0.530154,0.892787,,,
shellcheck,SC1142,Use done < <(cmd) to redirect from process substitution (currently missing one <).,10,1.0,0.968818,0.031182000000000043,very_low_gap,7,SR 3.5,SR,,3,Input validation,The control system shall validate the syntax and content of any input which is used as an industrial process control input or input that directly impacts the action of the control system.,0.525363,0.849309,,,
shellcheck,SC1142,Use done < <(cmd) to redirect from process substitution (currently missing one <).,10,1.0,0.968818,0.031182000000000043,very_low_gap,8,SR 1.11,SR,,1,Unsuccessful login attempts,"The control system shall provide the capability to enforce a limit of a configurable number of consecutive invalid access attempts by any user (human, software process or device) during a configurable time period. The control system shall provide the capability to deny access for a specified period of time or until unlocked by an administrator when this limit has been exceeded. For system accounts on behalf of which critical services or servers are run, the control system shall provide the capability to disallow interactive logons.",0.523629,0.834008,,,
shellcheck,SC1142,Use done < <(cmd) to redirect from process substitution (currently missing one <).,10,1.0,0.968818,0.031182000000000043,very_low_gap,9,SR 4.2,SR,,4,Information persistence,The control system shall provide the capability to purge all information for which explicit read authorization is supported from components to be released from active service and/or decommissioned.,0.520863,0.810062,,,
shellcheck,SC1142,Use done < <(cmd) to redirect from process substitution (currently missing one <).,10,1.0,0.968818,0.031182000000000043,very_low_gap,10,SR 7.1,SR,,7,Denial of service protection,The control system shall provide the capability to operate in a degraded mode during a DoS event.,0.518951,0.793839,,,
shellcheck,SC1060,Can't have empty do clauses (use true as a no-op),10,1.0,0.969298,0.030702000000000007,very_low_gap,1,SR 3.3 RE 1,RE,SR 3.3,3,Automated mechanisms for security functionality verification,"The control system shall provide the capability to employ automated mechanisms to support management of security verification during FAT, SAT and scheduled maintenance.",0.523376,1.0,,,
shellcheck,SC1060,Can't have empty do clauses (use true as a no-op),10,1.0,0.969298,0.030702000000000007,very_low_gap,2,SR 2.4 RE 1,RE,SR 2.4,2,Mobile code integrity check,The control system shall provide the capability to verify integrity of the mobile code before allowing code execution.,0.520417,0.969298,,,
shellcheck,SC1060,Can't have empty do clauses (use true as a no-op),10,1.0,0.969298,0.030702000000000007,very_low_gap,3,SR 2.12 RE 1,RE,SR 2.12,2,Non-repudiation for all users,"The control system shall provide the capability to determine whether a given user (human, software process or device) took a particular action.",0.518956,0.954418,,,
shellcheck,SC1060,Can't have empty do clauses (use true as a no-op),10,1.0,0.969298,0.030702000000000007,very_low_gap,4,SR 3.3,SR,,3,Security functionality verification,"The control system shall provide the capability to support verification of the intended operation of security functions and report when anomalies are discovered during FAT, SAT and scheduled maintenance. These security functions shall include all those necessary to support the security requirements specified in this standard.",0.516049,0.925387,,,
shellcheck,SC1060,Can't have empty do clauses (use true as a no-op),10,1.0,0.969298,0.030702000000000007,very_low_gap,5,SR 1.11,SR,,1,Unsuccessful login attempts,"The control system shall provide the capability to enforce a limit of a configurable number of consecutive invalid access attempts by any user (human, software process or device) during a configurable time period. The control system shall provide the capability to deny access for a specified period of time or until unlocked by an administrator when this limit has been exceeded. For system accounts on behalf of which critical services or servers are run, the control system shall provide the capability to disallow interactive logons.",0.514937,0.91447,,,
shellcheck,SC1060,Can't have empty do clauses (use true as a no-op),10,1.0,0.969298,0.030702000000000007,very_low_gap,6,SR 7.7,SR,,7,Least functionality,"The control system shall provide the capability to specifically prohibit and/or restrict the use of unnecessary functions, ports, protocols and/or services.",0.514637,0.911544,,,
shellcheck,SC1060,Can't have empty do clauses (use true as a no-op),10,1.0,0.969298,0.030702000000000007,very_low_gap,7,SR 4.2,SR,,4,Information persistence,The control system shall provide the capability to purge all information for which explicit read authorization is supported from components to be released from active service and/or decommissioned.,0.514633,0.911506,,,
shellcheck,SC1060,Can't have empty do clauses (use true as a no-op),10,1.0,0.969298,0.030702000000000007,very_low_gap,8,SR 3.5,SR,,3,Input validation,The control system shall validate the syntax and content of any input which is used as an industrial process control input or input that directly impacts the action of the control system.,0.512954,0.89527,,,
shellcheck,SC1060,Can't have empty do clauses (use true as a no-op),10,1.0,0.969298,0.030702000000000007,very_low_gap,9,SR 5.2 RE 3,RE,SR 5.2,5,Fail close,The control system shall provide the capability to prevent any communication through the control system boundary when there is an operational failure of the boundary protection mechanisms (also termed fail close). This ‘fail close’ functionality shall be designed such that it does not interfere with the operation of a SIS or other safety-related functions.,0.512812,0.893907,,,
shellcheck,SC1060,Can't have empty do clauses (use true as a no-op),10,1.0,0.969298,0.030702000000000007,very_low_gap,10,SR 3.7,SR,,3,Error handling,The control system shall identify and handle error conditions in a manner such that effective remediation can occur. This shall be done in a manner which does not provide information that could be exploited by adversaries to attack the IACS unless revealing this information is necessary for the timely troubleshooting of problems.,0.509021,0.85816,,,
shellcheck,SC2247,"Flip leading $ and "" if this should be a quoted substitution.",1,1.0,,,no_gap,1,SR 3.5,SR,,3,Input validation,The control system shall validate the syntax and content of any input which is used as an industrial process control input or input that directly impacts the action of the control system.,0.524896,1.0,,,
shellcheck,SC3040,"In POSIX sh, set option [name] is undefined.",1,1.0,,,no_gap,1,SR 5.2 RE 3,RE,SR 5.2,5,Fail close,The control system shall provide the capability to prevent any communication through the control system boundary when there is an operational failure of the boundary protection mechanisms (also termed fail close). This ‘fail close’ functionality shall be designed such that it does not interfere with the operation of a SIS or other safety-related functions.,0.6066,1.0,,,
shellcheck,SC1110,This is a Unicode quote. Delete and retype it (or quote to make literal).,2,1.0,0.735144,0.264856,high_gap,1,SR 3.5,SR,,3,Input validation,The control system shall validate the syntax and content of any input which is used as an industrial process control input or input that directly impacts the action of the control system.,0.519528,1.0,,,
shellcheck,SC1110,This is a Unicode quote. Delete and retype it (or quote to make literal).,2,1.0,0.735144,0.264856,high_gap,2,SR 3.2 RE 1,RE,SR 3.2,3,Malicious code protection on entry and exit points,The control system shall provide the capability to employ malicious code protection mechanisms at all entry and exit points.,0.491262,0.735144,,,
shellcheck,SC3035,"In POSIX sh,  <file  is undefined.",10,1.0,0.99266,0.007340000000000013,very_low_gap,1,SR 3.7,SR,,3,Error handling,The control system shall identify and handle error conditions in a manner such that effective remediation can occur. This shall be done in a manner which does not provide information that could be exploited by adversaries to attack the IACS unless revealing this information is necessary for the timely troubleshooting of problems.,0.469833,1.0,,,
shellcheck,SC3035,"In POSIX sh,  <file  is undefined.",10,1.0,0.99266,0.007340000000000013,very_low_gap,2,SR 7.3,SR,,7,Control system backup,The identity and location of critical files and the ability to conduct backups of user-level and system-level information (including system state information) shall be supported by the control system without affecting normal plant operations.,0.469204,0.99266,,,
shellcheck,SC3035,"In POSIX sh,  <file  is undefined.",10,1.0,0.99266,0.007340000000000013,very_low_gap,3,SR 3.6,SR,,3,Deterministic output,The control system shall provide the capability to set outputs to a predetermined state if normal operation cannot be maintained as a result of an attack.,0.454078,0.82895,,,
shellcheck,SC3035,"In POSIX sh,  <file  is undefined.",10,1.0,0.99266,0.007340000000000013,very_low_gap,4,SR 5.2 RE 3,RE,SR 5.2,5,Fail close,The control system shall provide the capability to prevent any communication through the control system boundary when there is an operational failure of the boundary protection mechanisms (also termed fail close). This ‘fail close’ functionality shall be designed such that it does not interfere with the operation of a SIS or other safety-related functions.,0.452505,0.813274,,,
shellcheck,SC3035,"In POSIX sh,  <file  is undefined.",10,1.0,0.99266,0.007340000000000013,very_low_gap,5,SR 3.3,SR,,3,Security functionality verification,"The control system shall provide the capability to support verification of the intended operation of security functions and report when anomalies are discovered during FAT, SAT and scheduled maintenance. These security functions shall include all those necessary to support the security requirements specified in this standard.",0.449269,0.781803,,,
shellcheck,SC3035,"In POSIX sh,  <file  is undefined.",10,1.0,0.99266,0.007340000000000013,very_low_gap,6,SR 3.2 RE 1,RE,SR 3.2,3,Malicious code protection on entry and exit points,The control system shall provide the capability to employ malicious code protection mechanisms at all entry and exit points.,0.446215,0.753014,,,
shellcheck,SC3035,"In POSIX sh,  <file  is undefined.",10,1.0,0.99266,0.007340000000000013,very_low_gap,7,SR 3.5,SR,,3,Input validation,The control system shall validate the syntax and content of any input which is used as an industrial process control input or input that directly impacts the action of the control system.,0.443771,0.730606,,,
shellcheck,SC3035,"In POSIX sh,  <file  is undefined.",10,1.0,0.99266,0.007340000000000013,very_low_gap,8,SR 2.9 RE 1,RE,SR 2.9,2,Warn when audit record storage capacity threshold reached,The control system shall provide the capability to issue a warning when the allocated audit record storage volume reaches a configurable percentage of maximum audit record storage capacity.,0.441127,0.706983,,,
shellcheck,SC3035,"In POSIX sh,  <file  is undefined.",10,1.0,0.99266,0.007340000000000013,very_low_gap,9,SR 2.11,SR,,2,Timestamps,The control system shall provide timestamps for use in audit record generation.,0.439753,0.694956,,,
shellcheck,SC3035,"In POSIX sh,  <file  is undefined.",10,1.0,0.99266,0.007340000000000013,very_low_gap,10,SR 4.2,SR,,4,Information persistence,The control system shall provide the capability to purge all information for which explicit read authorization is supported from components to be released from active service and/or decommissioned.,0.439207,0.690227,,,
shellcheck,SC1135,"Prefer escape over ending quote to make $ literal. Instead of ""It costs $""5, use ""It costs \$5""",3,1.0,0.771391,0.22860899999999995,high_gap,1,SR 3.5,SR,,3,Input validation,The control system shall validate the syntax and content of any input which is used as an industrial process control input or input that directly impacts the action of the control system.,0.50432,1.0,,,
shellcheck,SC1135,"Prefer escape over ending quote to make $ literal. Instead of ""It costs $""5, use ""It costs \$5""",3,1.0,0.771391,0.22860899999999995,high_gap,2,SR 5.2 RE 3,RE,SR 5.2,5,Fail close,The control system shall provide the capability to prevent any communication through the control system boundary when there is an operational failure of the boundary protection mechanisms (also termed fail close). This ‘fail close’ functionality shall be designed such that it does not interfere with the operation of a SIS or other safety-related functions.,0.481073,0.771391,,,
shellcheck,SC1135,"Prefer escape over ending quote to make $ literal. Instead of ""It costs $""5, use ""It costs \$5""",3,1.0,0.771391,0.22860899999999995,high_gap,3,SR 3.2 RE 1,RE,SR 3.2,3,Malicious code protection on entry and exit points,The control system shall provide the capability to employ malicious code protection mechanisms at all entry and exit points.,0.474783,0.717526,,,
shellcheck,SC2001,See if you can use ${variable//search/replace} instead.,4,1.0,0.773281,0.226719,high_gap,1,SR 3.5,SR,,3,Input validation,The control system shall validate the syntax and content of any input which is used as an industrial process control input or input that directly impacts the action of the control system.,0.509555,1.0,,,
shellcheck,SC2001,See if you can use ${variable//search/replace} instead.,4,1.0,0.773281,0.226719,high_gap,2,SR 1.4,SR,,1,Identifier management,"The control system shall provide the capability to support the management of identifiers by user, group, role or control system interface.",0.486283,0.773281,,,
shellcheck,SC2001,See if you can use ${variable//search/replace} instead.,4,1.0,0.773281,0.226719,high_gap,3,SR 7.1 RE 1,RE,SR 7.1,7,Manage communication loads,The control system shall provide the capability to manage communication loads (such as using rate limiting) to mitigate the effects of information flooding types of DoS events.,0.47804,0.703889,,,
shellcheck,SC2001,See if you can use ${variable//search/replace} instead.,4,1.0,0.773281,0.226719,high_gap,4,SR 7.1,SR,,7,Denial of service protection,The control system shall provide the capability to operate in a degraded mode during a DoS event.,0.476005,0.687566,,,
shellcheck,SC3014,"In POSIX sh, == in place of = is undefined.",10,1.0,0.949717,0.05028299999999997,low_gap,1,SR 3.7,SR,,3,Error handling,The control system shall identify and handle error conditions in a manner such that effective remediation can occur. This shall be done in a manner which does not provide information that could be exploited by adversaries to attack the IACS unless revealing this information is necessary for the timely troubleshooting of problems.,0.471792,1.0,,,
shellcheck,SC3014,"In POSIX sh, == in place of = is undefined.",10,1.0,0.949717,0.05028299999999997,low_gap,2,SR 3.6,SR,,3,Deterministic output,The control system shall provide the capability to set outputs to a predetermined state if normal operation cannot be maintained as a result of an attack.,0.467387,0.949717,,,
shellcheck,SC3014,"In POSIX sh, == in place of = is undefined.",10,1.0,0.949717,0.05028299999999997,low_gap,3,SR 3.5,SR,,3,Input validation,The control system shall validate the syntax and content of any input which is used as an industrial process control input or input that directly impacts the action of the control system.,0.46553,0.929145,,,
shellcheck,SC3014,"In POSIX sh, == in place of = is undefined.",10,1.0,0.949717,0.05028299999999997,low_gap,4,SR 5.2 RE 3,RE,SR 5.2,5,Fail close,The control system shall provide the capability to prevent any communication through the control system boundary when there is an operational failure of the boundary protection mechanisms (also termed fail close). This ‘fail close’ functionality shall be designed such that it does not interfere with the operation of a SIS or other safety-related functions.,0.461756,0.88847,,,
shellcheck,SC3014,"In POSIX sh, == in place of = is undefined.",10,1.0,0.949717,0.05028299999999997,low_gap,5,SR 3.3,SR,,3,Security functionality verification,"The control system shall provide the capability to support verification of the intended operation of security functions and report when anomalies are discovered during FAT, SAT and scheduled maintenance. These security functions shall include all those necessary to support the security requirements specified in this standard.",0.455502,0.824269,,,
shellcheck,SC3014,"In POSIX sh, == in place of = is undefined.",10,1.0,0.949717,0.05028299999999997,low_gap,6,SR 1.4,SR,,1,Identifier management,"The control system shall provide the capability to support the management of identifiers by user, group, role or control system interface.",0.443281,0.709752,,,
shellcheck,SC3014,"In POSIX sh, == in place of = is undefined.",10,1.0,0.949717,0.05028299999999997,low_gap,7,SR 2.12 RE 1,RE,SR 2.12,2,Non-repudiation for all users,"The control system shall provide the capability to determine whether a given user (human, software process or device) took a particular action.",0.44324,0.709393,,,
shellcheck,SC3014,"In POSIX sh, == in place of = is undefined.",10,1.0,0.949717,0.05028299999999997,low_gap,8,SR 7.3,SR,,7,Control system backup,The identity and location of critical files and the ability to conduct backups of user-level and system-level information (including system state information) shall be supported by the control system without affecting normal plant operations.,0.443209,0.709122,,,
shellcheck,SC3014,"In POSIX sh, == in place of = is undefined.",10,1.0,0.949717,0.05028299999999997,low_gap,9,SR 1.11,SR,,1,Unsuccessful login attempts,"The control system shall provide the capability to enforce a limit of a configurable number of consecutive invalid access attempts by any user (human, software process or device) during a configurable time period. The control system shall provide the capability to deny access for a specified period of time or until unlocked by an administrator when this limit has been exceeded. For system accounts on behalf of which critical services or servers are run, the control system shall provide the capability to disallow interactive logons.",0.442405,0.702075,,,
shellcheck,SC3014,"In POSIX sh, == in place of = is undefined.",10,1.0,0.949717,0.05028299999999997,low_gap,10,SR 7.1,SR,,7,Denial of service protection,The control system shall provide the capability to operate in a degraded mode during a DoS event.,0.441347,0.692892,,,
shellcheck,SC3030,"In POSIX sh, arrays are undefined.",6,1.0,0.924981,0.07501899999999995,low_gap,1,SR 3.5,SR,,3,Input validation,The control system shall validate the syntax and content of any input which is used as an industrial process control input or input that directly impacts the action of the control system.,0.514245,1.0,,,
shellcheck,SC3030,"In POSIX sh, arrays are undefined.",6,1.0,0.924981,0.07501899999999995,low_gap,2,SR 3.6,SR,,3,Deterministic output,The control system shall provide the capability to set outputs to a predetermined state if normal operation cannot be maintained as a result of an attack.,0.507005,0.924981,,,
shellcheck,SC3030,"In POSIX sh, arrays are undefined.",6,1.0,0.924981,0.07501899999999995,low_gap,3,SR 7.1 RE 1,RE,SR 7.1,7,Manage communication loads,The control system shall provide the capability to manage communication loads (such as using rate limiting) to mitigate the effects of information flooding types of DoS events.,0.495366,0.814062,,,
shellcheck,SC3030,"In POSIX sh, arrays are undefined.",6,1.0,0.924981,0.07501899999999995,low_gap,4,SR 1.4,SR,,1,Identifier management,"The control system shall provide the capability to support the management of identifiers by user, group, role or control system interface.",0.494793,0.808899,,,
shellcheck,SC3030,"In POSIX sh, arrays are undefined.",6,1.0,0.924981,0.07501899999999995,low_gap,5,SR 3.7,SR,,3,Error handling,The control system shall identify and handle error conditions in a manner such that effective remediation can occur. This shall be done in a manner which does not provide information that could be exploited by adversaries to attack the IACS unless revealing this information is necessary for the timely troubleshooting of problems.,0.494061,0.80234,,,
shellcheck,SC3030,"In POSIX sh, arrays are undefined.",6,1.0,0.924981,0.07501899999999995,low_gap,6,SR 4.2 RE 1,RE,SR 4.2,4,Purging of shared memory resources,The control system shall provide the capability to prevent unauthorized and unintended information transfer via volatile shared memory resources.,0.481293,0.694735,,,
shellcheck,SC2045,Iterating over ls output is fragile. Use globs.,10,1.0,0.987888,0.012112000000000012,very_low_gap,1,SR 2.11,SR,,2,Timestamps,The control system shall provide timestamps for use in audit record generation.,0.512807,1.0,,,
shellcheck,SC2045,Iterating over ls output is fragile. Use globs.,10,1.0,0.987888,0.012112000000000012,very_low_gap,2,SR 2.9 RE 1,RE,SR 2.9,2,Warn when audit record storage capacity threshold reached,The control system shall provide the capability to issue a warning when the allocated audit record storage volume reaches a configurable percentage of maximum audit record storage capacity.,0.511672,0.987888,,,
shellcheck,SC2045,Iterating over ls output is fragile. Use globs.,10,1.0,0.987888,0.012112000000000012,very_low_gap,3,SR 3.6,SR,,3,Deterministic output,The control system shall provide the capability to set outputs to a predetermined state if normal operation cannot be maintained as a result of an attack.,0.508871,0.958512,,,
shellcheck,SC2045,Iterating over ls output is fragile. Use globs.,10,1.0,0.987888,0.012112000000000012,very_low_gap,4,SR 3.9 RE 1,RE,SR 3.9,3,Audit records on write-once media,The control system shall provide the capability to produce audit records on hardware-enforced write-once media.,0.50694,0.93867,,,
shellcheck,SC2045,Iterating over ls output is fragile. Use globs.,10,1.0,0.987888,0.012112000000000012,very_low_gap,5,SR 3.5,SR,,3,Input validation,The control system shall validate the syntax and content of any input which is used as an industrial process control input or input that directly impacts the action of the control system.,0.504849,0.91757,,,
shellcheck,SC2045,Iterating over ls output is fragile. Use globs.,10,1.0,0.987888,0.012112000000000012,very_low_gap,6,SR 7.3,SR,,7,Control system backup,The identity and location of critical files and the ability to conduct backups of user-level and system-level information (including system state information) shall be supported by the control system without affecting normal plant operations.,0.498121,0.852307,,,
shellcheck,SC2045,Iterating over ls output is fragile. Use globs.,10,1.0,0.987888,0.012112000000000012,very_low_gap,7,SR 1.11,SR,,1,Unsuccessful login attempts,"The control system shall provide the capability to enforce a limit of a configurable number of consecutive invalid access attempts by any user (human, software process or device) during a configurable time period. The control system shall provide the capability to deny access for a specified period of time or until unlocked by an administrator when this limit has been exceeded. For system accounts on behalf of which critical services or servers are run, the control system shall provide the capability to disallow interactive logons.",0.496886,0.840746,,,
shellcheck,SC2045,Iterating over ls output is fragile. Use globs.,10,1.0,0.987888,0.012112000000000012,very_low_gap,8,SR 7.1,SR,,7,Denial of service protection,The control system shall provide the capability to operate in a degraded mode during a DoS event.,0.495865,0.831287,,,
shellcheck,SC2045,Iterating over ls output is fragile. Use globs.,10,1.0,0.987888,0.012112000000000012,very_low_gap,9,SR 3.7,SR,,3,Error handling,The control system shall identify and handle error conditions in a manner such that effective remediation can occur. This shall be done in a manner which does not provide information that could be exploited by adversaries to attack the IACS unless revealing this information is necessary for the timely troubleshooting of problems.,0.495781,0.830519,,,
shellcheck,SC2045,Iterating over ls output is fragile. Use globs.,10,1.0,0.987888,0.012112000000000012,very_low_gap,10,SR 2.10,SR,,2,Response to audit processing failures,The control system shall provide the capability to alert personnel and prevent the loss of essential services and functions in the event of an audit processing failure. The control system shall provide the capability to support appropriate actions in response to an audit processing failure according to commonly accepted industry practices and recommendations.,0.492995,0.805171,,,
shellcheck,SC2326,! is not allowed in the middle of pipelines. Use command group as in cmd | { ! cmd; } if necessary.,6,1.0,0.801134,0.198866,medium_gap,1,SR 5.2 RE 3,RE,SR 5.2,5,Fail close,The control system shall provide the capability to prevent any communication through the control system boundary when there is an operational failure of the boundary protection mechanisms (also termed fail close). This ‘fail close’ functionality shall be designed such that it does not interfere with the operation of a SIS or other safety-related functions.,0.587138,1.0,,,
shellcheck,SC2326,! is not allowed in the middle of pipelines. Use command group as in cmd | { ! cmd; } if necessary.,6,1.0,0.801134,0.198866,medium_gap,2,SR 7.1,SR,,7,Denial of service protection,The control system shall provide the capability to operate in a degraded mode during a DoS event.,0.563939,0.801134,,,
shellcheck,SC2326,! is not allowed in the middle of pipelines. Use command group as in cmd | { ! cmd; } if necessary.,6,1.0,0.801134,0.198866,medium_gap,3,SR 5.2 RE 2,RE,SR 5.2,5,Island mode,The control system shall provide the capability to prevent any communication through the control system boundary (also termed island mode).,0.560038,0.771123,,,
shellcheck,SC2326,! is not allowed in the middle of pipelines. Use command group as in cmd | { ! cmd; } if necessary.,6,1.0,0.801134,0.198866,medium_gap,4,SR 3.7,SR,,3,Error handling,The control system shall identify and handle error conditions in a manner such that effective remediation can occur. This shall be done in a manner which does not provide information that could be exploited by adversaries to attack the IACS unless revealing this information is necessary for the timely troubleshooting of problems.,0.552865,0.718345,,,
shellcheck,SC2326,! is not allowed in the middle of pipelines. Use command group as in cmd | { ! cmd; } if necessary.,6,1.0,0.801134,0.198866,medium_gap,5,SR 3.6,SR,,3,Deterministic output,The control system shall provide the capability to set outputs to a predetermined state if normal operation cannot be maintained as a result of an attack.,0.550767,0.703483,,,
shellcheck,SC2326,! is not allowed in the middle of pipelines. Use command group as in cmd | { ! cmd; } if necessary.,6,1.0,0.801134,0.198866,medium_gap,6,SR 1.11,SR,,1,Unsuccessful login attempts,"The control system shall provide the capability to enforce a limit of a configurable number of consecutive invalid access attempts by any user (human, software process or device) during a configurable time period. The control system shall provide the capability to deny access for a specified period of time or until unlocked by an administrator when this limit has been exceeded. For system accounts on behalf of which critical services or servers are run, the control system shall provide the capability to disallow interactive logons.",0.548002,0.684274,,,
