source_type,source_id,rank,target_id,target_type,parent_sr,foundational_requirement,raw_cosine,relative_score,target_title
hadolint,DL1001,1,SR 1.11,SR,SR 1.11,1,0.508833,1.0,Unsuccessful login attempts
hadolint,DL1001,2,SR 4.2,SR,SR 4.2,4,0.501355,0.921798,Information persistence
hadolint,DL1001,3,SR 3.6,SR,SR 3.6,3,0.499486,0.90306,Deterministic output
hadolint,DL1001,4,SR 3.7,SR,SR 3.7,3,0.498655,0.894824,Error handling
hadolint,DL1001,5,SR 5.3 RE 1,RE,SR 5.3,5,0.497253,0.881075,Prohibit all general purpose person-to-person communications
hadolint,DL1001,6,SR 3.8,SR,SR 3.8,3,0.496083,0.869729,Session integrity
hadolint,DL1001,7,SR 7.7,SR,SR 7.7,7,0.494929,0.858662,Least functionality
hadolint,DL1001,8,SR 5.3,SR,SR 5.3,5,0.494238,0.852093,General purpose person-to-person communication restrictions
hadolint,DL1001,9,SR 1.10,SR,SR 1.10,1,0.493067,0.841045,Authenticator feedback
hadolint,DL1001,10,SR 5.2 RE 1,RE,SR 5.2,5,0.49071,0.819172,"Deny by default, allow by exception"
hadolint,DL3000,1,SR 7.3,SR,SR 7.3,7,0.494736,1.0,Control system backup
hadolint,DL3000,2,SR 3.2 RE 1,RE,SR 3.2,3,0.490041,0.948899,Malicious code protection on entry and exit points
hadolint,DL3000,3,SR 2.3,SR,SR 2.3,2,0.487362,0.920722,Use control for portable and mobile devices
hadolint,DL3000,4,SR 1.5 RE 1,RE,SR 1.5,1,0.486672,0.913572,Hardware security for software process identity credentials
hadolint,DL3000,5,SR 3.7,SR,SR 3.7,3,0.483662,0.882927,Error handling
hadolint,DL3000,6,SR 1.4,SR,SR 1.4,1,0.482867,0.874979,Identifier management
hadolint,DL3000,7,SR 1.2,SR,SR 1.2,1,0.481619,0.862606,Software process and device identification and authentication
hadolint,DL3000,8,SR 3.2 RE 2,RE,SR 3.2,3,0.480382,0.850489,Central management and reporting for malicious code protection
hadolint,DL3000,9,SR 3.8 RE 3,RE,SR 3.8,3,0.478188,0.829345,Randomness of session IDs
hadolint,DL3000,10,SR 5.4,SR,SR 5.4,5,0.477277,0.820691,Application partitioning
hadolint,DL3001,1,SR 7.1 RE 1,RE,SR 7.1,7,0.490865,1.0,Manage communication loads
hadolint,DL3001,2,SR 3.2 RE 1,RE,SR 3.2,3,0.480609,0.89035,Malicious code protection on entry and exit points
hadolint,DL3001,3,SR 3.7,SR,SR 3.7,3,0.480575,0.890005,Error handling
hadolint,DL3001,4,SR 4.2,SR,SR 4.2,4,0.478707,0.871146,Information persistence
hadolint,DL3001,5,SR 5.2 RE 3,RE,SR 5.2,5,0.477005,0.854243,Fail close
hadolint,DL3001,6,SR 1.4,SR,SR 1.4,1,0.472056,0.806628,Identifier management
hadolint,DL3001,7,SR 3.6,SR,SR 3.6,3,0.47132,0.799727,Deterministic output
hadolint,DL3001,8,SR 7.6 RE 1,RE,SR 7.6,7,0.468109,0.770225,Machine-readable reporting of current security settings
hadolint,DL3001,9,SR 7.7,SR,SR 7.7,7,0.466216,0.753243,Least functionality
hadolint,DL3001,10,SR 1.11,SR,SR 1.11,1,0.465518,0.747061,Unsuccessful login attempts
hadolint,DL3002,1,SR 1.11,SR,SR 1.11,1,0.525013,1.0,Unsuccessful login attempts
hadolint,DL3002,2,SR 2.5,SR,SR 2.5,2,0.523563,0.984912,Session lock
hadolint,DL3002,3,SR 1.7 RE 1,RE,SR 1.7,1,0.515753,0.906767,Password generation and lifetime restrictions for human users
hadolint,DL3002,4,SR 3.8 RE 1,RE,SR 3.8,3,0.510787,0.859773,Invalidation of session IDs after session termination
hadolint,DL3002,5,SR 2.12 RE 1,RE,SR 2.12,2,0.503441,0.79393,Non-repudiation for all users
hadolint,DL3002,6,SR 2.1 RE 1,RE,SR 2.1,2,0.501668,0.778673,Authorization enforcement for all users
hadolint,DL3002,7,SR 1.7 RE 2,RE,SR 1.7,1,0.497898,0.747034,Password lifetime restrictions for all users
hadolint,DL3002,8,SR 3.2 RE 1,RE,SR 3.2,3,0.497225,0.741491,Malicious code protection on entry and exit points
hadolint,DL3002,9,SR 3.8 RE 3,RE,SR 3.8,3,0.497129,0.740709,Randomness of session IDs
hadolint,DL3002,10,SR 5.2 RE 2,RE,SR 5.2,5,0.49119,0.693331,Island mode
hadolint,DL3003,1,SR 7.3,SR,SR 7.3,7,0.510417,1.0,Control system backup
hadolint,DL3003,2,SR 7.3 RE 2,RE,SR 7.3,7,0.497138,0.865038,Backup automation
hadolint,DL3003,3,SR 3.6,SR,SR 3.6,3,0.481419,0.724923,Deterministic output
hadolint,DL3004,1,SR 2.4,SR,SR 2.4,2,0.456336,1.0,Mobile code
hadolint,DL3004,2,SR 1.11,SR,SR 1.11,1,0.440363,0.822032,Unsuccessful login attempts
hadolint,DL3004,3,SR 4.2,SR,SR 4.2,4,0.439951,0.817819,Information persistence
hadolint,DL3004,4,SR 1.13 RE 1,RE,SR 1.13,1,0.426161,0.686417,Explicit access request approval
hadolint,DL3005,1,SR 3.2,SR,SR 3.2,3,0.390129,1.0,Malicious code protection
hadolint,DL3005,2,SR 1.5 RE 1,RE,SR 1.5,1,0.38848,0.976962,Hardware security for software process identity credentials
hadolint,DL3005,3,SR 7.1,SR,SR 7.1,7,0.385315,0.933986,Denial of service protection
hadolint,DL3005,4,SR 7.5,SR,SR 7.5,7,0.383186,0.905949,Emergency power
hadolint,DL3005,5,SR 5.2 RE 1,RE,SR 5.2,5,0.381578,0.885237,"Deny by default, allow by exception"
hadolint,DL3005,6,SR 7.7,SR,SR 7.7,7,0.380931,0.877015,Least functionality
hadolint,DL3005,7,SR 5.3 RE 1,RE,SR 5.3,5,0.375191,0.806753,Prohibit all general purpose person-to-person communications
hadolint,DL3005,8,SR 1.8,SR,SR 1.8,1,0.372416,0.774482,Public key infrastructure (PKI) certificates
hadolint,DL3005,9,SR 1.11,SR,SR 1.11,1,0.372193,0.771932,Unsuccessful login attempts
hadolint,DL3005,10,SR 2.4,SR,SR 2.4,2,0.371513,0.764202,Mobile code
hadolint,DL3006,1,SR 3.8 RE 3,RE,SR 3.8,3,0.461041,1.0,Randomness of session IDs
hadolint,DL3006,2,SR 3.6,SR,SR 3.6,3,0.4576,0.959638,Deterministic output
hadolint,DL3006,3,SR 2.12 RE 1,RE,SR 2.12,2,0.449525,0.870117,Non-repudiation for all users
hadolint,DL3006,4,SR 2.11,SR,SR 2.11,2,0.44603,0.83356,Timestamps
hadolint,DL3006,5,SR 1.4,SR,SR 1.4,1,0.441631,0.789329,Identifier management
hadolint,DL3006,6,SR 1.2 RE 1,RE,SR 1.2,1,0.44145,0.78756,Unique identification and authentication
hadolint,DL3006,7,SR 1.2,SR,SR 1.2,1,0.441176,0.784871,Software process and device identification and authentication
hadolint,DL3006,8,SR 3.8 RE 2,RE,SR 3.8,3,0.438831,0.762194,Unique session ID generation
hadolint,DL3006,9,SR 3.7,SR,SR 3.7,3,0.437911,0.753452,Error handling
hadolint,DL3006,10,SR 3.8 RE 1,RE,SR 3.8,3,0.435761,0.733333,Invalidation of session IDs after session termination
hadolint,DL3007,1,SR 7.1,SR,SR 7.1,7,0.47121,1.0,Denial of service protection
hadolint,DL3007,2,SR 3.7,SR,SR 3.7,3,0.468176,0.965091,Error handling
hadolint,DL3007,3,SR 7.3 RE 1,RE,SR 7.3,7,0.458249,0.857778,Backup verification
hadolint,DL3007,4,SR 1.11,SR,SR 1.11,1,0.454337,0.818271,Unsuccessful login attempts
hadolint,DL3007,5,SR 3.6,SR,SR 3.6,3,0.449469,0.771199,Deterministic output
hadolint,DL3007,6,SR 1.7 RE 1,RE,SR 1.7,1,0.446697,0.745402,Password generation and lifetime restrictions for human users
hadolint,DL3007,7,SR 5.2 RE 3,RE,SR 5.2,5,0.444228,0.723023,Fail close
hadolint,DL3007,8,SR 2.12 RE 1,RE,SR 2.12,2,0.443684,0.718167,Non-repudiation for all users
hadolint,DL3007,9,SR 3.8 RE 3,RE,SR 3.8,3,0.439432,0.681119,Randomness of session IDs
hadolint,DL3008,1,SR 3.8 RE 3,RE,SR 3.8,3,0.443424,1.0,Randomness of session IDs
hadolint,DL3008,2,SR 7.7,SR,SR 7.7,7,0.435353,0.903905,Least functionality
hadolint,DL3008,3,SR 3.3,SR,SR 3.3,3,0.429733,0.841557,Security functionality verification
hadolint,DL3008,4,SR 1.8,SR,SR 1.8,1,0.422978,0.771335,Public key infrastructure (PKI) certificates
hadolint,DL3008,5,SR 3.2,SR,SR 3.2,3,0.421987,0.761448,Malicious code protection
hadolint,DL3008,6,SR 1.7 RE 1,RE,SR 1.7,1,0.421939,0.760963,Password generation and lifetime restrictions for human users
hadolint,DL3008,7,SR 3.6,SR,SR 3.6,3,0.421525,0.756871,Deterministic output
hadolint,DL3008,8,SR 1.11,SR,SR 1.11,1,0.41772,0.720046,Unsuccessful login attempts
hadolint,DL3008,9,SR 1.7 RE 2,RE,SR 1.7,1,0.416023,0.704105,Password lifetime restrictions for all users
hadolint,DL3008,10,SR 1.13 RE 1,RE,SR 1.13,1,0.415107,0.69562,Explicit access request approval
hadolint,DL3009,1,SR 4.2,SR,SR 4.2,4,0.457532,1.0,Information persistence
hadolint,DL3009,2,SR 4.2 RE 1,RE,SR 4.2,4,0.433175,0.740169,Purging of shared memory resources
hadolint,DL3010,1,SR 2.11,SR,SR 2.11,2,0.50825,1.0,Timestamps
hadolint,DL3011,1,SR 1.11,SR,SR 1.11,1,0.52786,1.0,Unsuccessful login attempts
hadolint,DL3011,2,SR 7.1,SR,SR 7.1,7,0.512906,0.853799,Denial of service protection
hadolint,DL3011,3,SR 3.7,SR,SR 3.7,3,0.506637,0.797964,Error handling
hadolint,DL3011,4,SR 7.7,SR,SR 7.7,7,0.499217,0.735764,Least functionality
hadolint,DL3011,5,SR 7.1 RE 1,RE,SR 7.1,7,0.497036,0.718256,Manage communication loads
hadolint,DL3012,1,SR 3.2,SR,SR 3.2,3,0.502444,1.0,Malicious code protection
hadolint,DL3012,2,SR 3.2 RE 1,RE,SR 3.2,3,0.491525,0.886175,Malicious code protection on entry and exit points
hadolint,DL3012,3,SR 3.3 RE 1,RE,SR 3.3,3,0.484886,0.822315,Automated mechanisms for security functionality verification
hadolint,DL3012,4,SR 2.4 RE 1,RE,SR 2.4,2,0.484729,0.82085,Mobile code integrity check
hadolint,DL3012,5,SR 3.3,SR,SR 3.3,3,0.481025,0.786934,Security functionality verification
hadolint,DL3012,6,SR 7.7,SR,SR 7.7,7,0.478788,0.767022,Least functionality
hadolint,DL3012,7,SR 3.2 RE 2,RE,SR 3.2,3,0.4772,0.753127,Central management and reporting for malicious code protection
hadolint,DL3012,8,SR 1.11,SR,SR 1.11,1,0.476983,0.751245,Unsuccessful login attempts
hadolint,DL3012,9,SR 1.7 RE 1,RE,SR 1.7,1,0.471223,0.702691,Password generation and lifetime restrictions for human users
hadolint,DL3013,1,SR 3.2,SR,SR 3.2,3,0.440326,1.0,Malicious code protection
hadolint,DL3013,2,SR 3.3,SR,SR 3.3,3,0.43874,0.980349,Security functionality verification
hadolint,DL3013,3,SR 1.7 RE 1,RE,SR 1.7,1,0.43738,0.963756,Password generation and lifetime restrictions for human users
hadolint,DL3013,4,SR 1.11,SR,SR 1.11,1,0.436877,0.95768,Unsuccessful login attempts
hadolint,DL3013,5,SR 3.8 RE 3,RE,SR 3.8,3,0.436849,0.957337,Randomness of session IDs
hadolint,DL3013,6,SR 1.13 RE 1,RE,SR 1.13,1,0.426475,0.838795,Explicit access request approval
hadolint,DL3013,7,SR 3.7,SR,SR 3.7,3,0.426061,0.834331,Error handling
hadolint,DL3013,8,SR 5.2 RE 1,RE,SR 5.2,5,0.425849,0.832046,"Deny by default, allow by exception"
hadolint,DL3013,9,SR 5.2 RE 3,RE,SR 5.2,5,0.425005,0.823016,Fail close
hadolint,DL3013,10,SR 3.6,SR,SR 3.6,3,0.423933,0.811664,Deterministic output
hadolint,DL3014,1,SR 7.5,SR,SR 7.5,7,0.448165,1.0,Emergency power
hadolint,DL3014,2,SR 3.7,SR,SR 3.7,3,0.444906,0.960658,Error handling
hadolint,DL3014,3,SR 7.1,SR,SR 7.1,7,0.423814,0.735456,Denial of service protection
hadolint,DL3014,4,SR 7.3 RE 2,RE,SR 7.3,7,0.423535,0.732793,Backup automation
hadolint,DL3014,5,SR 3.2,SR,SR 3.2,3,0.421611,0.714675,Malicious code protection
hadolint,DL3014,6,SR 2.4 RE 1,RE,SR 2.4,2,0.421226,0.711091,Mobile code integrity check
hadolint,DL3014,7,SR 2.4,SR,SR 2.4,2,0.418229,0.683704,Mobile code
hadolint,DL3015,1,SR 7.7,SR,SR 7.7,7,0.487693,1.0,Least functionality
hadolint,DL3015,2,SR 1.13 RE 1,RE,SR 1.13,1,0.468089,0.798001,Explicit access request approval
hadolint,DL3015,3,SR 2.4,SR,SR 2.4,2,0.464292,0.763035,Mobile code
hadolint,DL3015,4,SR 2.3,SR,SR 2.3,2,0.460187,0.726665,Use control for portable and mobile devices
hadolint,DL3016,1,SR 1.9,SR,SR 1.9,1,0.453884,1.0,Strength of public key authentication
hadolint,DL3016,2,SR 3.8 RE 3,RE,SR 3.8,3,0.442173,0.866092,Randomness of session IDs
hadolint,DL3016,3,SR 1.8,SR,SR 1.8,1,0.433685,0.778506,Public key infrastructure (PKI) certificates
hadolint,DL3016,4,SR 2.8 RE 1,RE,SR 2.8,2,0.431654,0.758667,"Centrally managed, system-wide audit trail"
hadolint,DL3016,5,SR 1.5 RE 1,RE,SR 1.5,1,0.431378,0.755998,Hardware security for software process identity credentials
hadolint,DL3016,6,SR 1.7 RE 1,RE,SR 1.7,1,0.429235,0.735573,Password generation and lifetime restrictions for human users
hadolint,DL3016,7,SR 2.12 RE 1,RE,SR 2.12,2,0.428332,0.727101,Non-repudiation for all users
hadolint,DL3016,8,SR 2.11,SR,SR 2.11,2,0.427269,0.71724,Timestamps
hadolint,DL3016,9,SR 1.5,SR,SR 1.5,1,0.425969,0.705311,Authenticator management
hadolint,DL3016,10,SR 7.6,SR,SR 7.6,7,0.423452,0.682696,Network and security configuration settings
hadolint,DL3017,1,SR 1.11,SR,SR 1.11,1,0.447496,1.0,Unsuccessful login attempts
hadolint,DL3017,2,SR 3.7,SR,SR 3.7,3,0.436247,0.869343,Error handling
hadolint,DL3017,3,SR 1.5 RE 1,RE,SR 1.5,1,0.433915,0.844081,Hardware security for software process identity credentials
hadolint,DL3017,4,SR 7.7,SR,SR 7.7,7,0.433256,0.837061,Least functionality
hadolint,DL3017,5,SR 2.3,SR,SR 2.3,2,0.431597,0.819582,Use control for portable and mobile devices
hadolint,DL3017,6,SR 2.4,SR,SR 2.4,2,0.429531,0.798234,Mobile code
hadolint,DL3017,7,SR 7.5,SR,SR 7.5,7,0.423555,0.739037,Emergency power
hadolint,DL3017,8,SR 1.12,SR,SR 1.12,1,0.42279,0.731728,System use notification
hadolint,DL3017,9,SR 1.13 RE 1,RE,SR 1.13,1,0.42133,0.717933,Explicit access request approval
hadolint,DL3017,10,SR 1.7 RE 1,RE,SR 1.7,1,0.421304,0.717692,Password generation and lifetime restrictions for human users
hadolint,DL3018,1,SR 1.5 RE 1,RE,SR 1.5,1,0.492956,1.0,Hardware security for software process identity credentials
hadolint,DL3018,2,SR 1.11,SR,SR 1.11,1,0.473862,0.80471,Unsuccessful login attempts
hadolint,DL3018,3,SR 2.5,SR,SR 2.5,2,0.470806,0.776574,Session lock
hadolint,DL3018,4,SR 3.8 RE 3,RE,SR 3.8,3,0.464374,0.719988,Randomness of session IDs
hadolint,DL3018,5,SR 1.7 RE 1,RE,SR 1.7,1,0.461902,0.699163,Password generation and lifetime restrictions for human users
hadolint,DL3018,6,SR 3.3,SR,SR 3.3,3,0.46016,0.684781,Security functionality verification
hadolint,DL3019,1,SR 7.5,SR,SR 7.5,7,0.471018,1.0,Emergency power
hadolint,DL3019,2,SR 3.7,SR,SR 3.7,3,0.464798,0.929497,Error handling
hadolint,DL3019,3,SR 1.5 RE 1,RE,SR 1.5,1,0.459959,0.877498,Hardware security for software process identity credentials
hadolint,DL3019,4,SR 1.11,SR,SR 1.11,1,0.454919,0.825904,Unsuccessful login attempts
hadolint,DL3019,5,SR 7.7,SR,SR 7.7,7,0.451454,0.791889,Least functionality
hadolint,DL3019,6,SR 7.3,SR,SR 7.3,7,0.449697,0.775091,Control system backup
hadolint,DL3019,7,SR 5.2 RE 2,RE,SR 5.2,5,0.449265,0.771006,Island mode
hadolint,DL3019,8,SR 2.5,SR,SR 2.5,2,0.445846,0.739284,Session lock
hadolint,DL3019,9,SR 2.3,SR,SR 2.3,2,0.444025,0.72282,Use control for portable and mobile devices
hadolint,DL3019,10,SR 3.3,SR,SR 3.3,3,0.439349,0.681937,Security functionality verification
hadolint,DL3020,1,SR 7.3,SR,SR 7.3,7,0.529806,1.0,Control system backup
hadolint,DL3020,2,SR 3.4,SR,SR 3.4,3,0.514403,0.850205,Software and information integrity
hadolint,DL3020,3,SR 3.2,SR,SR 3.2,3,0.497019,0.70373,Malicious code protection
hadolint,DL3021,1,SR 1.7 RE 1,RE,SR 1.7,1,0.520413,1.0,Password generation and lifetime restrictions for human users
hadolint,DL3021,2,SR 1.11,SR,SR 1.11,1,0.51665,0.960867,Unsuccessful login attempts
hadolint,DL3021,3,SR 7.7,SR,SR 7.7,7,0.507417,0.870145,Least functionality
hadolint,DL3021,4,SR 3.6,SR,SR 3.6,3,0.507172,0.867838,Deterministic output
hadolint,DL3021,5,SR 2.4,SR,SR 2.4,2,0.50549,0.852125,Mobile code
hadolint,DL3021,6,SR 3.2 RE 1,RE,SR 3.2,3,0.501549,0.816216,Malicious code protection on entry and exit points
hadolint,DL3021,7,SR 5.2 RE 3,RE,SR 5.2,5,0.499469,0.797773,Fail close
hadolint,DL3021,8,SR 3.8 RE 3,RE,SR 3.8,3,0.494906,0.758501,Randomness of session IDs
hadolint,DL3021,9,SR 1.7 RE 2,RE,SR 1.7,1,0.493612,0.74766,Password lifetime restrictions for all users
hadolint,DL3021,10,SR 2.11 RE 2,RE,SR 2.11,2,0.4934,0.745898,Protection of time source integrity
hadolint,DL3022,1,SR 2.11,SR,SR 2.11,2,0.487943,1.0,Timestamps
hadolint,DL3022,2,SR 3.5,SR,SR 3.5,3,0.487388,0.993753,Input validation
hadolint,DL3022,3,SR 7.3,SR,SR 7.3,7,0.483248,0.948209,Control system backup
hadolint,DL3022,4,SR 3.6,SR,SR 3.6,3,0.477077,0.883497,Deterministic output
hadolint,DL3022,5,SR 2.11 RE 2,RE,SR 2.11,2,0.476724,0.879906,Protection of time source integrity
hadolint,DL3022,6,SR 1.4,SR,SR 1.4,1,0.474648,0.859035,Identifier management
hadolint,DL3022,7,SR 7.3 RE 1,RE,SR 7.3,7,0.47288,0.84159,Backup verification
hadolint,DL3022,8,SR 4.2,SR,SR 4.2,4,0.471155,0.824843,Information persistence
hadolint,DL3022,9,SR 3.9,SR,SR 3.9,3,0.470937,0.822746,Protection of audit information
hadolint,DL3022,10,SR 2.12 RE 1,RE,SR 2.12,2,0.466811,0.783875,Non-repudiation for all users
hadolint,DL3023,1,SR 7.3,SR,SR 7.3,7,0.46323,1.0,Control system backup
hadolint,DL3023,2,SR 1.4,SR,SR 1.4,1,0.46317,0.999291,Identifier management
hadolint,DL3023,3,SR 7.1 RE 2,RE,SR 7.1,7,0.45706,0.928899,Limit DoS effects to other systems or networks
hadolint,DL3023,4,SR 5.1 RE 2,RE,SR 5.1,5,0.454422,0.899797,Independence from non-control system networks
hadolint,DL3023,5,SR 3.5,SR,SR 3.5,3,0.453929,0.894444,Input validation
hadolint,DL3023,6,SR 5.2 RE 1,RE,SR 5.2,5,0.453634,0.891252,"Deny by default, allow by exception"
hadolint,DL3023,7,SR 2.11,SR,SR 2.11,2,0.453628,0.891186,Timestamps
hadolint,DL3023,8,SR 5.1 RE 3,RE,SR 5.1,5,0.453224,0.88683,Logical and physical isolation of critical networks
hadolint,DL3023,9,SR 2.12 RE 1,RE,SR 2.12,2,0.450037,0.853069,Non-repudiation for all users
hadolint,DL3023,10,SR 3.6,SR,SR 3.6,3,0.44998,0.852467,Deterministic output
hadolint,DL3024,1,SR 1.4,SR,SR 1.4,1,0.487354,1.0,Identifier management
hadolint,DL3024,2,SR 1.2 RE 1,RE,SR 1.2,1,0.478514,0.904224,Unique identification and authentication
hadolint,DL3024,3,SR 3.8 RE 3,RE,SR 3.8,3,0.478036,0.899265,Randomness of session IDs
hadolint,DL3024,4,SR 1.5 RE 1,RE,SR 1.5,1,0.466792,0.788919,Hardware security for software process identity credentials
hadolint,DL3024,5,SR 1.2,SR,SR 1.2,1,0.463346,0.757417,Software process and device identification and authentication
hadolint,DL3024,6,SR 7.1 RE 1,RE,SR 7.1,7,0.455356,0.688313,Manage communication loads
hadolint,DL3024,7,SR 3.6,SR,SR 3.6,3,0.454862,0.684217,Deterministic output
hadolint,DL3025,1,SR 3.2 RE 1,RE,SR 3.2,3,0.528187,1.0,Malicious code protection on entry and exit points
hadolint,DL3025,2,SR 3.5,SR,SR 3.5,3,0.517061,0.889511,Input validation
hadolint,DL3025,3,SR 3.7,SR,SR 3.7,3,0.511355,0.836842,Error handling
hadolint,DL3025,4,SR 3.3 RE 2,RE,SR 3.3,3,0.504616,0.777953,Security functionality verification during normal operation
hadolint,DL3025,5,SR 1.4,SR,SR 1.4,1,0.502624,0.761215,Identifier management
hadolint,DL3025,6,SR 7.6,SR,SR 7.6,7,0.493233,0.686209,Network and security configuration settings
hadolint,DL3025,7,SR 5.2 RE 3,RE,SR 5.2,5,0.492709,0.682211,Fail close
hadolint,DL3026,1,SR 3.8 RE 3,RE,SR 3.8,3,0.552813,1.0,Randomness of session IDs
hadolint,DL3026,2,SR 5.2 RE 1,RE,SR 5.2,5,0.517784,0.697656,"Deny by default, allow by exception"
hadolint,DL3027,1,SR 1.11,SR,SR 1.11,1,0.460841,1.0,Unsuccessful login attempts
hadolint,DL3027,2,SR 1.8,SR,SR 1.8,1,0.443359,0.808395,Public key infrastructure (PKI) certificates
hadolint,DL3027,3,SR 2.4,SR,SR 2.4,2,0.433615,0.715393,Mobile code
hadolint,DL3027,4,SR 1.13 RE 1,RE,SR 1.13,1,0.431374,0.695288,Explicit access request approval
hadolint,DL3027,5,SR 2.4 RE 1,RE,SR 2.4,2,0.430676,0.689127,Mobile code integrity check
hadolint,DL3028,1,SR 3.8 RE 3,RE,SR 3.8,3,0.451715,1.0,Randomness of session IDs
hadolint,DL3028,2,SR 1.7 RE 1,RE,SR 1.7,1,0.434793,0.810585,Password generation and lifetime restrictions for human users
hadolint,DL3028,3,SR 3.2,SR,SR 3.2,3,0.42992,0.76187,Malicious code protection
hadolint,DL3028,4,SR 3.2 RE 1,RE,SR 3.2,3,0.426684,0.730854,Malicious code protection on entry and exit points
hadolint,DL3028,5,SR 1.5 RE 1,RE,SR 1.5,1,0.42216,0.689236,Hardware security for software process identity credentials
hadolint,DL3029,1,SR 2.4,SR,SR 2.4,2,0.48719,1.0,Mobile code
hadolint,DL3029,2,SR 3.2 RE 1,RE,SR 3.2,3,0.485022,0.975772,Malicious code protection on entry and exit points
hadolint,DL3029,3,SR 3.7,SR,SR 3.7,3,0.481639,0.938919,Error handling
hadolint,DL3029,4,SR 1.11,SR,SR 1.11,1,0.474696,0.866849,Unsuccessful login attempts
hadolint,DL3029,5,SR 3.8 RE 3,RE,SR 3.8,3,0.474265,0.862532,Randomness of session IDs
hadolint,DL3029,6,SR 7.1 RE 1,RE,SR 7.1,7,0.473322,0.853143,Manage communication loads
hadolint,DL3029,7,SR 3.2,SR,SR 3.2,3,0.472846,0.848436,Malicious code protection
hadolint,DL3029,8,SR 3.6,SR,SR 3.6,3,0.463226,0.757742,Deterministic output
hadolint,DL3029,9,SR 1.5 RE 1,RE,SR 1.5,1,0.463007,0.755774,Hardware security for software process identity credentials
hadolint,DL3029,10,SR 7.1,SR,SR 7.1,7,0.461157,0.739317,Denial of service protection
hadolint,DL3030,1,SR 3.2,SR,SR 3.2,3,0.500226,1.0,Malicious code protection
hadolint,DL3030,2,SR 3.2 RE 2,RE,SR 3.2,3,0.473756,0.741545,Central management and reporting for malicious code protection
hadolint,DL3030,3,SR 3.2 RE 1,RE,SR 3.2,3,0.473426,0.738705,Malicious code protection on entry and exit points
hadolint,DL3030,4,SR 2.4 RE 1,RE,SR 2.4,2,0.470236,0.711738,Mobile code integrity check
hadolint,DL3031,1,SR 3.2,SR,SR 3.2,3,0.444581,1.0,Malicious code protection
hadolint,DL3031,2,SR 1.11,SR,SR 1.11,1,0.438992,0.932792,Unsuccessful login attempts
hadolint,DL3031,3,SR 3.3,SR,SR 3.3,3,0.42878,0.819524,Security functionality verification
hadolint,DL3031,4,SR 3.8 RE 3,RE,SR 3.8,3,0.425447,0.785096,Randomness of session IDs
hadolint,DL3031,5,SR 2.4,SR,SR 2.4,2,0.422826,0.758862,Mobile code
hadolint,DL3031,6,SR 3.2 RE 2,RE,SR 3.2,3,0.420028,0.73165,Central management and reporting for malicious code protection
hadolint,DL3031,7,SR 3.8,SR,SR 3.8,3,0.416608,0.699475,Session integrity
hadolint,DL3031,8,SR 3.2 RE 1,RE,SR 3.2,3,0.414699,0.682024,Malicious code protection on entry and exit points
hadolint,DL3032,1,SR 3.3,SR,SR 3.3,3,0.429606,1.0,Security functionality verification
hadolint,DL3032,2,SR 3.2,SR,SR 3.2,3,0.423532,0.924666,Malicious code protection
hadolint,DL3032,3,SR 3.2 RE 2,RE,SR 3.2,3,0.417336,0.852676,Central management and reporting for malicious code protection
hadolint,DL3032,4,SR 3.3 RE 1,RE,SR 3.3,3,0.416684,0.845378,Automated mechanisms for security functionality verification
hadolint,DL3032,5,SR 7.1,SR,SR 7.1,7,0.416183,0.839794,Denial of service protection
hadolint,DL3032,6,SR 7.3 RE 1,RE,SR 7.3,7,0.41551,0.832356,Backup verification
hadolint,DL3032,7,SR 7.4,SR,SR 7.4,7,0.412592,0.800706,Control system recovery and reconstitution
hadolint,DL3032,8,SR 4.2,SR,SR 4.2,4,0.411312,0.787143,Information persistence
hadolint,DL3032,9,SR 7.3,SR,SR 7.3,7,0.409574,0.769023,Control system backup
hadolint,DL3032,10,SR 3.3 RE 2,RE,SR 3.3,3,0.409124,0.764389,Security functionality verification during normal operation
hadolint,DL3033,1,SR 3.2,SR,SR 3.2,3,0.468587,1.0,Malicious code protection
hadolint,DL3033,2,SR 3.8 RE 3,RE,SR 3.8,3,0.443478,0.738666,Randomness of session IDs
hadolint,DL3034,1,SR 7.5,SR,SR 7.5,7,0.429532,1.0,Emergency power
hadolint,DL3034,2,SR 3.7,SR,SR 3.7,3,0.42294,0.918464,Error handling
hadolint,DL3034,3,SR 5.2 RE 3,RE,SR 5.2,5,0.412877,0.804524,Fail close
hadolint,DL3034,4,SR 2.12 RE 1,RE,SR 2.12,2,0.411608,0.791023,Non-repudiation for all users
hadolint,DL3034,5,SR 3.2,SR,SR 3.2,3,0.409518,0.76918,Malicious code protection
hadolint,DL3034,6,SR 7.1,SR,SR 7.1,7,0.409123,0.765107,Denial of service protection
hadolint,DL3034,7,SR 7.7,SR,SR 7.7,7,0.408663,0.760392,Least functionality
hadolint,DL3034,8,SR 3.8,SR,SR 3.8,3,0.406164,0.735165,Session integrity
hadolint,DL3034,9,SR 3.6,SR,SR 3.6,3,0.406076,0.734287,Deterministic output
hadolint,DL3034,10,SR 2.12,SR,SR 2.12,2,0.405674,0.730295,Non-repudiation
hadolint,DL3035,1,SR 3.2,SR,SR 3.2,3,0.473734,1.0,Malicious code protection
hadolint,DL3035,2,SR 2.4,SR,SR 2.4,2,0.452278,0.77498,Mobile code
hadolint,DL3035,3,SR 3.2 RE 1,RE,SR 3.2,3,0.445152,0.710159,Malicious code protection on entry and exit points
hadolint,DL3036,1,SR 3.2,SR,SR 3.2,3,0.430886,1.0,Malicious code protection
hadolint,DL3036,2,SR 3.4,SR,SR 3.4,3,0.411147,0.772667,Software and information integrity
hadolint,DL3036,3,SR 3.3,SR,SR 3.3,3,0.410018,0.761071,Security functionality verification
hadolint,DL3036,4,SR 2.4 RE 1,RE,SR 2.4,2,0.406663,0.727446,Mobile code integrity check
hadolint,DL3037,1,SR 3.2,SR,SR 3.2,3,0.434726,1.0,Malicious code protection
hadolint,DL3037,2,SR 2.4,SR,SR 2.4,2,0.43269,0.974504,Mobile code
hadolint,DL3037,3,SR 2.12 RE 1,RE,SR 2.12,2,0.431749,0.9629,Non-repudiation for all users
hadolint,DL3037,4,SR 3.8 RE 3,RE,SR 3.8,3,0.428586,0.924742,Randomness of session IDs
hadolint,DL3037,5,SR 2.4 RE 1,RE,SR 2.4,2,0.427415,0.910934,Mobile code integrity check
hadolint,DL3037,6,SR 2.3,SR,SR 2.3,2,0.423558,0.86663,Use control for portable and mobile devices
hadolint,DL3037,7,SR 1.11,SR,SR 1.11,1,0.42092,0.837357,Unsuccessful login attempts
hadolint,DL3037,8,SR 1.5 RE 1,RE,SR 1.5,1,0.420141,0.828864,Hardware security for software process identity credentials
hadolint,DL3037,9,SR 3.4,SR,SR 3.4,3,0.416246,0.787471,Software and information integrity
hadolint,DL3037,10,SR 1.7 RE 1,RE,SR 1.7,1,0.415642,0.781207,Password generation and lifetime restrictions for human users
hadolint,DL3038,1,SR 3.2,SR,SR 3.2,3,0.495785,1.0,Malicious code protection
hadolint,DL3038,2,SR 3.6,SR,SR 3.6,3,0.486432,0.900551,Deterministic output
hadolint,DL3038,3,SR 2.12 RE 1,RE,SR 2.12,2,0.476228,0.801433,Non-repudiation for all users
hadolint,DL3038,4,SR 3.2 RE 1,RE,SR 3.2,3,0.47563,0.795916,Malicious code protection on entry and exit points
hadolint,DL3038,5,SR 7.1,SR,SR 7.1,7,0.474636,0.786807,Denial of service protection
hadolint,DL3038,6,SR 5.2 RE 1,RE,SR 5.2,5,0.474115,0.782074,"Deny by default, allow by exception"
hadolint,DL3038,7,SR 2.4 RE 1,RE,SR 2.4,2,0.47187,0.761916,Mobile code integrity check
hadolint,DL3038,8,SR 5.2 RE 3,RE,SR 5.2,5,0.471374,0.757524,Fail close
hadolint,DL3038,9,SR 1.11,SR,SR 1.11,1,0.471296,0.756835,Unsuccessful login attempts
hadolint,DL3038,10,SR 2.4,SR,SR 2.4,2,0.470999,0.754218,Mobile code
hadolint,DL3039,1,SR 1.11,SR,SR 1.11,1,0.458216,1.0,Unsuccessful login attempts
hadolint,DL3039,2,SR 3.6,SR,SR 3.6,3,0.447795,0.881148,Deterministic output
hadolint,DL3039,3,SR 3.2,SR,SR 3.2,3,0.434919,0.750517,Malicious code protection
hadolint,DL3039,4,SR 3.8 RE 3,RE,SR 3.8,3,0.427469,0.682482,Randomness of session IDs
hadolint,DL3040,1,SR 4.2,SR,SR 4.2,4,0.444051,1.0,Information persistence
hadolint,DL3040,2,SR 2.12 RE 1,RE,SR 2.12,2,0.443516,0.9934,Non-repudiation for all users
hadolint,DL3040,3,SR 7.3 RE 1,RE,SR 7.3,7,0.43543,0.89778,Backup verification
hadolint,DL3040,4,SR 7.1,SR,SR 7.1,7,0.431889,0.858361,Denial of service protection
hadolint,DL3040,5,SR 5.2 RE 1,RE,SR 5.2,5,0.430909,0.847697,"Deny by default, allow by exception"
hadolint,DL3040,6,SR 3.2,SR,SR 3.2,3,0.430695,0.845381,Malicious code protection
hadolint,DL3040,7,SR 7.4,SR,SR 7.4,7,0.426533,0.801415,Control system recovery and reconstitution
hadolint,DL3040,8,SR 3.3 RE 1,RE,SR 3.3,3,0.421963,0.75532,Automated mechanisms for security functionality verification
hadolint,DL3040,9,SR 3.3 RE 2,RE,SR 3.3,3,0.421064,0.746507,Security functionality verification during normal operation
hadolint,DL3040,10,SR 1.1 RE 3,RE,SR 1.1,1,0.420857,0.744491,Multifactor authentication for all networks
hadolint,DL3041,1,SR 1.11,SR,SR 1.11,1,0.459882,1.0,Unsuccessful login attempts
hadolint,DL3041,2,SR 3.2,SR,SR 3.2,3,0.456826,0.964002,Malicious code protection
hadolint,DL3041,3,SR 2.4,SR,SR 2.4,2,0.451748,0.906522,Mobile code
hadolint,DL3041,4,SR 2.12 RE 1,RE,SR 2.12,2,0.451607,0.90496,Non-repudiation for all users
hadolint,DL3041,5,SR 3.6,SR,SR 3.6,3,0.444558,0.829957,Deterministic output
hadolint,DL3041,6,SR 5.2 RE 1,RE,SR 5.2,5,0.440152,0.785706,"Deny by default, allow by exception"
hadolint,DL3041,7,SR 2.4 RE 1,RE,SR 2.4,2,0.438693,0.77149,Mobile code integrity check
hadolint,DL3041,8,SR 7.6,SR,SR 7.6,7,0.437373,0.758809,Network and security configuration settings
hadolint,DL3041,9,SR 3.4,SR,SR 3.4,3,0.435252,0.738792,Software and information integrity
hadolint,DL3041,10,SR 1.7 RE 1,RE,SR 1.7,1,0.434871,0.735242,Password generation and lifetime restrictions for human users
hadolint,DL3042,1,SR 3.2,SR,SR 3.2,3,0.444818,1.0,Malicious code protection
hadolint,DL3042,2,SR 7.3,SR,SR 7.3,7,0.435795,0.893407,Control system backup
hadolint,DL3042,3,SR 3.7,SR,SR 3.7,3,0.433358,0.866276,Error handling
hadolint,DL3042,4,SR 3.2 RE 1,RE,SR 3.2,3,0.425048,0.77877,Malicious code protection on entry and exit points
hadolint,DL3042,5,SR 5.4,SR,SR 5.4,5,0.423745,0.765725,Application partitioning
hadolint,DL3042,6,SR 3.2 RE 2,RE,SR 3.2,3,0.422164,0.750148,Central management and reporting for malicious code protection
hadolint,DL3042,7,SR 3.8 RE 3,RE,SR 3.8,3,0.420185,0.731003,Randomness of session IDs
hadolint,DL3042,8,SR 3.4,SR,SR 3.4,3,0.420161,0.730774,Software and information integrity
hadolint,DL3042,9,SR 1.11,SR,SR 1.11,1,0.419167,0.72132,Unsuccessful login attempts
hadolint,DL3042,10,SR 1.5 RE 1,RE,SR 1.5,1,0.418934,0.719114,Hardware security for software process identity credentials
hadolint,DL3043,1,SR 3.2 RE 1,RE,SR 3.2,3,0.443939,1.0,Malicious code protection on entry and exit points
hadolint,DL3043,2,SR 5.2 RE 2,RE,SR 5.2,5,0.443761,0.997803,Island mode
hadolint,DL3043,3,SR 3.3,SR,SR 3.3,3,0.442918,0.987422,Security functionality verification
hadolint,DL3043,4,SR 3.2,SR,SR 3.2,3,0.440362,0.956481,Malicious code protection
hadolint,DL3043,5,SR 3.2 RE 2,RE,SR 3.2,3,0.434849,0.892455,Central management and reporting for malicious code protection
hadolint,DL3043,6,SR 3.7,SR,SR 3.7,3,0.433809,0.880779,Error handling
hadolint,DL3043,7,SR 7.1,SR,SR 7.1,7,0.433458,0.876866,Denial of service protection
hadolint,DL3043,8,SR 3.6,SR,SR 3.6,3,0.432074,0.861581,Deterministic output
hadolint,DL3043,9,SR 5.2 RE 3,RE,SR 5.2,5,0.43049,0.844342,Fail close
hadolint,DL3043,10,SR 3.3 RE 1,RE,SR 3.3,3,0.427773,0.815449,Automated mechanisms for security functionality verification
hadolint,DL3044,1,SR 3.7,SR,SR 3.7,3,0.554353,1.0,Error handling
hadolint,DL3045,1,SR 3.2 RE 1,RE,SR 3.2,3,0.475803,1.0,Malicious code protection on entry and exit points
hadolint,DL3045,2,SR 3.2,SR,SR 3.2,3,0.468114,0.914288,Malicious code protection
hadolint,DL3045,3,SR 5.2 RE 2,RE,SR 5.2,5,0.45967,0.827188,Island mode
hadolint,DL3045,4,SR 3.8 RE 3,RE,SR 3.8,3,0.458743,0.818053,Randomness of session IDs
hadolint,DL3045,5,SR 7.1,SR,SR 7.1,7,0.454237,0.774825,Denial of service protection
hadolint,DL3045,6,SR 3.2 RE 2,RE,SR 3.2,3,0.453568,0.768569,Central management and reporting for malicious code protection
hadolint,DL3045,7,SR 3.7,SR,SR 3.7,3,0.452209,0.755988,Error handling
hadolint,DL3045,8,SR 3.6,SR,SR 3.6,3,0.451215,0.746897,Deterministic output
hadolint,DL3045,9,SR 7.3 RE 1,RE,SR 7.3,7,0.451014,0.745068,Backup verification
hadolint,DL3045,10,SR 1.5 RE 1,RE,SR 1.5,1,0.450529,0.740669,Hardware security for software process identity credentials
hadolint,DL3046,1,SR 1.11,SR,SR 1.11,1,0.525811,1.0,Unsuccessful login attempts
hadolint,DL3047,1,SR 2.11,SR,SR 2.11,2,0.465638,1.0,Timestamps
hadolint,DL3047,2,SR 2.9 RE 1,RE,SR 2.9,2,0.457268,0.90505,Warn when audit record storage capacity threshold reached
hadolint,DL3047,3,SR 7.1 RE 1,RE,SR 7.1,7,0.457246,0.904818,Manage communication loads
hadolint,DL3047,4,SR 1.11,SR,SR 1.11,1,0.452378,0.853088,Unsuccessful login attempts
hadolint,DL3047,5,SR 2.12 RE 1,RE,SR 2.12,2,0.450384,0.832606,Non-repudiation for all users
hadolint,DL3047,6,SR 5.2 RE 1,RE,SR 5.2,5,0.449337,0.822018,"Deny by default, allow by exception"
hadolint,DL3047,7,SR 7.6 RE 1,RE,SR 7.6,7,0.443375,0.763794,Machine-readable reporting of current security settings
hadolint,DL3047,8,SR 3.2,SR,SR 3.2,3,0.44304,0.760627,Malicious code protection
hadolint,DL3047,9,SR 6.1 RE 1,RE,SR 6.1,6,0.441293,0.744278,Programmatic access to audit logs
hadolint,DL3047,10,SR 1.5 RE 1,RE,SR 1.5,1,0.437563,0.710326,Hardware security for software process identity credentials
hadolint,DL3048,1,SR 3.7,SR,SR 3.7,3,0.506238,1.0,Error handling
hadolint,DL3048,2,SR 1.4,SR,SR 1.4,1,0.501525,0.949857,Identifier management
hadolint,DL3048,3,SR 3.5,SR,SR 3.5,3,0.498215,0.91589,Input validation
hadolint,DL3048,4,SR 1.11,SR,SR 1.11,1,0.493489,0.869116,Unsuccessful login attempts
hadolint,DL3048,5,SR 3.8,SR,SR 3.8,3,0.481432,0.758563,Session integrity
hadolint,DL3048,6,SR 3.8 RE 1,RE,SR 3.8,3,0.473504,0.692356,Invalidation of session IDs after session termination
hadolint,DL3049,1,SR 1.4,SR,SR 1.4,1,0.503224,1.0,Identifier management
hadolint,DL3050,1,SR 7.7,SR,SR 7.7,7,0.520335,1.0,Least functionality
hadolint,DL3050,2,SR 3.7,SR,SR 3.7,3,0.496754,0.774855,Error handling
hadolint,DL3050,3,SR 5.2 RE 3,RE,SR 5.2,5,0.487719,0.70045,Fail close
hadolint,DL3050,4,SR 1.4,SR,SR 1.4,1,0.485612,0.683966,Identifier management
hadolint,DL3051,1,SR 3.7,SR,SR 3.7,3,0.499665,1.0,Error handling
hadolint,DL3051,2,SR 1.4,SR,SR 1.4,1,0.497347,0.974744,Identifier management
hadolint,DL3051,3,SR 5.2 RE 3,RE,SR 5.2,5,0.484436,0.843466,Fail close
hadolint,DL3052,1,SR 3.7,SR,SR 3.7,3,0.514783,1.0,Error handling
hadolint,DL3052,2,SR 1.11,SR,SR 1.11,1,0.51203,0.970931,Unsuccessful login attempts
hadolint,DL3052,3,SR 3.2 RE 1,RE,SR 3.2,3,0.500035,0.852251,Malicious code protection on entry and exit points
hadolint,DL3052,4,SR 3.2,SR,SR 3.2,3,0.499913,0.851109,Malicious code protection
hadolint,DL3052,5,SR 2.12 RE 1,RE,SR 2.12,2,0.489431,0.757476,Non-repudiation for all users
hadolint,DL3052,6,SR 1.4,SR,SR 1.4,1,0.487764,0.743392,Identifier management
hadolint,DL3052,7,SR 5.2 RE 1,RE,SR 5.2,5,0.48434,0.715138,"Deny by default, allow by exception"
hadolint,DL3052,8,SR 2.4,SR,SR 2.4,2,0.48413,0.71344,Mobile code
hadolint,DL3052,9,SR 3.8 RE 1,RE,SR 3.8,3,0.483841,0.711101,Invalidation of session IDs after session termination
hadolint,DL3052,10,SR 3.8,SR,SR 3.8,3,0.483576,0.708958,Session integrity
hadolint,DL3053,1,SR 2.11,SR,SR 2.11,2,0.600301,1.0,Timestamps
hadolint,DL3054,1,SR 1.4,SR,SR 1.4,1,0.505005,1.0,Identifier management
hadolint,DL3054,2,SR 2.12 RE 1,RE,SR 2.12,2,0.49887,0.934975,Non-repudiation for all users
hadolint,DL3054,3,SR 3.2,SR,SR 3.2,3,0.489443,0.841845,Malicious code protection
hadolint,DL3054,4,SR 1.2,SR,SR 1.2,1,0.484147,0.792952,Software process and device identification and authentication
hadolint,DL3054,5,SR 1.11,SR,SR 1.11,1,0.482951,0.78224,Unsuccessful login attempts
hadolint,DL3054,6,SR 1.5 RE 1,RE,SR 1.5,1,0.482338,0.776788,Hardware security for software process identity credentials
hadolint,DL3054,7,SR 3.4,SR,SR 3.4,3,0.481721,0.771346,Software and information integrity
hadolint,DL3054,8,SR 5.2 RE 3,RE,SR 5.2,5,0.47957,0.752592,Fail close
hadolint,DL3054,9,SR 1.2 RE 1,RE,SR 1.2,1,0.474637,0.710982,Unique identification and authentication
hadolint,DL3054,10,SR 3.7,SR,SR 3.7,3,0.473929,0.705168,Error handling
hadolint,DL3055,1,SR 2.12 RE 1,RE,SR 2.12,2,0.476917,1.0,Non-repudiation for all users
hadolint,DL3055,2,SR 5.2 RE 3,RE,SR 5.2,5,0.473951,0.966263,Fail close
hadolint,DL3055,3,SR 1.4,SR,SR 1.4,1,0.471417,0.938193,Identifier management
hadolint,DL3055,4,SR 2.4 RE 1,RE,SR 2.4,2,0.47051,0.928306,Mobile code integrity check
hadolint,DL3055,5,SR 3.7,SR,SR 3.7,3,0.468489,0.906589,Error handling
hadolint,DL3055,6,SR 1.11,SR,SR 1.11,1,0.466819,0.888951,Unsuccessful login attempts
hadolint,DL3055,7,SR 3.2,SR,SR 3.2,3,0.463382,0.853549,Malicious code protection
hadolint,DL3055,8,SR 3.2 RE 1,RE,SR 3.2,3,0.460481,0.824565,Malicious code protection on entry and exit points
hadolint,DL3055,9,SR 3.8,SR,SR 3.8,3,0.456658,0.787615,Session integrity
hadolint,DL3055,10,SR 1.9,SR,SR 1.9,1,0.456055,0.781914,Strength of public key authentication
hadolint,DL3056,1,SR 1.4,SR,SR 1.4,1,0.51035,1.0,Identifier management
hadolint,DL3056,2,SR 3.7,SR,SR 3.7,3,0.494672,0.842304,Error handling
hadolint,DL3056,3,SR 3.2,SR,SR 3.2,3,0.482227,0.732161,Malicious code protection
hadolint,DL3056,4,SR 5.2 RE 3,RE,SR 5.2,5,0.481028,0.722208,Fail close
hadolint,DL3056,5,SR 3.8 RE 3,RE,SR 3.8,3,0.480112,0.714676,Randomness of session IDs
hadolint,DL3057,1,SR 3.2,SR,SR 3.2,3,0.480388,1.0,Malicious code protection
hadolint,DL3057,2,SR 3.3,SR,SR 3.3,3,0.47555,0.945852,Security functionality verification
hadolint,DL3057,3,SR 3.3 RE 1,RE,SR 3.3,3,0.473847,0.927367,Automated mechanisms for security functionality verification
hadolint,DL3057,4,SR 2.4 RE 1,RE,SR 2.4,2,0.468414,0.87038,Mobile code integrity check
hadolint,DL3057,5,SR 3.7,SR,SR 3.7,3,0.45708,0.760677,Error handling
hadolint,DL3057,6,SR 1.5 RE 1,RE,SR 1.5,1,0.452807,0.722379,Hardware security for software process identity credentials
hadolint,DL3057,7,SR 1.11,SR,SR 1.11,1,0.452684,0.721303,Unsuccessful login attempts
hadolint,DL3057,8,SR 3.4 RE 1,RE,SR 3.4,3,0.450142,0.699306,Automated notification about integrity violations
hadolint,DL3057,9,SR 3.3 RE 2,RE,SR 3.3,3,0.449316,0.692279,Security functionality verification during normal operation
hadolint,DL3057,10,SR 3.2 RE 1,RE,SR 3.2,3,0.448909,0.688833,Malicious code protection on entry and exit points
hadolint,DL3058,1,SR 1.4,SR,SR 1.4,1,0.560281,1.0,Identifier management
hadolint,DL3058,2,SR 3.5,SR,SR 3.5,3,0.529466,0.732622,Input validation
hadolint,DL3059,1,SR 4.2,SR,SR 4.2,4,0.544268,1.0,Information persistence
hadolint,DL3059,2,SR 4.2 RE 1,RE,SR 4.2,4,0.524627,0.816975,Purging of shared memory resources
hadolint,DL3059,3,SR 5.4,SR,SR 5.4,5,0.51708,0.75439,Application partitioning
hadolint,DL3059,4,SR 7.3,SR,SR 7.3,7,0.511974,0.714316,Control system backup
hadolint,DL3059,5,SR 3.8 RE 3,RE,SR 3.8,3,0.509713,0.697137,Randomness of session IDs
hadolint,DL3060,1,SR 4.2,SR,SR 4.2,4,0.393922,1.0,Information persistence
hadolint,DL3060,2,SR 3.8 RE 3,RE,SR 3.8,3,0.393083,0.988339,Randomness of session IDs
hadolint,DL3060,3,SR 5.1 RE 3,RE,SR 5.1,5,0.388857,0.931289,Logical and physical isolation of critical networks
hadolint,DL3060,4,SR 2.4 RE 1,RE,SR 2.4,2,0.384014,0.869268,Mobile code integrity check
hadolint,DL3060,5,SR 3.8 RE 2,RE,SR 3.8,3,0.383707,0.865445,Unique session ID generation
hadolint,DL3060,6,SR 3.7,SR,SR 3.7,3,0.382291,0.848023,Error handling
hadolint,DL3060,7,SR 3.3,SR,SR 3.3,3,0.379454,0.813984,Security functionality verification
hadolint,DL3060,8,SR 4.2 RE 1,RE,SR 4.2,4,0.378087,0.797991,Purging of shared memory resources
hadolint,DL3060,9,SR 2.11,SR,SR 2.11,2,0.377142,0.787078,Timestamps
hadolint,DL3060,10,SR 3.2,SR,SR 3.2,3,0.376342,0.777943,Malicious code protection
hadolint,DL3061,1,SR 3.5,SR,SR 3.5,3,0.448931,1.0,Input validation
hadolint,DL3061,2,SR 6.1 RE 1,RE,SR 6.1,6,0.446741,0.973465,Programmatic access to audit logs
hadolint,DL3061,3,SR 1.11,SR,SR 1.11,1,0.441487,0.912138,Unsuccessful login attempts
hadolint,DL3061,4,SR 3.6,SR,SR 3.6,3,0.439928,0.894561,Deterministic output
hadolint,DL3061,5,SR 5.2 RE 1,RE,SR 5.2,5,0.43432,0.833622,"Deny by default, allow by exception"
hadolint,DL3061,6,SR 3.7,SR,SR 3.7,3,0.430804,0.79717,Error handling
hadolint,DL3061,7,SR 3.2 RE 1,RE,SR 3.2,3,0.43025,0.791553,Malicious code protection on entry and exit points
hadolint,DL3061,8,SR 7.3 RE 1,RE,SR 7.3,7,0.427056,0.759768,Backup verification
hadolint,DL3061,9,SR 5.2 RE 3,RE,SR 5.2,5,0.42703,0.759509,Fail close
hadolint,DL3061,10,SR 1.5 RE 1,RE,SR 1.5,1,0.424379,0.733939,Hardware security for software process identity credentials
hadolint,DL3062,1,SR 3.2,SR,SR 3.2,3,0.514541,1.0,Malicious code protection
hadolint,DL3062,2,SR 3.2 RE 1,RE,SR 3.2,3,0.510615,0.958751,Malicious code protection on entry and exit points
hadolint,DL3062,3,SR 3.2 RE 2,RE,SR 3.2,3,0.498679,0.841792,Central management and reporting for malicious code protection
hadolint,DL3062,4,SR 2.4,SR,SR 2.4,2,0.494259,0.80157,Mobile code
hadolint,DL3062,5,SR 2.4 RE 1,RE,SR 2.4,2,0.492909,0.789596,Mobile code integrity check
hadolint,DL3062,6,SR 1.11,SR,SR 1.11,1,0.485756,0.728598,Unsuccessful login attempts
hadolint,DL3062,7,SR 5.2 RE 2,RE,SR 5.2,5,0.484307,0.716725,Island mode
hadolint,DL3063,1,SR 3.2 RE 1,RE,SR 3.2,3,0.493786,1.0,Malicious code protection on entry and exit points
hadolint,DL3063,2,SR 3.3,SR,SR 3.3,3,0.49306,0.991939,Security functionality verification
hadolint,DL3063,3,SR 3.7,SR,SR 3.7,3,0.491474,0.974515,Error handling
hadolint,DL3063,4,SR 1.4,SR,SR 1.4,1,0.49086,0.967841,Identifier management
hadolint,DL3063,5,SR 3.3 RE 1,RE,SR 3.3,3,0.485582,0.911964,Automated mechanisms for security functionality verification
hadolint,DL3063,6,SR 3.6,SR,SR 3.6,3,0.485041,0.906398,Deterministic output
hadolint,DL3063,7,SR 7.1,SR,SR 7.1,7,0.480989,0.865522,Denial of service protection
hadolint,DL3063,8,SR 3.8 RE 3,RE,SR 3.8,3,0.471433,0.775081,Randomness of session IDs
hadolint,DL3063,9,SR 3.2,SR,SR 3.2,3,0.466021,0.727386,Malicious code protection
hadolint,DL3063,10,SR 7.7,SR,SR 7.7,7,0.464211,0.711983,Least functionality
hadolint,DL3064,1,SR 3.2 RE 1,RE,SR 3.2,3,0.545811,1.0,Malicious code protection on entry and exit points
hadolint,DL3064,2,SR 3.7,SR,SR 3.7,3,0.538053,0.924284,Error handling
hadolint,DL3064,3,SR 3.9,SR,SR 3.9,3,0.530489,0.855047,Protection of audit information
hadolint,DL3064,4,SR 3.2,SR,SR 3.2,3,0.523908,0.798308,Malicious code protection
hadolint,DL3064,5,SR 3.3 RE 2,RE,SR 3.3,3,0.523827,0.797632,Security functionality verification during normal operation
hadolint,DL3064,6,SR 1.13 RE 1,RE,SR 1.13,1,0.523245,0.792768,Explicit access request approval
hadolint,DL3064,7,SR 4.1,SR,SR 4.1,4,0.52254,0.786912,Information confidentiality
hadolint,DL3064,8,SR 1.9,SR,SR 1.9,1,0.522411,0.78584,Strength of public key authentication
hadolint,DL3064,9,SR 1.7 RE 1,RE,SR 1.7,1,0.520885,0.773299,Password generation and lifetime restrictions for human users
hadolint,DL3064,10,SR 7.3,SR,SR 7.3,7,0.518267,0.752164,Control system backup
hadolint,DL3065,1,SR 3.6,SR,SR 3.6,3,0.505612,1.0,Deterministic output
hadolint,DL3065,2,SR 1.5 RE 1,RE,SR 1.5,1,0.487876,0.821684,Hardware security for software process identity credentials
hadolint,DL3065,3,SR 3.2 RE 1,RE,SR 3.2,3,0.483317,0.780335,Malicious code protection on entry and exit points
hadolint,DL3065,4,SR 5.3,SR,SR 5.3,5,0.48183,0.767221,General purpose person-to-person communication restrictions
hadolint,DL3065,5,SR 2.12 RE 1,RE,SR 2.12,2,0.479773,0.749377,Non-repudiation for all users
hadolint,DL3065,6,SR 3.5,SR,SR 3.5,3,0.479578,0.747698,Input validation
hadolint,DL3065,7,SR 3.7,SR,SR 3.7,3,0.478996,0.742727,Error handling
hadolint,DL3065,8,SR 7.1 RE 1,RE,SR 7.1,7,0.477967,0.733995,Manage communication loads
hadolint,DL3065,9,SR 7.6,SR,SR 7.6,7,0.474756,0.70728,Network and security configuration settings
hadolint,DL3065,10,SR 5.3 RE 1,RE,SR 5.3,5,0.474347,0.703932,Prohibit all general purpose person-to-person communications
hadolint,DL3066,1,SR 1.11,SR,SR 1.11,1,0.563961,1.0,Unsuccessful login attempts
hadolint,DL3066,2,SR 3.8 RE 1,RE,SR 3.8,3,0.563078,0.991415,Invalidation of session IDs after session termination
hadolint,DL3066,3,SR 3.8 RE 3,RE,SR 3.8,3,0.547226,0.847316,Randomness of session IDs
hadolint,DL3066,4,SR 1.1 RE 2,RE,SR 1.1,1,0.542301,0.806213,Multifactor authentication for untrusted networks
hadolint,DL3066,5,SR 2.12 RE 1,RE,SR 2.12,2,0.539634,0.784652,Non-repudiation for all users
hadolint,DL3066,6,SR 3.8 RE 2,RE,SR 3.8,3,0.539427,0.782998,Unique session ID generation
hadolint,DL3066,7,SR 1.1,SR,SR 1.1,1,0.533061,0.733502,Human user identification and authentication
hadolint,DL3066,8,SR 3.8,SR,SR 3.8,3,0.528232,0.697693,Session integrity
hadolint,DL3066,9,SR 1.1 RE 1,RE,SR 1.1,1,0.526429,0.684698,Unique identification and authentication
hadolint,DL3067,1,SR 7.3,SR,SR 7.3,7,0.576489,1.0,Control system backup
hadolint,DL4000,1,SR 1.4,SR,SR 1.4,1,0.514533,1.0,Identifier management
hadolint,DL4000,2,SR 4.2,SR,SR 4.2,4,0.506099,0.91311,Information persistence
hadolint,DL4000,3,SR 7.6 RE 1,RE,SR 7.6,7,0.496466,0.821522,Machine-readable reporting of current security settings
hadolint,DL4000,4,SR 5.2 RE 3,RE,SR 5.2,5,0.48589,0.729775,Fail close
hadolint,DL4000,5,SR 3.3,SR,SR 3.3,3,0.484422,0.717727,Security functionality verification
hadolint,DL4000,6,SR 3.8 RE 1,RE,SR 3.8,3,0.484053,0.714725,Invalidation of session IDs after session termination
hadolint,DL4000,7,SR 7.3,SR,SR 7.3,7,0.483566,0.710778,Control system backup
hadolint,DL4000,8,SR 1.5 RE 1,RE,SR 1.5,1,0.482278,0.700428,Hardware security for software process identity credentials
hadolint,DL4000,9,SR 7.3 RE 1,RE,SR 7.3,7,0.480091,0.683135,Backup verification
hadolint,DL4001,1,SR 7.1 RE 1,RE,SR 7.1,7,0.457312,1.0,Manage communication loads
hadolint,DL4001,2,SR 1.11,SR,SR 1.11,1,0.456104,0.985549,Unsuccessful login attempts
hadolint,DL4001,3,SR 5.2 RE 1,RE,SR 5.2,5,0.454881,0.971111,"Deny by default, allow by exception"
hadolint,DL4001,4,SR 1.8,SR,SR 1.8,1,0.446332,0.874878,Public key infrastructure (PKI) certificates
hadolint,DL4001,5,SR 6.1 RE 1,RE,SR 6.1,6,0.441888,0.828029,Programmatic access to audit logs
hadolint,DL4001,6,SR 5.3 RE 1,RE,SR 5.3,5,0.434371,0.753464,Prohibit all general purpose person-to-person communications
hadolint,DL4001,7,SR 1.1 RE 3,RE,SR 1.1,1,0.431494,0.726426,Multifactor authentication for all networks
hadolint,DL4003,1,SR 7.1 RE 1,RE,SR 7.1,7,0.502108,1.0,Manage communication loads
hadolint,DL4003,2,SR 3.2 RE 1,RE,SR 3.2,3,0.501968,0.998471,Malicious code protection on entry and exit points
hadolint,DL4003,3,SR 3.2,SR,SR 3.2,3,0.500324,0.980617,Malicious code protection
hadolint,DL4003,4,SR 5.2 RE 3,RE,SR 5.2,5,0.495995,0.934848,Fail close
hadolint,DL4003,5,SR 3.3 RE 1,RE,SR 3.3,3,0.493764,0.911955,Automated mechanisms for security functionality verification
hadolint,DL4003,6,SR 1.11,SR,SR 1.11,1,0.491606,0.890247,Unsuccessful login attempts
hadolint,DL4003,7,SR 7.3 RE 1,RE,SR 7.3,7,0.489798,0.872395,Backup verification
hadolint,DL4003,8,SR 5.2 RE 1,RE,SR 5.2,5,0.484584,0.822524,"Deny by default, allow by exception"
hadolint,DL4003,9,SR 3.7,SR,SR 3.7,3,0.483288,0.810499,Error handling
hadolint,DL4003,10,SR 3.3 RE 2,RE,SR 3.3,3,0.483263,0.810266,Security functionality verification during normal operation
hadolint,DL4004,1,SR 3.2 RE 1,RE,SR 3.2,3,0.569088,1.0,Malicious code protection on entry and exit points
hadolint,DL4005,1,SR 5.2 RE 1,RE,SR 5.2,5,0.435516,1.0,"Deny by default, allow by exception"
hadolint,DL4005,2,SR 1.5,SR,SR 1.5,1,0.427869,0.907171,Authenticator management
hadolint,DL4005,3,SR 1.5 RE 1,RE,SR 1.5,1,0.420451,0.823973,Hardware security for software process identity credentials
hadolint,DL4005,4,SR 6.1 RE 1,RE,SR 6.1,6,0.415311,0.770072,Programmatic access to audit logs
hadolint,DL4005,5,SR 1.12,SR,SR 1.12,1,0.409629,0.713886,System use notification
hadolint,DL4005,6,SR 1.11,SR,SR 1.11,1,0.409549,0.713116,Unsuccessful login attempts
hadolint,DL4006,1,SR 5.2 RE 3,RE,SR 5.2,5,0.509595,1.0,Fail close
hadolint,DL4006,2,SR 1.11,SR,SR 1.11,1,0.505732,0.95901,Unsuccessful login attempts
hadolint,DL4006,3,SR 5.2 RE 1,RE,SR 5.2,5,0.493245,0.835812,"Deny by default, allow by exception"
hadolint,DL4006,4,SR 7.1,SR,SR 7.1,7,0.488458,0.792154,Denial of service protection
hadolint,DL4006,5,SR 7.3,SR,SR 7.3,7,0.485866,0.769316,Control system backup
hadolint,DL4006,6,SR 3.6,SR,SR 3.6,3,0.48445,0.757058,Deterministic output
shellcheck,SC1000,1,SR 3.5,SR,SR 3.5,3,0.501468,1.0,Input validation
shellcheck,SC1000,2,SR 3.7,SR,SR 3.7,3,0.483275,0.816076,Error handling
shellcheck,SC1000,3,SR 7.1 RE 1,RE,SR 7.1,7,0.482757,0.811272,Manage communication loads
shellcheck,SC1000,4,SR 7.1,SR,SR 7.1,7,0.472457,0.720531,Denial of service protection
shellcheck,SC1001,1,SR 3.5,SR,SR 3.5,3,0.521938,1.0,Input validation
shellcheck,SC1001,2,SR 7.1,SR,SR 7.1,7,0.497667,0.769591,Denial of service protection
shellcheck,SC1001,3,SR 5.2 RE 3,RE,SR 5.2,5,0.495036,0.747476,Fail close
shellcheck,SC1001,4,SR 1.4,SR,SR 1.4,1,0.492679,0.728113,Identifier management
shellcheck,SC1001,5,SR 1.7 RE 1,RE,SR 1.7,1,0.492119,0.723575,Password generation and lifetime restrictions for human users
shellcheck,SC1001,6,SR 3.6,SR,SR 3.6,3,0.489117,0.699629,Deterministic output
shellcheck,SC1003,1,SR 3.5,SR,SR 3.5,3,0.511621,1.0,Input validation
shellcheck,SC1003,2,SR 3.7,SR,SR 3.7,3,0.506298,0.944103,Error handling
shellcheck,SC1003,3,SR 3.2 RE 1,RE,SR 3.2,3,0.505965,0.940692,Malicious code protection on entry and exit points
shellcheck,SC1003,4,SR 7.6 RE 1,RE,SR 7.6,7,0.495174,0.835516,Machine-readable reporting of current security settings
shellcheck,SC1003,5,SR 1.11,SR,SR 1.11,1,0.490254,0.790865,Unsuccessful login attempts
shellcheck,SC1003,6,SR 1.7 RE 1,RE,SR 1.7,1,0.489538,0.784534,Password generation and lifetime restrictions for human users
shellcheck,SC1003,7,SR 3.8,SR,SR 3.8,3,0.489322,0.782628,Session integrity
shellcheck,SC1003,8,SR 3.8 RE 2,RE,SR 3.8,3,0.489278,0.782245,Unique session ID generation
shellcheck,SC1003,9,SR 5.2 RE 3,RE,SR 5.2,5,0.486238,0.755879,Fail close
shellcheck,SC1003,10,SR 3.8 RE 3,RE,SR 3.8,3,0.482579,0.725126,Randomness of session IDs
shellcheck,SC1004,1,SR 3.5,SR,SR 3.5,3,0.564532,1.0,Input validation
shellcheck,SC1007,1,SR 3.7,SR,SR 3.7,3,0.535291,1.0,Error handling
shellcheck,SC1007,2,SR 7.6 RE 1,RE,SR 7.6,7,0.524541,0.894418,Machine-readable reporting of current security settings
shellcheck,SC1007,3,SR 3.5,SR,SR 3.5,3,0.519499,0.848147,Input validation
shellcheck,SC1007,4,SR 7.1 RE 1,RE,SR 7.1,7,0.516498,0.821544,Manage communication loads
shellcheck,SC1007,5,SR 3.3,SR,SR 3.3,3,0.505413,0.729136,Security functionality verification
shellcheck,SC1007,6,SR 5.2 RE 3,RE,SR 5.2,5,0.500607,0.691812,Fail close
shellcheck,SC1007,7,SR 5.3,SR,SR 5.3,5,0.499682,0.684811,General purpose person-to-person communication restrictions
shellcheck,SC1008,1,SR 3.3,SR,SR 3.3,3,0.493621,1.0,Security functionality verification
shellcheck,SC1008,2,SR 2.12 RE 1,RE,SR 2.12,2,0.492576,0.988419,Non-repudiation for all users
shellcheck,SC1008,3,SR 3.5,SR,SR 3.5,3,0.491257,0.973943,Input validation
shellcheck,SC1008,4,SR 5.2 RE 3,RE,SR 5.2,5,0.484338,0.900854,Fail close
shellcheck,SC1008,5,SR 2.4 RE 1,RE,SR 2.4,2,0.483834,0.895711,Mobile code integrity check
shellcheck,SC1008,6,SR 1.5 RE 1,RE,SR 1.5,1,0.47574,0.816337,Hardware security for software process identity credentials
shellcheck,SC1008,7,SR 1.2,SR,SR 1.2,1,0.473668,0.796976,Software process and device identification and authentication
shellcheck,SC1008,8,SR 3.7,SR,SR 3.7,3,0.472279,0.784207,Error handling
shellcheck,SC1008,9,SR 1.2 RE 1,RE,SR 1.2,1,0.470312,0.766405,Unique identification and authentication
shellcheck,SC1008,10,SR 3.2 RE 1,RE,SR 3.2,3,0.466873,0.736085,Malicious code protection on entry and exit points
shellcheck,SC1009,1,SR 6.2,SR,SR 6.2,6,0.476592,1.0,Continuous monitoring
shellcheck,SC1009,2,SR 7.6 RE 1,RE,SR 7.6,7,0.472169,0.950011,Machine-readable reporting of current security settings
shellcheck,SC1009,3,SR 7.6,SR,SR 7.6,7,0.470258,0.929055,Network and security configuration settings
shellcheck,SC1009,4,SR 3.3,SR,SR 3.3,3,0.467239,0.896717,Security functionality verification
shellcheck,SC1009,5,SR 1.5 RE 1,RE,SR 1.5,1,0.465017,0.87352,Hardware security for software process identity credentials
shellcheck,SC1009,6,SR 1.3 RE 1,RE,SR 1.3,1,0.463709,0.860092,Unified account management
shellcheck,SC1009,7,SR 1.9 RE 1,RE,SR 1.9,1,0.463388,0.856818,Hardware security for public key authentication
shellcheck,SC1009,8,SR 5.4,SR,SR 5.4,5,0.461569,0.838487,Application partitioning
shellcheck,SC1009,9,SR 2.11 RE 1,RE,SR 2.11,2,0.461289,0.835688,Internal time synchronization
shellcheck,SC1009,10,SR 1.2 RE 1,RE,SR 1.2,1,0.458814,0.811324,Unique identification and authentication
shellcheck,SC1011,1,SR 3.5,SR,SR 3.5,3,0.51433,1.0,Input validation
shellcheck,SC1011,2,SR 1.11,SR,SR 1.11,1,0.48427,0.718047,Unsuccessful login attempts
shellcheck,SC1012,1,SR 3.5,SR,SR 3.5,3,0.544697,1.0,Input validation
shellcheck,SC1012,2,SR 2.11,SR,SR 2.11,2,0.529095,0.852277,Timestamps
shellcheck,SC1012,3,SR 3.3,SR,SR 3.3,3,0.509672,0.693815,Security functionality verification
shellcheck,SC1014,1,SR 5.2 RE 3,RE,SR 5.2,5,0.548185,1.0,Fail close
shellcheck,SC1014,2,SR 3.7,SR,SR 3.7,3,0.538304,0.904805,Error handling
shellcheck,SC1014,3,SR 3.2 RE 1,RE,SR 3.2,3,0.531502,0.84368,Malicious code protection on entry and exit points
shellcheck,SC1014,4,SR 3.5,SR,SR 3.5,3,0.531423,0.84299,Input validation
shellcheck,SC1014,5,SR 3.3,SR,SR 3.3,3,0.521733,0.761847,Security functionality verification
shellcheck,SC1014,6,SR 2.10,SR,SR 2.10,2,0.517831,0.731035,Response to audit processing failures
shellcheck,SC1014,7,SR 1.11,SR,SR 1.11,1,0.514811,0.707887,Unsuccessful login attempts
shellcheck,SC1014,8,SR 2.4 RE 1,RE,SR 2.4,2,0.514699,0.707044,Mobile code integrity check
shellcheck,SC1014,9,SR 2.12 RE 1,RE,SR 2.12,2,0.514051,0.702158,Non-repudiation for all users
shellcheck,SC1014,10,SR 1.2,SR,SR 1.2,1,0.513149,0.695411,Software process and device identification and authentication
shellcheck,SC1015,1,SR 3.5,SR,SR 3.5,3,0.503824,1.0,Input validation
shellcheck,SC1015,2,SR 3.2 RE 1,RE,SR 3.2,3,0.481267,0.777301,Malicious code protection on entry and exit points
shellcheck,SC1016,1,SR 3.5,SR,SR 3.5,3,0.502731,1.0,Input validation
shellcheck,SC1016,2,SR 3.2 RE 1,RE,SR 3.2,3,0.484119,0.812625,Malicious code protection on entry and exit points
shellcheck,SC1016,3,SR 7.6 RE 1,RE,SR 7.6,7,0.482371,0.796625,Machine-readable reporting of current security settings
shellcheck,SC1016,4,SR 1.7 RE 1,RE,SR 1.7,1,0.469424,0.685906,Password generation and lifetime restrictions for human users
shellcheck,SC1017,1,SR 3.5,SR,SR 3.5,3,0.531361,1.0,Input validation
shellcheck,SC1017,2,SR 3.2 RE 1,RE,SR 3.2,3,0.507888,0.779976,Malicious code protection on entry and exit points
shellcheck,SC1018,1,SR 3.3,SR,SR 3.3,3,0.506719,1.0,Security functionality verification
shellcheck,SC1018,2,SR 1.11,SR,SR 1.11,1,0.502089,0.950758,Unsuccessful login attempts
shellcheck,SC1018,3,SR 7.1,SR,SR 7.1,7,0.500755,0.936952,Denial of service protection
shellcheck,SC1018,4,SR 1.5 RE 1,RE,SR 1.5,1,0.497941,0.908355,Hardware security for software process identity credentials
shellcheck,SC1018,5,SR 2.11 RE 1,RE,SR 2.11,2,0.495461,0.88375,Internal time synchronization
shellcheck,SC1018,6,SR 7.6 RE 1,RE,SR 7.6,7,0.49545,0.88364,Machine-readable reporting of current security settings
shellcheck,SC1018,7,SR 2.11,SR,SR 2.11,2,0.49443,0.87368,Timestamps
shellcheck,SC1018,8,SR 2.11 RE 2,RE,SR 2.11,2,0.494359,0.872991,Protection of time source integrity
shellcheck,SC1018,9,SR 2.3 RE 1,RE,SR 2.3,2,0.487899,0.812067,Enforcement of security status of portable and mobile devices
shellcheck,SC1018,10,SR 5.2,SR,SR 5.2,5,0.486255,0.797131,Zone boundary protection
shellcheck,SC1019,1,SR 3.7,SR,SR 3.7,3,0.531957,1.0,Error handling
shellcheck,SC1019,2,SR 3.6,SR,SR 3.6,3,0.53004,0.980332,Deterministic output
shellcheck,SC1019,3,SR 2.12 RE 1,RE,SR 2.12,2,0.512771,0.817066,Non-repudiation for all users
shellcheck,SC1019,4,SR 5.2 RE 1,RE,SR 5.2,5,0.502447,0.730588,"Deny by default, allow by exception"
shellcheck,SC1019,5,SR 7.1,SR,SR 7.1,7,0.500036,0.711512,Denial of service protection
shellcheck,SC1019,6,SR 5.2 RE 3,RE,SR 5.2,5,0.499095,0.704182,Fail close
shellcheck,SC1019,7,SR 3.2 RE 1,RE,SR 3.2,3,0.497107,0.688895,Malicious code protection on entry and exit points
shellcheck,SC1020,1,SR 3.5,SR,SR 3.5,3,0.540279,1.0,Input validation
shellcheck,SC1020,2,SR 2.4 RE 1,RE,SR 2.4,2,0.515053,0.768757,Mobile code integrity check
shellcheck,SC1020,3,SR 3.3,SR,SR 3.3,3,0.504359,0.684969,Security functionality verification
shellcheck,SC1026,1,SR 3.5,SR,SR 3.5,3,0.550272,1.0,Input validation
shellcheck,SC1026,2,SR 2.4,SR,SR 2.4,2,0.531713,0.828039,Mobile code
shellcheck,SC1026,3,SR 5.2 RE 3,RE,SR 5.2,5,0.528437,0.800365,Fail close
shellcheck,SC1026,4,SR 3.2 RE 1,RE,SR 3.2,3,0.526327,0.782945,Malicious code protection on entry and exit points
shellcheck,SC1026,5,SR 2.4 RE 1,RE,SR 2.4,2,0.525111,0.773048,Mobile code integrity check
shellcheck,SC1027,1,SR 3.2 RE 1,RE,SR 3.2,3,0.513304,1.0,Malicious code protection on entry and exit points
shellcheck,SC1027,2,SR 3.7,SR,SR 3.7,3,0.499233,0.858236,Error handling
shellcheck,SC1027,3,SR 3.6,SR,SR 3.6,3,0.489496,0.770126,Deterministic output
shellcheck,SC1027,4,SR 3.5,SR,SR 3.5,3,0.484896,0.731154,Input validation
shellcheck,SC1027,5,SR 5.2 RE 3,RE,SR 5.2,5,0.484075,0.724369,Fail close
shellcheck,SC1027,6,SR 2.12 RE 1,RE,SR 2.12,2,0.483872,0.722701,Non-repudiation for all users
shellcheck,SC1028,1,SR 3.2 RE 1,RE,SR 3.2,3,0.564133,1.0,Malicious code protection on entry and exit points
shellcheck,SC1028,2,SR 3.7,SR,SR 3.7,3,0.548271,0.854819,Error handling
shellcheck,SC1028,3,SR 5.2 RE 3,RE,SR 5.2,5,0.536263,0.756796,Fail close
shellcheck,SC1028,4,SR 3.5,SR,SR 3.5,3,0.535016,0.747172,Input validation
shellcheck,SC1028,5,SR 4.1 RE 2,RE,SR 4.1,4,0.53327,0.733853,Protection of confidentiality across zone boundaries
shellcheck,SC1028,6,SR 1.11,SR,SR 1.11,1,0.528759,0.700358,Unsuccessful login attempts
shellcheck,SC1029,1,SR 3.2 RE 1,RE,SR 3.2,3,0.572109,1.0,Malicious code protection on entry and exit points
shellcheck,SC1029,2,SR 3.7,SR,SR 3.7,3,0.557043,0.863485,Error handling
shellcheck,SC1029,3,SR 1.11,SR,SR 1.11,1,0.543702,0.755702,Unsuccessful login attempts
shellcheck,SC1029,4,SR 5.2 RE 3,RE,SR 5.2,5,0.542966,0.750094,Fail close
shellcheck,SC1029,5,SR 3.5,SR,SR 3.5,3,0.536047,0.699006,Input validation
shellcheck,SC1029,6,SR 4.1 RE 2,RE,SR 4.1,4,0.534686,0.6893,Protection of confidentiality across zone boundaries
shellcheck,SC1029,7,SR 1.7 RE 1,RE,SR 1.7,1,0.534672,0.689202,Password generation and lifetime restrictions for human users
shellcheck,SC1033,1,SR 5.2 RE 3,RE,SR 5.2,5,0.515238,1.0,Fail close
shellcheck,SC1033,2,SR 3.5,SR,SR 3.5,3,0.511384,0.959552,Input validation
shellcheck,SC1033,3,SR 3.6,SR,SR 3.6,3,0.506135,0.906617,Deterministic output
shellcheck,SC1033,4,SR 3.2 RE 1,RE,SR 3.2,3,0.48861,0.746875,Malicious code protection on entry and exit points
shellcheck,SC1033,5,SR 1.11,SR,SR 1.11,1,0.486382,0.72834,Unsuccessful login attempts
shellcheck,SC1033,6,SR 3.7,SR,SR 3.7,3,0.482615,0.697849,Error handling
shellcheck,SC1033,7,SR 7.1,SR,SR 7.1,7,0.482127,0.69398,Denial of service protection
shellcheck,SC1033,8,SR 3.3,SR,SR 3.3,3,0.481967,0.69271,Security functionality verification
shellcheck,SC1034,1,SR 5.2 RE 3,RE,SR 5.2,5,0.487784,1.0,Fail close
shellcheck,SC1034,2,SR 3.5,SR,SR 3.5,3,0.486898,0.990046,Input validation
shellcheck,SC1034,3,SR 3.3,SR,SR 3.3,3,0.480227,0.917705,Security functionality verification
shellcheck,SC1034,4,SR 2.11,SR,SR 2.11,2,0.474637,0.860476,Timestamps
shellcheck,SC1034,5,SR 2.11 RE 2,RE,SR 2.11,2,0.470314,0.818242,Protection of time source integrity
shellcheck,SC1034,6,SR 1.11,SR,SR 1.11,1,0.468431,0.800391,Unsuccessful login attempts
shellcheck,SC1034,7,SR 2.4 RE 1,RE,SR 2.4,2,0.464367,0.762932,Mobile code integrity check
shellcheck,SC1034,8,SR 2.1 RE 4,RE,SR 2.1,2,0.462579,0.746913,Dual approval
shellcheck,SC1034,9,SR 3.6,SR,SR 3.6,3,0.459503,0.719999,Deterministic output
shellcheck,SC1034,10,SR 2.9 RE 1,RE,SR 2.9,2,0.45837,0.710294,Warn when audit record storage capacity threshold reached
shellcheck,SC1035,1,SR 5.2 RE 3,RE,SR 5.2,5,0.58564,1.0,Fail close
shellcheck,SC1035,2,SR 3.5,SR,SR 3.5,3,0.57456,0.900271,Input validation
shellcheck,SC1036,1,SR 3.5,SR,SR 3.5,3,0.53375,1.0,Input validation
shellcheck,SC1036,2,SR 5.2 RE 3,RE,SR 5.2,5,0.519471,0.861441,Fail close
shellcheck,SC1036,3,SR 1.11,SR,SR 1.11,1,0.507591,0.758518,Unsuccessful login attempts
shellcheck,SC1037,1,SR 3.5,SR,SR 3.5,3,0.540874,1.0,Input validation
shellcheck,SC1037,2,SR 7.3,SR,SR 7.3,7,0.522992,0.831179,Control system backup
shellcheck,SC1037,3,SR 3.7,SR,SR 3.7,3,0.522281,0.824983,Error handling
shellcheck,SC1037,4,SR 7.7,SR,SR 7.7,7,0.521979,0.822356,Least functionality
shellcheck,SC1037,5,SR 1.11,SR,SR 1.11,1,0.520249,0.807476,Unsuccessful login attempts
shellcheck,SC1037,6,SR 5.2 RE 3,RE,SR 5.2,5,0.520167,0.806784,Fail close
shellcheck,SC1037,7,SR 3.2 RE 1,RE,SR 3.2,3,0.518104,0.78934,Malicious code protection on entry and exit points
shellcheck,SC1037,8,SR 1.4,SR,SR 1.4,1,0.517609,0.785197,Identifier management
shellcheck,SC1037,9,SR 2.9 RE 1,RE,SR 2.9,2,0.513752,0.753554,Warn when audit record storage capacity threshold reached
shellcheck,SC1037,10,SR 2.11,SR,SR 2.11,2,0.513128,0.748531,Timestamps
shellcheck,SC1038,1,SR 3.5,SR,SR 3.5,3,0.516166,1.0,Input validation
shellcheck,SC1038,2,SR 5.2 RE 3,RE,SR 5.2,5,0.487461,0.730002,Fail close
shellcheck,SC1038,3,SR 7.6 RE 1,RE,SR 7.6,7,0.486114,0.718978,Machine-readable reporting of current security settings
shellcheck,SC1038,4,SR 7.3,SR,SR 7.3,7,0.483811,0.700444,Control system backup
shellcheck,SC1038,5,SR 4.2,SR,SR 4.2,4,0.481788,0.684486,Information persistence
shellcheck,SC1039,1,SR 3.8 RE 1,RE,SR 3.8,3,0.512076,1.0,Invalidation of session IDs after session termination
shellcheck,SC1039,2,SR 2.11,SR,SR 2.11,2,0.494872,0.828649,Timestamps
shellcheck,SC1039,3,SR 3.5,SR,SR 3.5,3,0.490391,0.788214,Input validation
shellcheck,SC1039,4,SR 1.4,SR,SR 1.4,1,0.481657,0.714033,Identifier management
shellcheck,SC1039,5,SR 2.4 RE 1,RE,SR 2.4,2,0.481513,0.71286,Mobile code integrity check
shellcheck,SC1040,1,SR 3.5,SR,SR 3.5,3,0.516014,1.0,Input validation
shellcheck,SC1040,2,SR 5.2 RE 3,RE,SR 5.2,5,0.504809,0.886258,Fail close
shellcheck,SC1040,3,SR 2.11,SR,SR 2.11,2,0.491789,0.767617,Timestamps
shellcheck,SC1040,4,SR 3.7,SR,SR 3.7,3,0.48403,0.703336,Error handling
shellcheck,SC1041,1,SR 5.2 RE 3,RE,SR 5.2,5,0.481436,1.0,Fail close
shellcheck,SC1041,2,SR 3.7,SR,SR 3.7,3,0.460117,0.779494,Error handling
shellcheck,SC1041,3,SR 3.2 RE 1,RE,SR 3.2,3,0.453424,0.719143,Malicious code protection on entry and exit points
shellcheck,SC1041,4,SR 7.1,SR,SR 7.1,7,0.449391,0.68466,Denial of service protection
shellcheck,SC1043,1,SR 5.2 RE 3,RE,SR 5.2,5,0.502319,1.0,Fail close
shellcheck,SC1043,2,SR 3.7,SR,SR 3.7,3,0.479125,0.771047,Error handling
shellcheck,SC1043,3,SR 3.2 RE 1,RE,SR 3.2,3,0.469352,0.688427,Malicious code protection on entry and exit points
shellcheck,SC1044,1,SR 5.2 RE 3,RE,SR 5.2,5,0.495188,1.0,Fail close
shellcheck,SC1044,2,SR 3.7,SR,SR 3.7,3,0.471435,0.763105,Error handling
shellcheck,SC1044,3,SR 3.8 RE 1,RE,SR 3.8,3,0.469769,0.748394,Invalidation of session IDs after session termination
shellcheck,SC1044,4,SR 2.11,SR,SR 2.11,2,0.468176,0.734537,Timestamps
shellcheck,SC1044,5,SR 1.11,SR,SR 1.11,1,0.465109,0.70846,Unsuccessful login attempts
shellcheck,SC1045,1,SR 3.2 RE 1,RE,SR 3.2,3,0.519017,1.0,Malicious code protection on entry and exit points
shellcheck,SC1045,2,SR 1.11,SR,SR 1.11,1,0.514285,0.950873,Unsuccessful login attempts
shellcheck,SC1045,3,SR 3.7,SR,SR 3.7,3,0.511967,0.927538,Error handling
shellcheck,SC1045,4,SR 7.1 RE 1,RE,SR 7.1,7,0.500919,0.822665,Manage communication loads
shellcheck,SC1045,5,SR 3.5,SR,SR 3.5,3,0.499786,0.812482,Input validation
shellcheck,SC1045,6,SR 5.2 RE 1,RE,SR 5.2,5,0.499509,0.810011,"Deny by default, allow by exception"
shellcheck,SC1045,7,SR 2.4,SR,SR 2.4,2,0.492983,0.753491,Mobile code
shellcheck,SC1045,8,SR 2.4 RE 1,RE,SR 2.4,2,0.489416,0.723992,Mobile code integrity check
shellcheck,SC1045,9,SR 5.2 RE 3,RE,SR 5.2,5,0.488074,0.713134,Fail close
shellcheck,SC1045,10,SR 7.7,SR,SR 7.7,7,0.485907,0.695894,Least functionality
shellcheck,SC1046,1,SR 3.5,SR,SR 3.5,3,0.498037,1.0,Input validation
shellcheck,SC1046,2,SR 2.4 RE 1,RE,SR 2.4,2,0.483555,0.850188,Mobile code integrity check
shellcheck,SC1046,3,SR 2.12 RE 1,RE,SR 2.12,2,0.477603,0.7942,Non-repudiation for all users
shellcheck,SC1046,4,SR 3.3,SR,SR 3.3,3,0.471708,0.741765,Security functionality verification
shellcheck,SC1046,5,SR 1.11,SR,SR 1.11,1,0.4692,0.720325,Unsuccessful login attempts
shellcheck,SC1046,6,SR 5.2 RE 3,RE,SR 5.2,5,0.465424,0.689017,Fail close
shellcheck,SC1047,1,SR 3.3,SR,SR 3.3,3,0.555895,1.0,Security functionality verification
shellcheck,SC1047,2,SR 1.1 RE 3,RE,SR 1.1,1,0.522304,0.709768,Multifactor authentication for all networks
shellcheck,SC1047,3,SR 2.4 RE 1,RE,SR 2.4,2,0.520451,0.69603,Mobile code integrity check
shellcheck,SC1048,1,SR 2.12 RE 1,RE,SR 2.12,2,0.525447,1.0,Non-repudiation for all users
shellcheck,SC1048,2,SR 5.2 RE 3,RE,SR 5.2,5,0.524901,0.994303,Fail close
shellcheck,SC1048,3,SR 3.7,SR,SR 3.7,3,0.520125,0.945554,Error handling
shellcheck,SC1048,4,SR 3.5,SR,SR 3.5,3,0.512265,0.869588,Input validation
shellcheck,SC1048,5,SR 7.7,SR,SR 7.7,7,0.510933,0.857227,Least functionality
shellcheck,SC1048,6,SR 3.3 RE 2,RE,SR 3.3,3,0.509497,0.844056,Security functionality verification during normal operation
shellcheck,SC1048,7,SR 2.12,SR,SR 2.12,2,0.505645,0.80955,Non-repudiation
shellcheck,SC1048,8,SR 3.3,SR,SR 3.3,3,0.504882,0.802853,Security functionality verification
shellcheck,SC1048,9,SR 3.3 RE 1,RE,SR 3.3,3,0.5023,0.780532,Automated mechanisms for security functionality verification
shellcheck,SC1048,10,SR 4.2,SR,SR 4.2,4,0.499736,0.758865,Information persistence
shellcheck,SC1049,1,SR 3.5,SR,SR 3.5,3,0.512612,1.0,Input validation
shellcheck,SC1049,2,SR 3.7,SR,SR 3.7,3,0.489042,0.771914,Error handling
shellcheck,SC1049,3,SR 2.12 RE 1,RE,SR 2.12,2,0.482504,0.716833,Non-repudiation for all users
shellcheck,SC1049,4,SR 2.4 RE 1,RE,SR 2.4,2,0.479663,0.693922,Mobile code integrity check
shellcheck,SC1049,5,SR 3.6,SR,SR 3.6,3,0.478139,0.681885,Deterministic output
shellcheck,SC1050,1,SR 3.5,SR,SR 3.5,3,0.520285,1.0,Input validation
shellcheck,SC1050,2,SR 3.7,SR,SR 3.7,3,0.507287,0.870098,Error handling
shellcheck,SC1050,3,SR 2.12 RE 1,RE,SR 2.12,2,0.491271,0.729356,Non-repudiation for all users
shellcheck,SC1050,4,SR 3.6,SR,SR 3.6,3,0.488821,0.709569,Deterministic output
shellcheck,SC1050,5,SR 5.2 RE 3,RE,SR 5.2,5,0.488283,0.705287,Fail close
shellcheck,SC1050,6,SR 2.4 RE 1,RE,SR 2.4,2,0.487395,0.698256,Mobile code integrity check
shellcheck,SC1051,1,SR 3.5,SR,SR 3.5,3,0.535486,1.0,Input validation
shellcheck,SC1051,2,SR 3.7,SR,SR 3.7,3,0.501996,0.70103,Error handling
shellcheck,SC1052,1,SR 3.5,SR,SR 3.5,3,0.536392,1.0,Input validation
shellcheck,SC1052,2,SR 3.7,SR,SR 3.7,3,0.501738,0.692583,Error handling
shellcheck,SC1053,1,SR 3.5,SR,SR 3.5,3,0.533382,1.0,Input validation
shellcheck,SC1053,2,SR 3.7,SR,SR 3.7,3,0.51708,0.843063,Error handling
shellcheck,SC1054,1,SR 3.5,SR,SR 3.5,3,0.508893,1.0,Input validation
shellcheck,SC1054,2,SR 5.2 RE 3,RE,SR 5.2,5,0.498059,0.888387,Fail close
shellcheck,SC1055,1,SR 2.12 RE 1,RE,SR 2.12,2,0.577484,1.0,Non-repudiation for all users
shellcheck,SC1055,2,SR 1.11,SR,SR 1.11,1,0.56765,0.909863,Unsuccessful login attempts
shellcheck,SC1055,3,SR 5.2 RE 3,RE,SR 5.2,5,0.559727,0.842174,Fail close
shellcheck,SC1055,4,SR 3.7,SR,SR 3.7,3,0.554716,0.801526,Error handling
shellcheck,SC1055,5,SR 2.12,SR,SR 2.12,2,0.554602,0.80062,Non-repudiation
shellcheck,SC1055,6,SR 7.1,SR,SR 7.1,7,0.5515,0.776303,Denial of service protection
shellcheck,SC1055,7,SR 3.2 RE 1,RE,SR 3.2,3,0.551044,0.772777,Malicious code protection on entry and exit points
shellcheck,SC1055,8,SR 3.3,SR,SR 3.3,3,0.548299,0.751842,Security functionality verification
shellcheck,SC1055,9,SR 3.2,SR,SR 3.2,3,0.546784,0.740491,Malicious code protection
shellcheck,SC1055,10,SR 5.2 RE 1,RE,SR 5.2,5,0.546124,0.735583,"Deny by default, allow by exception"
shellcheck,SC1056,1,SR 3.5,SR,SR 3.5,3,0.498215,1.0,Input validation
shellcheck,SC1056,2,SR 5.2 RE 3,RE,SR 5.2,5,0.492526,0.938793,Fail close
shellcheck,SC1056,3,SR 3.7,SR,SR 3.7,3,0.481794,0.831661,Error handling
shellcheck,SC1056,4,SR 1.11,SR,SR 1.11,1,0.474721,0.766688,Unsuccessful login attempts
shellcheck,SC1057,1,SR 3.5,SR,SR 3.5,3,0.504889,1.0,Input validation
shellcheck,SC1057,2,SR 1.11,SR,SR 1.11,1,0.500428,0.952362,Unsuccessful login attempts
shellcheck,SC1057,3,SR 4.2,SR,SR 4.2,4,0.491352,0.861156,Information persistence
shellcheck,SC1057,4,SR 7.1 RE 1,RE,SR 7.1,7,0.490434,0.852346,Manage communication loads
shellcheck,SC1057,5,SR 7.1,SR,SR 7.1,7,0.480789,0.764138,Denial of service protection
shellcheck,SC1057,6,SR 2.9 RE 1,RE,SR 2.9,2,0.47599,0.723121,Warn when audit record storage capacity threshold reached
shellcheck,SC1057,7,SR 2.11,SR,SR 2.11,2,0.475766,0.721247,Timestamps
shellcheck,SC1057,8,SR 5.2 RE 3,RE,SR 5.2,5,0.473666,0.703911,Fail close
shellcheck,SC1057,9,SR 3.7,SR,SR 3.7,3,0.473648,0.703766,Error handling
shellcheck,SC1057,10,SR 2.4 RE 1,RE,SR 2.4,2,0.472625,0.695447,Mobile code integrity check
shellcheck,SC1058,1,SR 3.5,SR,SR 3.5,3,0.467138,1.0,Input validation
shellcheck,SC1058,2,SR 3.9 RE 1,RE,SR 3.9,3,0.464064,0.964338,Audit records on write-once media
shellcheck,SC1058,3,SR 7.1 RE 1,RE,SR 7.1,7,0.461587,0.936376,Manage communication loads
shellcheck,SC1058,4,SR 7.1,SR,SR 7.1,7,0.459445,0.912723,Denial of service protection
shellcheck,SC1058,5,SR 1.11,SR,SR 1.11,1,0.457476,0.891416,Unsuccessful login attempts
shellcheck,SC1058,6,SR 2.9 RE 1,RE,SR 2.9,2,0.455269,0.868014,Warn when audit record storage capacity threshold reached
shellcheck,SC1058,7,SR 2.11,SR,SR 2.11,2,0.45451,0.860088,Timestamps
shellcheck,SC1058,8,SR 7.1 RE 2,RE,SR 7.1,7,0.452938,0.843852,Limit DoS effects to other systems or networks
shellcheck,SC1058,9,SR 2.12 RE 1,RE,SR 2.12,2,0.446296,0.777999,Non-repudiation for all users
shellcheck,SC1058,10,SR 5.2 RE 3,RE,SR 5.2,5,0.445807,0.773323,Fail close
shellcheck,SC1059,1,SR 3.5,SR,SR 3.5,3,0.534954,1.0,Input validation
shellcheck,SC1060,1,SR 3.3 RE 1,RE,SR 3.3,3,0.523376,1.0,Automated mechanisms for security functionality verification
shellcheck,SC1060,2,SR 2.4 RE 1,RE,SR 2.4,2,0.520417,0.969298,Mobile code integrity check
shellcheck,SC1060,3,SR 2.12 RE 1,RE,SR 2.12,2,0.518956,0.954418,Non-repudiation for all users
shellcheck,SC1060,4,SR 3.3,SR,SR 3.3,3,0.516049,0.925387,Security functionality verification
shellcheck,SC1060,5,SR 1.11,SR,SR 1.11,1,0.514937,0.91447,Unsuccessful login attempts
shellcheck,SC1060,6,SR 7.7,SR,SR 7.7,7,0.514637,0.911544,Least functionality
shellcheck,SC1060,7,SR 4.2,SR,SR 4.2,4,0.514633,0.911506,Information persistence
shellcheck,SC1060,8,SR 3.5,SR,SR 3.5,3,0.512954,0.89527,Input validation
shellcheck,SC1060,9,SR 5.2 RE 3,RE,SR 5.2,5,0.512812,0.893907,Fail close
shellcheck,SC1060,10,SR 3.7,SR,SR 3.7,3,0.509021,0.85816,Error handling
shellcheck,SC1061,1,SR 2.12 RE 1,RE,SR 2.12,2,0.529619,1.0,Non-repudiation for all users
shellcheck,SC1061,2,SR 3.5,SR,SR 3.5,3,0.50097,0.736484,Input validation
shellcheck,SC1061,3,SR 1.2,SR,SR 1.2,1,0.499014,0.720811,Software process and device identification and authentication
shellcheck,SC1061,4,SR 2.12,SR,SR 2.12,2,0.494616,0.686555,Non-repudiation
shellcheck,SC1062,1,SR 3.3,SR,SR 3.3,3,0.564549,1.0,Security functionality verification
shellcheck,SC1062,2,SR 2.4 RE 1,RE,SR 2.4,2,0.557209,0.93055,Mobile code integrity check
shellcheck,SC1062,3,SR 2.11 RE 2,RE,SR 2.11,2,0.555785,0.91755,Protection of time source integrity
shellcheck,SC1062,4,SR 2.11,SR,SR 2.11,2,0.552998,0.892528,Timestamps
shellcheck,SC1062,5,SR 2.3 RE 1,RE,SR 2.3,2,0.548479,0.853144,Enforcement of security status of portable and mobile devices
shellcheck,SC1062,6,SR 7.3 RE 1,RE,SR 7.3,7,0.548071,0.849663,Backup verification
shellcheck,SC1062,7,SR 2.11 RE 1,RE,SR 2.11,2,0.542806,0.805728,Internal time synchronization
shellcheck,SC1062,8,SR 3.3 RE 1,RE,SR 3.3,3,0.541964,0.798878,Automated mechanisms for security functionality verification
shellcheck,SC1062,9,SR 3.3 RE 2,RE,SR 3.3,3,0.5383,0.769617,Security functionality verification during normal operation
shellcheck,SC1062,10,SR 7.3 RE 2,RE,SR 7.3,7,0.526908,0.684201,Backup automation
shellcheck,SC1063,1,SR 3.5,SR,SR 3.5,3,0.515747,1.0,Input validation
shellcheck,SC1063,2,SR 3.9 RE 1,RE,SR 3.9,3,0.493387,0.78367,Audit records on write-once media
shellcheck,SC1063,3,SR 5.2 RE 3,RE,SR 5.2,5,0.488207,0.739473,Fail close
shellcheck,SC1063,4,SR 2.11,SR,SR 2.11,2,0.482503,0.693182,Timestamps
shellcheck,SC1064,1,SR 5.2 RE 3,RE,SR 5.2,5,0.49049,1.0,Fail close
shellcheck,SC1064,2,SR 3.5,SR,SR 3.5,3,0.467812,0.770775,Input validation
shellcheck,SC1064,3,SR 1.5 RE 1,RE,SR 1.5,1,0.458538,0.690394,Hardware security for software process identity credentials
shellcheck,SC1064,4,SR 7.1,SR,SR 7.1,7,0.458347,0.688815,Denial of service protection
shellcheck,SC1064,5,SR 1.11,SR,SR 1.11,1,0.457299,0.680194,Unsuccessful login attempts
shellcheck,SC1065,1,SR 3.5,SR,SR 3.5,3,0.522123,1.0,Input validation
shellcheck,SC1065,2,SR 7.1 RE 1,RE,SR 7.1,7,0.518902,0.966538,Manage communication loads
shellcheck,SC1065,3,SR 1.4,SR,SR 1.4,1,0.504926,0.831772,Identifier management
shellcheck,SC1065,4,SR 3.7,SR,SR 3.7,3,0.504136,0.824639,Error handling
shellcheck,SC1065,5,SR 5.2 RE 1,RE,SR 5.2,5,0.496671,0.759679,"Deny by default, allow by exception"
shellcheck,SC1065,6,SR 1.7 RE 1,RE,SR 1.7,1,0.492868,0.728235,Password generation and lifetime restrictions for human users
shellcheck,SC1065,7,SR 7.7,SR,SR 7.7,7,0.492235,0.723105,Least functionality
shellcheck,SC1065,8,SR 1.5 RE 1,RE,SR 1.5,1,0.491989,0.721122,Hardware security for software process identity credentials
shellcheck,SC1065,9,SR 5.2 RE 3,RE,SR 5.2,5,0.489364,0.700212,Fail close
shellcheck,SC1066,1,SR 1.4,SR,SR 1.4,1,0.512259,1.0,Identifier management
shellcheck,SC1066,2,SR 3.5,SR,SR 3.5,3,0.504528,0.919762,Input validation
shellcheck,SC1066,3,SR 2.12 RE 1,RE,SR 2.12,2,0.482183,0.71692,Non-repudiation for all users
shellcheck,SC1066,4,SR 1.2 RE 1,RE,SR 1.2,1,0.477861,0.682278,Unique identification and authentication
shellcheck,SC1067,1,SR 1.4,SR,SR 1.4,1,0.533796,1.0,Identifier management
shellcheck,SC1067,2,SR 3.5,SR,SR 3.5,3,0.525539,0.917838,Input validation
shellcheck,SC1067,3,SR 1.11,SR,SR 1.11,1,0.506809,0.751764,Unsuccessful login attempts
shellcheck,SC1067,4,SR 7.1 RE 1,RE,SR 7.1,7,0.505567,0.741686,Manage communication loads
shellcheck,SC1067,5,SR 3.8,SR,SR 3.8,3,0.50281,0.71971,Session integrity
shellcheck,SC1067,6,SR 6.1 RE 1,RE,SR 6.1,6,0.502441,0.716815,Programmatic access to audit logs
shellcheck,SC1067,7,SR 3.7,SR,SR 3.7,3,0.50071,0.703335,Error handling
shellcheck,SC1068,1,SR 3.7,SR,SR 3.7,3,0.501457,1.0,Error handling
shellcheck,SC1068,2,SR 3.2 RE 1,RE,SR 3.2,3,0.496947,0.951519,Malicious code protection on entry and exit points
shellcheck,SC1068,3,SR 1.11,SR,SR 1.11,1,0.4961,0.942641,Unsuccessful login attempts
shellcheck,SC1068,4,SR 2.4 RE 1,RE,SR 2.4,2,0.491968,0.900259,Mobile code integrity check
shellcheck,SC1068,5,SR 3.8 RE 3,RE,SR 3.8,3,0.487828,0.859375,Randomness of session IDs
shellcheck,SC1068,6,SR 2.4,SR,SR 2.4,2,0.486945,0.850856,Mobile code
shellcheck,SC1068,7,SR 3.3,SR,SR 3.3,3,0.484237,0.825154,Security functionality verification
shellcheck,SC1068,8,SR 3.8,SR,SR 3.8,3,0.483539,0.81863,Session integrity
shellcheck,SC1068,9,SR 3.2,SR,SR 3.2,3,0.470394,0.703482,Malicious code protection
shellcheck,SC1069,1,SR 2.4 RE 1,RE,SR 2.4,2,0.503948,1.0,Mobile code integrity check
shellcheck,SC1069,2,SR 7.3 RE 1,RE,SR 7.3,7,0.500466,0.962585,Backup verification
shellcheck,SC1069,3,SR 3.7,SR,SR 3.7,3,0.493288,0.889058,Error handling
shellcheck,SC1069,4,SR 3.5,SR,SR 3.5,3,0.49205,0.876851,Input validation
shellcheck,SC1069,5,SR 5.2 RE 3,RE,SR 5.2,5,0.489625,0.853351,Fail close
shellcheck,SC1069,6,SR 2.9,SR,SR 2.9,2,0.489193,0.849212,Audit storage capacity
shellcheck,SC1069,7,SR 2.9 RE 1,RE,SR 2.9,2,0.488176,0.83955,Warn when audit record storage capacity threshold reached
shellcheck,SC1069,8,SR 7.3,SR,SR 7.3,7,0.479685,0.762313,Control system backup
shellcheck,SC1069,9,SR 1.11,SR,SR 1.11,1,0.479603,0.761603,Unsuccessful login attempts
shellcheck,SC1069,10,SR 7.1,SR,SR 7.1,7,0.47959,0.761485,Denial of service protection
shellcheck,SC1070,1,SR 3.5,SR,SR 3.5,3,0.526147,1.0,Input validation
shellcheck,SC1071,1,SR 3.3,SR,SR 3.3,3,0.491713,1.0,Security functionality verification
shellcheck,SC1071,2,SR 1.5 RE 1,RE,SR 1.5,1,0.478488,0.860753,Hardware security for software process identity credentials
shellcheck,SC1071,3,SR 5.2 RE 3,RE,SR 5.2,5,0.474678,0.823731,Fail close
shellcheck,SC1071,4,SR 1.2,SR,SR 1.2,1,0.471024,0.78945,Software process and device identification and authentication
shellcheck,SC1071,5,SR 2.4 RE 1,RE,SR 2.4,2,0.470922,0.788508,Mobile code integrity check
shellcheck,SC1071,6,SR 3.5,SR,SR 3.5,3,0.470559,0.785176,Input validation
shellcheck,SC1071,7,SR 2.12 RE 1,RE,SR 2.12,2,0.468288,0.764559,Non-repudiation for all users
shellcheck,SC1071,8,SR 1.11,SR,SR 1.11,1,0.467385,0.756481,Unsuccessful login attempts
shellcheck,SC1071,9,SR 3.7,SR,SR 3.7,3,0.466853,0.751757,Error handling
shellcheck,SC1071,10,SR 2.11,SR,SR 2.11,2,0.465188,0.737127,Timestamps
shellcheck,SC1072,1,SR 5.2 RE 2,RE,SR 5.2,5,0.552123,1.0,Island mode
shellcheck,SC1072,2,SR 7.7,SR,SR 7.7,7,0.522965,0.741992,Least functionality
shellcheck,SC1072,3,SR 4.2,SR,SR 4.2,4,0.522426,0.737795,Information persistence
shellcheck,SC1072,4,SR 2.4 RE 1,RE,SR 2.4,2,0.522227,0.736256,Mobile code integrity check
shellcheck,SC1072,5,SR 4.2 RE 1,RE,SR 4.2,4,0.520963,0.726503,Purging of shared memory resources
shellcheck,SC1072,6,SR 3.5,SR,SR 3.5,3,0.519714,0.716978,Input validation
shellcheck,SC1072,7,SR 5.2 RE 3,RE,SR 5.2,5,0.518743,0.70964,Fail close
shellcheck,SC1072,8,SR 2.12 RE 1,RE,SR 2.12,2,0.517955,0.703735,Non-repudiation for all users
shellcheck,SC1072,9,SR 3.3,SR,SR 3.3,3,0.516208,0.690777,Security functionality verification
shellcheck,SC1072,10,SR 7.1,SR,SR 7.1,7,0.514802,0.680489,Denial of service protection
shellcheck,SC1073,1,SR 3.3,SR,SR 3.3,3,0.493399,1.0,Security functionality verification
shellcheck,SC1073,2,SR 3.2 RE 1,RE,SR 3.2,3,0.466693,0.736346,Malicious code protection on entry and exit points
shellcheck,SC1073,3,SR 3.8 RE 3,RE,SR 3.8,3,0.462214,0.698303,Randomness of session IDs
shellcheck,SC1074,1,SR 1.11,SR,SR 1.11,1,0.52846,1.0,Unsuccessful login attempts
shellcheck,SC1074,2,SR 3.2 RE 1,RE,SR 3.2,3,0.524869,0.963196,Malicious code protection on entry and exit points
shellcheck,SC1074,3,SR 5.2 RE 3,RE,SR 5.2,5,0.524728,0.96177,Fail close
shellcheck,SC1074,4,SR 3.7,SR,SR 3.7,3,0.511629,0.836926,Error handling
shellcheck,SC1074,5,SR 1.7 RE 1,RE,SR 1.7,1,0.508354,0.807882,Password generation and lifetime restrictions for human users
shellcheck,SC1074,6,SR 3.3,SR,SR 3.3,3,0.50745,0.800011,Security functionality verification
shellcheck,SC1074,7,SR 2.12 RE 1,RE,SR 2.12,2,0.502831,0.760771,Non-repudiation for all users
shellcheck,SC1074,8,SR 1.4,SR,SR 1.4,1,0.502475,0.757814,Identifier management
shellcheck,SC1074,9,SR 7.7,SR,SR 7.7,7,0.501977,0.753696,Least functionality
shellcheck,SC1074,10,SR 5.2 RE 1,RE,SR 5.2,5,0.500336,0.740239,"Deny by default, allow by exception"
shellcheck,SC1075,1,SR 3.5,SR,SR 3.5,3,0.515837,1.0,Input validation
shellcheck,SC1075,2,SR 3.7,SR,SR 3.7,3,0.498927,0.832499,Error handling
shellcheck,SC1075,3,SR 3.6,SR,SR 3.6,3,0.480909,0.680029,Deterministic output
shellcheck,SC1076,1,SR 3.5,SR,SR 3.5,3,0.540575,1.0,Input validation
shellcheck,SC1076,2,SR 3.7,SR,SR 3.7,3,0.538181,0.97588,Error handling
shellcheck,SC1076,3,SR 1.11,SR,SR 1.11,1,0.512704,0.747409,Unsuccessful login attempts
shellcheck,SC1076,4,SR 7.7,SR,SR 7.7,7,0.508659,0.715542,Least functionality
shellcheck,SC1076,5,SR 7.1 RE 1,RE,SR 7.1,7,0.507639,0.707687,Manage communication loads
shellcheck,SC1076,6,SR 2.4,SR,SR 2.4,2,0.506576,0.699579,Mobile code
shellcheck,SC1076,7,SR 3.2 RE 1,RE,SR 3.2,3,0.504582,0.684566,Malicious code protection on entry and exit points
shellcheck,SC1077,1,SR 2.12 RE 1,RE,SR 2.12,2,0.537681,1.0,Non-repudiation for all users
shellcheck,SC1077,2,SR 1.4,SR,SR 1.4,1,0.537295,0.996057,Identifier management
shellcheck,SC1077,3,SR 1.12,SR,SR 1.12,1,0.534403,0.966924,System use notification
shellcheck,SC1077,4,SR 1.1,SR,SR 1.1,1,0.526466,0.890532,Human user identification and authentication
shellcheck,SC1077,5,SR 1.7 RE 1,RE,SR 1.7,1,0.521259,0.843158,Password generation and lifetime restrictions for human users
shellcheck,SC1077,6,SR 3.8 RE 1,RE,SR 3.8,3,0.519852,0.830715,Invalidation of session IDs after session termination
shellcheck,SC1077,7,SR 7.1 RE 1,RE,SR 7.1,7,0.518649,0.820192,Manage communication loads
shellcheck,SC1077,8,SR 1.1 RE 1,RE,SR 1.1,1,0.51858,0.819596,Unique identification and authentication
shellcheck,SC1077,9,SR 7.1,SR,SR 7.1,7,0.517292,0.80846,Denial of service protection
shellcheck,SC1077,10,SR 7.6 RE 1,RE,SR 7.6,7,0.516185,0.798988,Machine-readable reporting of current security settings
shellcheck,SC1078,1,SR 3.2 RE 1,RE,SR 3.2,3,0.530341,1.0,Malicious code protection on entry and exit points
shellcheck,SC1078,2,SR 1.12,SR,SR 1.12,1,0.514835,0.84941,System use notification
shellcheck,SC1078,3,SR 5.3 RE 1,RE,SR 5.3,5,0.508567,0.794069,Prohibit all general purpose person-to-person communications
shellcheck,SC1078,4,SR 5.3,SR,SR 5.3,5,0.508325,0.791996,General purpose person-to-person communication restrictions
shellcheck,SC1078,5,SR 3.7,SR,SR 3.7,3,0.507552,0.785391,Error handling
shellcheck,SC1078,6,SR 5.2 RE 3,RE,SR 5.2,5,0.501962,0.738988,Fail close
shellcheck,SC1078,7,SR 3.5,SR,SR 3.5,3,0.501775,0.737473,Input validation
shellcheck,SC1078,8,SR 3.3,SR,SR 3.3,3,0.499237,0.717187,Security functionality verification
shellcheck,SC1078,9,SR 1.11,SR,SR 1.11,1,0.498754,0.713376,Unsuccessful login attempts
shellcheck,SC1078,10,SR 3.8 RE 3,RE,SR 3.8,3,0.496756,0.6978,Randomness of session IDs
shellcheck,SC1079,1,SR 3.2 RE 1,RE,SR 3.2,3,0.545351,1.0,Malicious code protection on entry and exit points
shellcheck,SC1079,2,SR 2.4 RE 1,RE,SR 2.4,2,0.544991,0.996379,Mobile code integrity check
shellcheck,SC1079,3,SR 2.9 RE 1,RE,SR 2.9,2,0.525962,0.81947,Warn when audit record storage capacity threshold reached
shellcheck,SC1079,4,SR 4.2 RE 1,RE,SR 4.2,4,0.521303,0.780327,Purging of shared memory resources
shellcheck,SC1079,5,SR 2.11 RE 2,RE,SR 2.11,2,0.514018,0.72221,Protection of time source integrity
shellcheck,SC1079,6,SR 1.7 RE 1,RE,SR 1.7,1,0.510727,0.697138,Password generation and lifetime restrictions for human users
shellcheck,SC1080,1,SR 3.5,SR,SR 3.5,3,0.54338,1.0,Input validation
shellcheck,SC1080,2,SR 5.2 RE 3,RE,SR 5.2,5,0.527257,0.847333,Fail close
shellcheck,SC1080,3,SR 7.3,SR,SR 7.3,7,0.511452,0.716731,Control system backup
shellcheck,SC1080,4,SR 2.4 RE 1,RE,SR 2.4,2,0.509652,0.702968,Mobile code integrity check
shellcheck,SC1080,5,SR 5.4,SR,SR 5.4,5,0.508744,0.696106,Application partitioning
shellcheck,SC1080,6,SR 5.1,SR,SR 5.1,5,0.508248,0.692387,Network segmentation
shellcheck,SC1081,1,SR 3.5,SR,SR 3.5,3,0.502381,1.0,Input validation
shellcheck,SC1081,2,SR 2.12 RE 1,RE,SR 2.12,2,0.488617,0.858304,Non-repudiation for all users
shellcheck,SC1081,3,SR 3.7,SR,SR 3.7,3,0.484181,0.816318,Error handling
shellcheck,SC1081,4,SR 5.3 RE 1,RE,SR 5.3,5,0.48104,0.787609,Prohibit all general purpose person-to-person communications
shellcheck,SC1082,1,SR 3.5,SR,SR 3.5,3,0.497905,1.0,Input validation
shellcheck,SC1082,2,SR 3.2 RE 1,RE,SR 3.2,3,0.488887,0.90436,Malicious code protection on entry and exit points
shellcheck,SC1082,3,SR 2.11,SR,SR 2.11,2,0.477047,0.790272,Timestamps
shellcheck,SC1082,4,SR 3.7,SR,SR 3.7,3,0.471397,0.740154,Error handling
shellcheck,SC1083,1,SR 3.5,SR,SR 3.5,3,0.561683,1.0,Input validation
shellcheck,SC1083,2,SR 3.3,SR,SR 3.3,3,0.538932,0.796591,Security functionality verification
shellcheck,SC1083,3,SR 2.4 RE 1,RE,SR 2.4,2,0.537609,0.785891,Mobile code integrity check
shellcheck,SC1083,4,SR 3.3 RE 2,RE,SR 3.3,3,0.529483,0.722741,Security functionality verification during normal operation
shellcheck,SC1083,5,SR 3.3 RE 1,RE,SR 3.3,3,0.524367,0.68516,Automated mechanisms for security functionality verification
shellcheck,SC1084,1,SR 5.2 RE 3,RE,SR 5.2,5,0.483436,1.0,Fail close
shellcheck,SC1084,2,SR 3.5,SR,SR 3.5,3,0.480734,0.969651,Input validation
shellcheck,SC1084,3,SR 3.7,SR,SR 3.7,3,0.472807,0.884913,Error handling
shellcheck,SC1084,4,SR 1.4,SR,SR 1.4,1,0.465921,0.816309,Identifier management
shellcheck,SC1084,5,SR 7.1 RE 1,RE,SR 7.1,7,0.462917,0.787776,Manage communication loads
shellcheck,SC1084,6,SR 2.11,SR,SR 2.11,2,0.461629,0.775803,Timestamps
shellcheck,SC1084,7,SR 2.12 RE 1,RE,SR 2.12,2,0.457545,0.738795,Non-repudiation for all users
shellcheck,SC1084,8,SR 4.2 RE 1,RE,SR 4.2,4,0.451206,0.684221,Purging of shared memory resources
shellcheck,SC1085,1,SR 2.11 RE 2,RE,SR 2.11,2,0.489003,1.0,Protection of time source integrity
shellcheck,SC1085,2,SR 5.2 RE 1,RE,SR 5.2,5,0.484963,0.955396,"Deny by default, allow by exception"
shellcheck,SC1085,3,SR 3.7,SR,SR 3.7,3,0.484293,0.94816,Error handling
shellcheck,SC1085,4,SR 2.11,SR,SR 2.11,2,0.481596,0.919478,Timestamps
shellcheck,SC1085,5,SR 1.11,SR,SR 1.11,1,0.480581,0.908878,Unsuccessful login attempts
shellcheck,SC1085,6,SR 2.12 RE 1,RE,SR 2.12,2,0.480202,0.904938,Non-repudiation for all users
shellcheck,SC1085,7,SR 7.1,SR,SR 7.1,7,0.479376,0.896413,Denial of service protection
shellcheck,SC1085,8,SR 3.2 RE 1,RE,SR 3.2,3,0.474788,0.850225,Malicious code protection on entry and exit points
shellcheck,SC1085,9,SR 7.1 RE 1,RE,SR 7.1,7,0.472999,0.832756,Manage communication loads
shellcheck,SC1085,10,SR 1.4,SR,SR 1.4,1,0.466037,0.767537,Identifier management
shellcheck,SC1086,1,SR 7.1 RE 1,RE,SR 7.1,7,0.47435,1.0,Manage communication loads
shellcheck,SC1086,2,SR 1.4,SR,SR 1.4,1,0.471456,0.966902,Identifier management
shellcheck,SC1086,3,SR 3.5,SR,SR 3.5,3,0.468074,0.929366,Input validation
shellcheck,SC1086,4,SR 1.5 RE 1,RE,SR 1.5,1,0.451501,0.76222,Hardware security for software process identity credentials
shellcheck,SC1087,1,SR 3.5,SR,SR 3.5,3,0.505751,1.0,Input validation
shellcheck,SC1087,2,SR 7.1 RE 1,RE,SR 7.1,7,0.494231,0.880972,Manage communication loads
shellcheck,SC1087,3,SR 5.2 RE 3,RE,SR 5.2,5,0.484996,0.794159,Fail close
shellcheck,SC1087,4,SR 2.11,SR,SR 2.11,2,0.476267,0.718669,Timestamps
shellcheck,SC1087,5,SR 2.9 RE 1,RE,SR 2.9,2,0.476226,0.718329,Warn when audit record storage capacity threshold reached
shellcheck,SC1087,6,SR 1.4,SR,SR 1.4,1,0.47516,0.709528,Identifier management
shellcheck,SC1087,7,SR 5.2 RE 2,RE,SR 5.2,5,0.472154,0.685187,Island mode
shellcheck,SC1087,8,SR 3.7,SR,SR 3.7,3,0.472097,0.684731,Error handling
shellcheck,SC1088,1,SR 3.5,SR,SR 3.5,3,0.569186,1.0,Input validation
shellcheck,SC1089,1,SR 3.5,SR,SR 3.5,3,0.55206,1.0,Input validation
shellcheck,SC1090,1,SR 3.2 RE 1,RE,SR 3.2,3,0.539969,1.0,Malicious code protection on entry and exit points
shellcheck,SC1090,2,SR 2.11 RE 2,RE,SR 2.11,2,0.537618,0.976288,Protection of time source integrity
shellcheck,SC1090,3,SR 7.3,SR,SR 7.3,7,0.53406,0.941283,Control system backup
shellcheck,SC1090,4,SR 2.4 RE 1,RE,SR 2.4,2,0.52454,0.852617,Mobile code integrity check
shellcheck,SC1090,5,SR 2.12 RE 1,RE,SR 2.12,2,0.523642,0.844623,Non-repudiation for all users
shellcheck,SC1090,6,SR 3.7,SR,SR 3.7,3,0.516511,0.783265,Error handling
shellcheck,SC1090,7,SR 2.3 RE 1,RE,SR 2.3,2,0.509787,0.728803,Enforcement of security status of portable and mobile devices
shellcheck,SC1090,8,SR 3.5,SR,SR 3.5,3,0.507855,0.713745,Input validation
shellcheck,SC1090,9,SR 2.4,SR,SR 2.4,2,0.505663,0.696965,Mobile code
shellcheck,SC1091,1,SR 2.4 RE 1,RE,SR 2.4,2,0.578862,1.0,Mobile code integrity check
shellcheck,SC1091,2,SR 3.7,SR,SR 3.7,3,0.564335,0.869548,Error handling
shellcheck,SC1091,3,SR 3.2,SR,SR 3.2,3,0.545432,0.720962,Malicious code protection
shellcheck,SC1091,4,SR 3.4,SR,SR 3.4,3,0.544588,0.71485,Software and information integrity
shellcheck,SC1091,5,SR 2.12 RE 1,RE,SR 2.12,2,0.544473,0.714014,Non-repudiation for all users
shellcheck,SC1091,6,SR 3.2 RE 1,RE,SR 3.2,3,0.543918,0.710022,Malicious code protection on entry and exit points
shellcheck,SC1091,7,SR 1.11,SR,SR 1.11,1,0.543112,0.704258,Unsuccessful login attempts
shellcheck,SC1091,8,SR 3.3,SR,SR 3.3,3,0.542281,0.698347,Security functionality verification
shellcheck,SC1091,9,SR 2.4,SR,SR 2.4,2,0.542225,0.697957,Mobile code
shellcheck,SC1091,10,SR 1.5 RE 1,RE,SR 1.5,1,0.539691,0.6802,Hardware security for software process identity credentials
shellcheck,SC1092,1,SR 4.2 RE 1,RE,SR 4.2,4,0.553765,1.0,Purging of shared memory resources
shellcheck,SC1092,2,SR 2.4,SR,SR 2.4,2,0.546176,0.926913,Mobile code
shellcheck,SC1092,3,SR 7.1 RE 1,RE,SR 7.1,7,0.542583,0.893871,Manage communication loads
shellcheck,SC1092,4,SR 3.2 RE 1,RE,SR 3.2,3,0.540813,0.877948,Malicious code protection on entry and exit points
shellcheck,SC1092,5,SR 2.7,SR,SR 2.7,2,0.540683,0.876787,Concurrent session control
shellcheck,SC1092,6,SR 3.7,SR,SR 3.7,3,0.538561,0.858034,Error handling
shellcheck,SC1092,7,SR 5.4,SR,SR 5.4,5,0.536199,0.837535,Application partitioning
shellcheck,SC1092,8,SR 2.4 RE 1,RE,SR 2.4,2,0.534759,0.825239,Mobile code integrity check
shellcheck,SC1092,9,SR 1.11,SR,SR 1.11,1,0.534285,0.821228,Unsuccessful login attempts
shellcheck,SC1092,10,SR 3.2,SR,SR 3.2,3,0.531755,0.800065,Malicious code protection
shellcheck,SC1094,1,SR 3.7,SR,SR 3.7,3,0.50248,1.0,Error handling
shellcheck,SC1094,2,SR 2.4 RE 1,RE,SR 2.4,2,0.491886,0.889413,Mobile code integrity check
shellcheck,SC1094,3,SR 5.2 RE 3,RE,SR 5.2,5,0.487104,0.842886,Fail close
shellcheck,SC1094,4,SR 1.11,SR,SR 1.11,1,0.484225,0.815845,Unsuccessful login attempts
shellcheck,SC1094,5,SR 2.10,SR,SR 2.10,2,0.483088,0.80536,Response to audit processing failures
shellcheck,SC1094,6,SR 3.4,SR,SR 3.4,3,0.482983,0.804397,Software and information integrity
shellcheck,SC1094,7,SR 2.4,SR,SR 2.4,2,0.481814,0.793751,Mobile code
shellcheck,SC1094,8,SR 3.3,SR,SR 3.3,3,0.479583,0.773747,Security functionality verification
shellcheck,SC1094,9,SR 2.11 RE 2,RE,SR 2.11,2,0.477784,0.75792,Protection of time source integrity
shellcheck,SC1094,10,SR 3.5,SR,SR 3.5,3,0.47678,0.749194,Input validation
shellcheck,SC1095,1,SR 5.2 RE 3,RE,SR 5.2,5,0.534421,1.0,Fail close
shellcheck,SC1095,2,SR 3.3,SR,SR 3.3,3,0.513286,0.800972,Security functionality verification
shellcheck,SC1095,3,SR 3.5,SR,SR 3.5,3,0.507229,0.750348,Input validation
shellcheck,SC1097,1,SR 3.5,SR,SR 3.5,3,0.494939,1.0,Input validation
shellcheck,SC1097,2,SR 3.6,SR,SR 3.6,3,0.491368,0.960954,Deterministic output
shellcheck,SC1097,3,SR 3.7,SR,SR 3.7,3,0.485865,0.903235,Error handling
shellcheck,SC1097,4,SR 7.5,SR,SR 7.5,7,0.479369,0.838788,Emergency power
shellcheck,SC1097,5,SR 2.12 RE 1,RE,SR 2.12,2,0.478465,0.83012,Non-repudiation for all users
shellcheck,SC1097,6,SR 3.3,SR,SR 3.3,3,0.473371,0.782662,Security functionality verification
shellcheck,SC1097,7,SR 5.2 RE 3,RE,SR 5.2,5,0.465089,0.710257,Fail close
shellcheck,SC1097,8,SR 7.3,SR,SR 7.3,7,0.463927,0.700555,Control system backup
shellcheck,SC1097,9,SR 3.3 RE 2,RE,SR 3.3,3,0.463776,0.699295,Security functionality verification during normal operation
shellcheck,SC1097,10,SR 1.11,SR,SR 1.11,1,0.462965,0.692597,Unsuccessful login attempts
shellcheck,SC1098,1,SR 3.5,SR,SR 3.5,3,0.516236,1.0,Input validation
shellcheck,SC1098,2,SR 3.7,SR,SR 3.7,3,0.51099,0.945378,Error handling
shellcheck,SC1098,3,SR 3.2 RE 1,RE,SR 3.2,3,0.50826,0.917928,Malicious code protection on entry and exit points
shellcheck,SC1098,4,SR 3.6,SR,SR 3.6,3,0.492762,0.774174,Deterministic output
shellcheck,SC1098,5,SR 1.7,SR,SR 1.7,1,0.491244,0.761147,Strength of password-based authentication
shellcheck,SC1098,6,SR 3.3,SR,SR 3.3,3,0.490379,0.753812,Security functionality verification
shellcheck,SC1098,7,SR 1.7 RE 1,RE,SR 1.7,1,0.489705,0.748131,Password generation and lifetime restrictions for human users
shellcheck,SC1098,8,SR 3.2,SR,SR 3.2,3,0.489485,0.74628,Malicious code protection
shellcheck,SC1098,9,SR 1.11,SR,SR 1.11,1,0.484939,0.708951,Unsuccessful login attempts
shellcheck,SC1099,1,SR 2.11,SR,SR 2.11,2,0.541753,1.0,Timestamps
shellcheck,SC1099,2,SR 2.11 RE 2,RE,SR 2.11,2,0.523314,0.826582,Protection of time source integrity
shellcheck,SC1099,3,SR 2.11 RE 1,RE,SR 2.11,2,0.519118,0.790781,Internal time synchronization
shellcheck,SC1099,4,SR 1.11,SR,SR 1.11,1,0.514195,0.750408,Unsuccessful login attempts
shellcheck,SC1099,5,SR 3.3,SR,SR 3.3,3,0.506885,0.69358,Security functionality verification
shellcheck,SC1100,1,SR 2.4,SR,SR 2.4,2,0.511701,1.0,Mobile code
shellcheck,SC1100,2,SR 1.4,SR,SR 1.4,1,0.505085,0.93093,Identifier management
shellcheck,SC1100,3,SR 3.5,SR,SR 3.5,3,0.502449,0.904519,Input validation
shellcheck,SC1100,4,SR 3.2 RE 1,RE,SR 3.2,3,0.497733,0.858799,Malicious code protection on entry and exit points
shellcheck,SC1100,5,SR 3.7,SR,SR 3.7,3,0.492027,0.806026,Error handling
shellcheck,SC1100,6,SR 2.4 RE 1,RE,SR 2.4,2,0.490974,0.796583,Mobile code integrity check
shellcheck,SC1100,7,SR 3.2 RE 2,RE,SR 3.2,3,0.485452,0.748536,Central management and reporting for malicious code protection
shellcheck,SC1100,8,SR 3.3,SR,SR 3.3,3,0.480905,0.710783,Security functionality verification
shellcheck,SC1101,1,SR 3.5,SR,SR 3.5,3,0.495103,1.0,Input validation
shellcheck,SC1101,2,SR 3.8 RE 1,RE,SR 3.8,3,0.465067,0.708776,Invalidation of session IDs after session termination
shellcheck,SC1102,1,SR 3.5,SR,SR 3.5,3,0.500274,1.0,Input validation
shellcheck,SC1102,2,SR 3.7,SR,SR 3.7,3,0.49255,0.917982,Error handling
shellcheck,SC1102,3,SR 2.11,SR,SR 2.11,2,0.48051,0.801161,Timestamps
shellcheck,SC1102,4,SR 5.2 RE 1,RE,SR 5.2,5,0.47435,0.746277,"Deny by default, allow by exception"
shellcheck,SC1102,5,SR 1.4,SR,SR 1.4,1,0.472104,0.727048,Identifier management
shellcheck,SC1102,6,SR 3.3,SR,SR 3.3,3,0.471188,0.719327,Security functionality verification
shellcheck,SC1102,7,SR 3.3 RE 1,RE,SR 3.3,3,0.466682,0.682295,Automated mechanisms for security functionality verification
shellcheck,SC1103,1,SR 3.7,SR,SR 3.7,3,0.516323,1.0,Error handling
shellcheck,SC1103,2,SR 7.1 RE 1,RE,SR 7.1,7,0.498986,0.828741,Manage communication loads
shellcheck,SC1103,3,SR 7.3,SR,SR 7.3,7,0.490319,0.752601,Control system backup
shellcheck,SC1103,4,SR 7.7,SR,SR 7.7,7,0.489162,0.742885,Least functionality
shellcheck,SC1103,5,SR 2.3 RE 1,RE,SR 2.3,2,0.487457,0.728755,Enforcement of security status of portable and mobile devices
shellcheck,SC1103,6,SR 7.1,SR,SR 7.1,7,0.485249,0.710785,Denial of service protection
shellcheck,SC1103,7,SR 7.6 RE 1,RE,SR 7.6,7,0.48417,0.702138,Machine-readable reporting of current security settings
shellcheck,SC1103,8,SR 3.3,SR,SR 3.3,3,0.482773,0.691069,Security functionality verification
shellcheck,SC1103,9,SR 3.2 RE 1,RE,SR 3.2,3,0.482513,0.689024,Malicious code protection on entry and exit points
shellcheck,SC1103,10,SR 5.2 RE 3,RE,SR 5.2,5,0.481784,0.683318,Fail close
shellcheck,SC1104,1,SR 5.2 RE 3,RE,SR 5.2,5,0.491907,1.0,Fail close
shellcheck,SC1104,2,SR 7.1 RE 1,RE,SR 7.1,7,0.479518,0.869103,Manage communication loads
shellcheck,SC1104,3,SR 3.7,SR,SR 3.7,3,0.476508,0.839517,Error handling
shellcheck,SC1104,4,SR 1.4,SR,SR 1.4,1,0.475828,0.832953,Identifier management
shellcheck,SC1104,5,SR 3.5,SR,SR 3.5,3,0.472846,0.804646,Input validation
shellcheck,SC1104,6,SR 2.11,SR,SR 2.11,2,0.467321,0.754274,Timestamps
shellcheck,SC1104,7,SR 4.2 RE 1,RE,SR 4.2,4,0.463282,0.719109,Purging of shared memory resources
shellcheck,SC1104,8,SR 3.2 RE 1,RE,SR 3.2,3,0.46304,0.717041,Malicious code protection on entry and exit points
shellcheck,SC1104,9,SR 1.12,SR,SR 1.12,1,0.462697,0.714129,System use notification
shellcheck,SC1105,1,SR 3.5,SR,SR 3.5,3,0.491768,1.0,Input validation
shellcheck,SC1105,2,SR 1.4,SR,SR 1.4,1,0.48864,0.965511,Identifier management
shellcheck,SC1105,3,SR 1.5 RE 1,RE,SR 1.5,1,0.488597,0.965044,Hardware security for software process identity credentials
shellcheck,SC1105,4,SR 3.3,SR,SR 3.3,3,0.485552,0.932426,Security functionality verification
shellcheck,SC1105,5,SR 5.2 RE 2,RE,SR 5.2,5,0.480606,0.881369,Island mode
shellcheck,SC1105,6,SR 3.7,SR,SR 3.7,3,0.479402,0.869291,Error handling
shellcheck,SC1105,7,SR 5.2 RE 3,RE,SR 5.2,5,0.476806,0.84372,Fail close
shellcheck,SC1105,8,SR 7.1,SR,SR 7.1,7,0.474397,0.820533,Denial of service protection
shellcheck,SC1105,9,SR 1.11,SR,SR 1.11,1,0.46926,0.772845,Unsuccessful login attempts
shellcheck,SC1105,10,SR 2.11,SR,SR 2.11,2,0.467955,0.761099,Timestamps
shellcheck,SC1106,1,SR 3.5,SR,SR 3.5,3,0.544848,1.0,Input validation
shellcheck,SC1106,2,SR 3.6,SR,SR 3.6,3,0.5247,0.812826,Deterministic output
shellcheck,SC1106,3,SR 3.7,SR,SR 3.7,3,0.508774,0.68608,Error handling
shellcheck,SC1107,1,SR 3.7,SR,SR 3.7,3,0.552519,1.0,Error handling
shellcheck,SC1107,2,SR 3.5,SR,SR 3.5,3,0.541151,0.891953,Input validation
shellcheck,SC1107,3,SR 2.12 RE 1,RE,SR 2.12,2,0.535767,0.844225,Non-repudiation for all users
shellcheck,SC1107,4,SR 2.4 RE 1,RE,SR 2.4,2,0.525436,0.758491,Mobile code integrity check
shellcheck,SC1107,5,SR 3.3,SR,SR 3.3,3,0.523928,0.746593,Security functionality verification
shellcheck,SC1107,6,SR 3.2 RE 1,RE,SR 3.2,3,0.520396,0.719328,Malicious code protection on entry and exit points
shellcheck,SC1107,7,SR 5.2 RE 3,RE,SR 5.2,5,0.519994,0.716275,Fail close
shellcheck,SC1107,8,SR 7.7,SR,SR 7.7,7,0.517901,0.700563,Least functionality
shellcheck,SC1108,1,SR 3.5,SR,SR 3.5,3,0.516696,1.0,Input validation
shellcheck,SC1108,2,SR 2.4 RE 1,RE,SR 2.4,2,0.496356,0.8018,Mobile code integrity check
shellcheck,SC1108,3,SR 3.2 RE 1,RE,SR 3.2,3,0.494014,0.781213,Malicious code protection on entry and exit points
shellcheck,SC1108,4,SR 3.3,SR,SR 3.3,3,0.493461,0.776419,Security functionality verification
shellcheck,SC1108,5,SR 5.2 RE 3,RE,SR 5.2,5,0.487752,0.728279,Fail close
shellcheck,SC1108,6,SR 3.7,SR,SR 3.7,3,0.482278,0.684451,Error handling
shellcheck,SC1109,1,SR 3.2 RE 1,RE,SR 3.2,3,0.512876,1.0,Malicious code protection on entry and exit points
shellcheck,SC1109,2,SR 3.7,SR,SR 3.7,3,0.505507,0.923484,Error handling
shellcheck,SC1109,3,SR 2.11 RE 2,RE,SR 2.11,2,0.489201,0.771101,Protection of time source integrity
shellcheck,SC1109,4,SR 3.5,SR,SR 3.5,3,0.485715,0.74136,Input validation
shellcheck,SC1109,5,SR 1.11,SR,SR 1.11,1,0.478796,0.685112,Unsuccessful login attempts
shellcheck,SC1109,6,SR 3.2,SR,SR 3.2,3,0.478509,0.68285,Malicious code protection
shellcheck,SC1110,1,SR 3.5,SR,SR 3.5,3,0.519528,1.0,Input validation
shellcheck,SC1110,2,SR 3.2 RE 1,RE,SR 3.2,3,0.491262,0.735144,Malicious code protection on entry and exit points
shellcheck,SC1111,1,SR 3.5,SR,SR 3.5,3,0.521388,1.0,Input validation
shellcheck,SC1111,2,SR 3.2 RE 1,RE,SR 3.2,3,0.487123,0.688062,Malicious code protection on entry and exit points
shellcheck,SC1112,1,SR 3.5,SR,SR 3.5,3,0.519118,1.0,Input validation
shellcheck,SC1112,2,SR 3.2 RE 1,RE,SR 3.2,3,0.488706,0.717462,Malicious code protection on entry and exit points
shellcheck,SC1113,1,SR 5.2 RE 3,RE,SR 5.2,5,0.480505,1.0,Fail close
shellcheck,SC1113,2,SR 3.5,SR,SR 3.5,3,0.474865,0.93713,Input validation
shellcheck,SC1113,3,SR 2.11,SR,SR 2.11,2,0.466255,0.84741,Timestamps
shellcheck,SC1113,4,SR 7.1 RE 1,RE,SR 7.1,7,0.46521,0.837014,Manage communication loads
shellcheck,SC1113,5,SR 3.7,SR,SR 3.7,3,0.465143,0.836357,Error handling
shellcheck,SC1113,6,SR 2.12 RE 1,RE,SR 2.12,2,0.461307,0.799113,Non-repudiation for all users
shellcheck,SC1113,7,SR 1.12,SR,SR 1.12,1,0.448793,0.686937,System use notification
shellcheck,SC1114,1,SR 3.5,SR,SR 3.5,3,0.449585,1.0,Input validation
shellcheck,SC1114,2,SR 7.6 RE 1,RE,SR 7.6,7,0.440096,0.889294,Machine-readable reporting of current security settings
shellcheck,SC1114,3,SR 4.2 RE 1,RE,SR 4.2,4,0.436323,0.848167,Purging of shared memory resources
shellcheck,SC1114,4,SR 3.2 RE 1,RE,SR 3.2,3,0.434148,0.825169,Malicious code protection on entry and exit points
shellcheck,SC1114,5,SR 2.11,SR,SR 2.11,2,0.430758,0.790344,Timestamps
shellcheck,SC1114,6,SR 5.2 RE 3,RE,SR 5.2,5,0.422789,0.713205,Fail close
shellcheck,SC1115,1,SR 3.5,SR,SR 3.5,3,0.464006,1.0,Input validation
shellcheck,SC1115,2,SR 2.11,SR,SR 2.11,2,0.446712,0.811472,Timestamps
shellcheck,SC1115,3,SR 4.2 RE 1,RE,SR 4.2,4,0.440989,0.755916,Purging of shared memory resources
shellcheck,SC1115,4,SR 7.6 RE 1,RE,SR 7.6,7,0.439482,0.741817,Machine-readable reporting of current security settings
shellcheck,SC1115,5,SR 5.4,SR,SR 5.4,5,0.438878,0.736224,Application partitioning
shellcheck,SC1115,6,SR 5.2 RE 3,RE,SR 5.2,5,0.432897,0.682705,Fail close
shellcheck,SC1116,1,SR 3.5,SR,SR 3.5,3,0.507962,1.0,Input validation
shellcheck,SC1116,2,SR 3.7,SR,SR 3.7,3,0.485465,0.779462,Error handling
shellcheck,SC1116,3,SR 3.3,SR,SR 3.3,3,0.482877,0.756882,Security functionality verification
shellcheck,SC1117,1,SR 5.2 RE 3,RE,SR 5.2,5,0.502346,1.0,Fail close
shellcheck,SC1117,2,SR 3.5,SR,SR 3.5,3,0.499079,0.964753,Input validation
shellcheck,SC1117,3,SR 3.2 RE 1,RE,SR 3.2,3,0.498,0.953333,Malicious code protection on entry and exit points
shellcheck,SC1117,4,SR 3.6,SR,SR 3.6,3,0.47863,0.766454,Deterministic output
shellcheck,SC1117,5,SR 7.6 RE 1,RE,SR 7.6,7,0.477672,0.758054,Machine-readable reporting of current security settings
shellcheck,SC1117,6,SR 1.7 RE 1,RE,SR 1.7,1,0.477628,0.757665,Password generation and lifetime restrictions for human users
shellcheck,SC1117,7,SR 1.5 RE 1,RE,SR 1.5,1,0.476852,0.750918,Hardware security for software process identity credentials
shellcheck,SC1117,8,SR 1.11,SR,SR 1.11,1,0.474622,0.731806,Unsuccessful login attempts
shellcheck,SC1117,9,SR 3.3,SR,SR 3.3,3,0.472875,0.717114,Security functionality verification
shellcheck,SC1117,10,SR 2.11,SR,SR 2.11,2,0.471085,0.702317,Timestamps
shellcheck,SC1118,1,SR 4.2,SR,SR 4.2,4,0.484234,1.0,Information persistence
shellcheck,SC1118,2,SR 4.2 RE 1,RE,SR 4.2,4,0.478972,0.941684,Purging of shared memory resources
shellcheck,SC1118,3,SR 2.11,SR,SR 2.11,2,0.468214,0.831075,Timestamps
shellcheck,SC1118,4,SR 3.8 RE 1,RE,SR 3.8,3,0.463083,0.782209,Invalidation of session IDs after session termination
shellcheck,SC1118,5,SR 3.5,SR,SR 3.5,3,0.46279,0.77949,Input validation
shellcheck,SC1118,6,SR 2.11 RE 2,RE,SR 2.11,2,0.461257,0.765396,Protection of time source integrity
shellcheck,SC1118,7,SR 2.9 RE 1,RE,SR 2.9,2,0.457868,0.734966,Warn when audit record storage capacity threshold reached
shellcheck,SC1119,1,SR 5.2 RE 3,RE,SR 5.2,5,0.550675,1.0,Fail close
shellcheck,SC1119,2,SR 3.5,SR,SR 3.5,3,0.530548,0.814821,Input validation
shellcheck,SC1119,3,SR 2.11,SR,SR 2.11,2,0.518531,0.718352,Timestamps
shellcheck,SC1120,1,SR 2.11,SR,SR 2.11,2,0.510888,1.0,Timestamps
shellcheck,SC1120,2,SR 5.2 RE 3,RE,SR 5.2,5,0.510608,0.99699,Fail close
shellcheck,SC1120,3,SR 1.7 RE 1,RE,SR 1.7,1,0.509749,0.987795,Password generation and lifetime restrictions for human users
shellcheck,SC1120,4,SR 3.7,SR,SR 3.7,3,0.506232,0.95089,Error handling
shellcheck,SC1120,5,SR 1.10,SR,SR 1.10,1,0.500563,0.893775,Authenticator feedback
shellcheck,SC1120,6,SR 3.5,SR,SR 3.5,3,0.498053,0.869402,Input validation
shellcheck,SC1120,7,SR 1.11,SR,SR 1.11,1,0.495396,0.8442,Unsuccessful login attempts
shellcheck,SC1120,8,SR 7.6 RE 1,RE,SR 7.6,7,0.494966,0.840181,Machine-readable reporting of current security settings
shellcheck,SC1120,9,SR 3.9 RE 1,RE,SR 3.9,3,0.492715,0.819374,Audit records on write-once media
shellcheck,SC1120,10,SR 3.2 RE 1,RE,SR 3.2,3,0.490492,0.799249,Malicious code protection on entry and exit points
shellcheck,SC1121,1,SR 5.2 RE 3,RE,SR 5.2,5,0.53271,1.0,Fail close
shellcheck,SC1121,2,SR 7.1,SR,SR 7.1,7,0.526591,0.938427,Denial of service protection
shellcheck,SC1121,3,SR 3.2 RE 1,RE,SR 3.2,3,0.519228,0.868499,Malicious code protection on entry and exit points
shellcheck,SC1121,4,SR 2.11,SR,SR 2.11,2,0.517687,0.854415,Timestamps
shellcheck,SC1121,5,SR 1.11,SR,SR 1.11,1,0.507379,0.764938,Unsuccessful login attempts
shellcheck,SC1121,6,SR 5.2 RE 1,RE,SR 5.2,5,0.506294,0.755985,"Deny by default, allow by exception"
shellcheck,SC1121,7,SR 3.7,SR,SR 3.7,3,0.49843,0.693621,Error handling
shellcheck,SC1122,1,SR 5.2 RE 3,RE,SR 5.2,5,0.553052,1.0,Fail close
shellcheck,SC1122,2,SR 1.11,SR,SR 1.11,1,0.53546,0.837122,Unsuccessful login attempts
shellcheck,SC1123,1,SR 3.5,SR,SR 3.5,3,0.566871,1.0,Input validation
shellcheck,SC1123,2,SR 3.6,SR,SR 3.6,3,0.545294,0.807799,Deterministic output
shellcheck,SC1123,3,SR 5.2 RE 2,RE,SR 5.2,5,0.535035,0.727673,Island mode
shellcheck,SC1123,4,SR 2.4 RE 1,RE,SR 2.4,2,0.531322,0.700335,Mobile code integrity check
shellcheck,SC1123,5,SR 3.3 RE 2,RE,SR 3.3,3,0.528832,0.682473,Security functionality verification during normal operation
shellcheck,SC1124,1,SR 3.7,SR,SR 3.7,3,0.572685,1.0,Error handling
shellcheck,SC1124,2,SR 3.5,SR,SR 3.5,3,0.562711,0.907886,Input validation
shellcheck,SC1124,3,SR 1.11,SR,SR 1.11,1,0.561537,0.897522,Unsuccessful login attempts
shellcheck,SC1124,4,SR 5.2 RE 3,RE,SR 5.2,5,0.560879,0.891751,Fail close
shellcheck,SC1124,5,SR 2.12 RE 1,RE,SR 2.12,2,0.558197,0.86855,Non-repudiation for all users
shellcheck,SC1124,6,SR 3.2 RE 1,RE,SR 3.2,3,0.553844,0.831946,Malicious code protection on entry and exit points
shellcheck,SC1124,7,SR 2.4 RE 1,RE,SR 2.4,2,0.549362,0.795582,Mobile code integrity check
shellcheck,SC1125,1,SR 3.5,SR,SR 3.5,3,0.534808,1.0,Input validation
shellcheck,SC1125,2,SR 1.11,SR,SR 1.11,1,0.52267,0.881377,Unsuccessful login attempts
shellcheck,SC1125,3,SR 3.7,SR,SR 3.7,3,0.522461,0.879437,Error handling
shellcheck,SC1125,4,SR 2.4 RE 1,RE,SR 2.4,2,0.507454,0.749186,Mobile code integrity check
shellcheck,SC1125,5,SR 3.2 RE 1,RE,SR 3.2,3,0.506103,0.738281,Malicious code protection on entry and exit points
shellcheck,SC1125,6,SR 2.4,SR,SR 2.4,2,0.500827,0.696934,Mobile code
shellcheck,SC1126,1,SR 3.7,SR,SR 3.7,3,0.504023,1.0,Error handling
shellcheck,SC1126,2,SR 3.2 RE 1,RE,SR 3.2,3,0.498373,0.93988,Malicious code protection on entry and exit points
shellcheck,SC1126,3,SR 1.13 RE 1,RE,SR 1.13,1,0.497217,0.927958,Explicit access request approval
shellcheck,SC1126,4,SR 2.4 RE 1,RE,SR 2.4,2,0.49552,0.910667,Mobile code integrity check
shellcheck,SC1126,5,SR 7.7,SR,SR 7.7,7,0.494221,0.897614,Least functionality
shellcheck,SC1126,6,SR 3.5,SR,SR 3.5,3,0.492928,0.884777,Input validation
shellcheck,SC1126,7,SR 3.2,SR,SR 3.2,3,0.492616,0.881701,Malicious code protection
shellcheck,SC1126,8,SR 4.2 RE 1,RE,SR 4.2,4,0.489568,0.85211,Purging of shared memory resources
shellcheck,SC1126,9,SR 3.6,SR,SR 3.6,3,0.489235,0.848928,Deterministic output
shellcheck,SC1126,10,SR 3.3,SR,SR 3.3,3,0.489155,0.848166,Security functionality verification
shellcheck,SC1127,1,SR 3.5,SR,SR 3.5,3,0.530959,1.0,Input validation
shellcheck,SC1127,2,SR 2.11,SR,SR 2.11,2,0.516292,0.857216,Timestamps
shellcheck,SC1127,3,SR 3.2 RE 1,RE,SR 3.2,3,0.509883,0.800298,Malicious code protection on entry and exit points
shellcheck,SC1127,4,SR 5.2 RE 3,RE,SR 5.2,5,0.502806,0.741088,Fail close
shellcheck,SC1128,1,SR 4.2 RE 1,RE,SR 4.2,4,0.522846,1.0,Purging of shared memory resources
shellcheck,SC1128,2,SR 3.5,SR,SR 3.5,3,0.511485,0.886184,Input validation
shellcheck,SC1128,3,SR 2.11,SR,SR 2.11,2,0.497191,0.758267,Timestamps
shellcheck,SC1128,4,SR 2.12 RE 1,RE,SR 2.12,2,0.496028,0.748565,Non-repudiation for all users
shellcheck,SC1128,5,SR 3.2 RE 1,RE,SR 3.2,3,0.49569,0.745756,Malicious code protection on entry and exit points
shellcheck,SC1128,6,SR 4.2,SR,SR 4.2,4,0.492747,0.721727,Information persistence
shellcheck,SC1128,7,SR 2.4 RE 1,RE,SR 2.4,2,0.488291,0.686558,Mobile code integrity check
shellcheck,SC1129,1,SR 5.2 RE 3,RE,SR 5.2,5,0.522417,1.0,Fail close
shellcheck,SC1129,2,SR 1.11,SR,SR 1.11,1,0.52165,0.991952,Unsuccessful login attempts
shellcheck,SC1129,3,SR 3.5,SR,SR 3.5,3,0.50464,0.826622,Input validation
shellcheck,SC1129,4,SR 2.9 RE 1,RE,SR 2.9,2,0.500762,0.79228,Warn when audit record storage capacity threshold reached
shellcheck,SC1129,5,SR 5.4,SR,SR 5.4,5,0.497753,0.766447,Application partitioning
shellcheck,SC1129,6,SR 2.4 RE 1,RE,SR 2.4,2,0.492136,0.720067,Mobile code integrity check
shellcheck,SC1129,7,SR 3.6,SR,SR 3.6,3,0.49138,0.714007,Deterministic output
shellcheck,SC1130,1,SR 5.2 RE 3,RE,SR 5.2,5,0.521827,1.0,Fail close
shellcheck,SC1130,2,SR 2.4 RE 1,RE,SR 2.4,2,0.521632,0.997949,Mobile code integrity check
shellcheck,SC1130,3,SR 1.11,SR,SR 1.11,1,0.519313,0.973791,Unsuccessful login attempts
shellcheck,SC1130,4,SR 3.6,SR,SR 3.6,3,0.512444,0.905025,Deterministic output
shellcheck,SC1130,5,SR 3.2 RE 1,RE,SR 3.2,3,0.508761,0.869822,Malicious code protection on entry and exit points
shellcheck,SC1130,6,SR 2.11,SR,SR 2.11,2,0.505605,0.840557,Timestamps
shellcheck,SC1130,7,SR 3.3,SR,SR 3.3,3,0.50152,0.80388,Security functionality verification
shellcheck,SC1130,8,SR 3.5,SR,SR 3.5,3,0.499568,0.786821,Input validation
shellcheck,SC1130,9,SR 2.4,SR,SR 2.4,2,0.499556,0.786718,Mobile code
shellcheck,SC1130,10,SR 3.3 RE 1,RE,SR 3.3,3,0.49851,0.777703,Automated mechanisms for security functionality verification
shellcheck,SC1131,1,SR 3.7,SR,SR 3.7,3,0.476527,1.0,Error handling
shellcheck,SC1131,2,SR 3.6,SR,SR 3.6,3,0.474997,0.982468,Deterministic output
shellcheck,SC1131,3,SR 5.2 RE 3,RE,SR 5.2,5,0.472036,0.949256,Fail close
shellcheck,SC1131,4,SR 3.5,SR,SR 3.5,3,0.463837,0.862041,Input validation
shellcheck,SC1131,5,SR 3.2 RE 1,RE,SR 3.2,3,0.459486,0.81849,Malicious code protection on entry and exit points
shellcheck,SC1131,6,SR 1.11,SR,SR 1.11,1,0.456071,0.785593,Unsuccessful login attempts
shellcheck,SC1131,7,SR 3.3 RE 2,RE,SR 3.3,3,0.449734,0.727404,Security functionality verification during normal operation
shellcheck,SC1131,8,SR 2.12 RE 1,RE,SR 2.12,2,0.449214,0.722788,Non-repudiation for all users
shellcheck,SC1131,9,SR 3.8 RE 3,RE,SR 3.8,3,0.44783,0.710627,Randomness of session IDs
shellcheck,SC1131,10,SR 2.4 RE 1,RE,SR 2.4,2,0.444459,0.681698,Mobile code integrity check
shellcheck,SC1132,1,SR 5.2 RE 3,RE,SR 5.2,5,0.530798,1.0,Fail close
shellcheck,SC1132,2,SR 3.2 RE 1,RE,SR 3.2,3,0.5254,0.94534,Malicious code protection on entry and exit points
shellcheck,SC1132,3,SR 4.2 RE 1,RE,SR 4.2,4,0.522322,0.915274,Purging of shared memory resources
shellcheck,SC1132,4,SR 4.2,SR,SR 4.2,4,0.517103,0.866095,Information persistence
shellcheck,SC1132,5,SR 3.5,SR,SR 3.5,3,0.514817,0.84524,Input validation
shellcheck,SC1132,6,SR 5.3 RE 1,RE,SR 5.3,5,0.513988,0.837788,Prohibit all general purpose person-to-person communications
shellcheck,SC1132,7,SR 5.2 RE 2,RE,SR 5.2,5,0.512739,0.82665,Island mode
shellcheck,SC1132,8,SR 2.11,SR,SR 2.11,2,0.511261,0.813625,Timestamps
shellcheck,SC1132,9,SR 3.7,SR,SR 3.7,3,0.510987,0.811228,Error handling
shellcheck,SC1132,10,SR 2.6,SR,SR 2.6,2,0.50971,0.800146,Remote session termination
shellcheck,SC1133,1,SR 5.2 RE 3,RE,SR 5.2,5,0.531241,1.0,Fail close
shellcheck,SC1133,2,SR 3.2 RE 1,RE,SR 3.2,3,0.529554,0.98265,Malicious code protection on entry and exit points
shellcheck,SC1133,3,SR 3.7,SR,SR 3.7,3,0.519519,0.88451,Error handling
shellcheck,SC1133,4,SR 3.5,SR,SR 3.5,3,0.504885,0.755882,Input validation
shellcheck,SC1133,5,SR 1.11,SR,SR 1.11,1,0.502862,0.739372,Unsuccessful login attempts
shellcheck,SC1134,1,SR 2.11,SR,SR 2.11,2,0.477325,1.0,Timestamps
shellcheck,SC1134,2,SR 3.3,SR,SR 3.3,3,0.473625,0.958104,Security functionality verification
shellcheck,SC1134,3,SR 3.2 RE 1,RE,SR 3.2,3,0.47124,0.931862,Malicious code protection on entry and exit points
shellcheck,SC1134,4,SR 1.11,SR,SR 1.11,1,0.466955,0.886205,Unsuccessful login attempts
shellcheck,SC1134,5,SR 4.1 RE 2,RE,SR 4.1,4,0.465161,0.867646,Protection of confidentiality across zone boundaries
shellcheck,SC1134,6,SR 2.11 RE 2,RE,SR 2.11,2,0.46445,0.860369,Protection of time source integrity
shellcheck,SC1134,7,SR 1.13 RE 1,RE,SR 1.13,1,0.464191,0.857734,Explicit access request approval
shellcheck,SC1134,8,SR 2.11 RE 1,RE,SR 2.11,2,0.46367,0.852454,Internal time synchronization
shellcheck,SC1134,9,SR 7.1,SR,SR 7.1,7,0.46102,0.826006,Denial of service protection
shellcheck,SC1134,10,SR 2.3 RE 1,RE,SR 2.3,2,0.460766,0.823502,Enforcement of security status of portable and mobile devices
shellcheck,SC1135,1,SR 3.5,SR,SR 3.5,3,0.50432,1.0,Input validation
shellcheck,SC1135,2,SR 5.2 RE 3,RE,SR 5.2,5,0.481073,0.771391,Fail close
shellcheck,SC1135,3,SR 3.2 RE 1,RE,SR 3.2,3,0.474783,0.717526,Malicious code protection on entry and exit points
shellcheck,SC1136,1,SR 3.5,SR,SR 3.5,3,0.50986,1.0,Input validation
shellcheck,SC1136,2,SR 3.7,SR,SR 3.7,3,0.501407,0.912149,Error handling
shellcheck,SC1136,3,SR 5.2 RE 3,RE,SR 5.2,5,0.495625,0.855783,Fail close
shellcheck,SC1136,4,SR 7.3 RE 1,RE,SR 7.3,7,0.487255,0.779254,Backup verification
shellcheck,SC1136,5,SR 3.2 RE 1,RE,SR 3.2,3,0.482909,0.741781,Malicious code protection on entry and exit points
shellcheck,SC1136,6,SR 3.8 RE 1,RE,SR 3.8,3,0.482684,0.739883,Invalidation of session IDs after session termination
shellcheck,SC1136,7,SR 1.7 RE 1,RE,SR 1.7,1,0.480164,0.718891,Password generation and lifetime restrictions for human users
shellcheck,SC1137,1,SR 2.11,SR,SR 2.11,2,0.492628,1.0,Timestamps
shellcheck,SC1137,2,SR 3.8 RE 2,RE,SR 3.8,3,0.492179,0.995,Unique session ID generation
shellcheck,SC1137,3,SR 2.4 RE 1,RE,SR 2.4,2,0.485715,0.925218,Mobile code integrity check
shellcheck,SC1137,4,SR 2.11 RE 1,RE,SR 2.11,2,0.482511,0.89215,Internal time synchronization
shellcheck,SC1137,5,SR 3.7,SR,SR 3.7,3,0.478913,0.856169,Error handling
shellcheck,SC1137,6,SR 3.5,SR,SR 3.5,3,0.476476,0.832478,Input validation
shellcheck,SC1137,7,SR 3.8,SR,SR 3.8,3,0.465351,0.73104,Session integrity
shellcheck,SC1137,8,SR 1.11,SR,SR 1.11,1,0.46375,0.717314,Unsuccessful login attempts
shellcheck,SC1137,9,SR 3.8 RE 3,RE,SR 3.8,3,0.463416,0.714479,Randomness of session IDs
shellcheck,SC1137,10,SR 2.11 RE 2,RE,SR 2.11,2,0.462806,0.709316,Protection of time source integrity
shellcheck,SC1138,1,SR 3.5,SR,SR 3.5,3,0.474534,1.0,Input validation
shellcheck,SC1138,2,SR 4.2 RE 1,RE,SR 4.2,4,0.448894,0.736753,Purging of shared memory resources
shellcheck,SC1138,3,SR 3.8 RE 2,RE,SR 3.8,3,0.44756,0.724789,Unique session ID generation
shellcheck,SC1138,4,SR 2.11,SR,SR 2.11,2,0.447507,0.724322,Timestamps
shellcheck,SC1139,1,SR 3.6,SR,SR 3.6,3,0.52434,1.0,Deterministic output
shellcheck,SC1139,2,SR 3.5,SR,SR 3.5,3,0.514089,0.897101,Input validation
shellcheck,SC1139,3,SR 7.1,SR,SR 7.1,7,0.509362,0.852663,Denial of service protection
shellcheck,SC1139,4,SR 5.2 RE 2,RE,SR 5.2,5,0.500154,0.771259,Island mode
shellcheck,SC1139,5,SR 5.2 RE 3,RE,SR 5.2,5,0.493393,0.715634,Fail close
shellcheck,SC1139,6,SR 1.11,SR,SR 1.11,1,0.489088,0.681956,Unsuccessful login attempts
shellcheck,SC1140,1,SR 3.5,SR,SR 3.5,3,0.550533,1.0,Input validation
shellcheck,SC1140,2,SR 3.7,SR,SR 3.7,3,0.545625,0.95194,Error handling
shellcheck,SC1141,1,SR 1.11,SR,SR 1.11,1,0.504728,1.0,Unsuccessful login attempts
shellcheck,SC1141,2,SR 2.10,SR,SR 2.10,2,0.502289,0.973714,Response to audit processing failures
shellcheck,SC1141,3,SR 5.2 RE 3,RE,SR 5.2,5,0.49046,0.854093,Fail close
shellcheck,SC1141,4,SR 3.8 RE 1,RE,SR 3.8,3,0.485007,0.803153,Invalidation of session IDs after session termination
shellcheck,SC1141,5,SR 2.11,SR,SR 2.11,2,0.483491,0.789444,Timestamps
shellcheck,SC1141,6,SR 3.7,SR,SR 3.7,3,0.481141,0.768572,Error handling
shellcheck,SC1141,7,SR 3.5,SR,SR 3.5,3,0.476442,0.728178,Input validation
shellcheck,SC1142,1,SR 3.7,SR,SR 3.7,3,0.541199,1.0,Error handling
shellcheck,SC1142,2,SR 2.10,SR,SR 2.10,2,0.53809,0.968818,Response to audit processing failures
shellcheck,SC1142,3,SR 1.2,SR,SR 1.2,1,0.534037,0.929357,Software process and device identification and authentication
shellcheck,SC1142,4,SR 1.5 RE 1,RE,SR 1.5,1,0.532892,0.91845,Hardware security for software process identity credentials
shellcheck,SC1142,5,SR 7.3,SR,SR 7.3,7,0.531849,0.908607,Control system backup
shellcheck,SC1142,6,SR 3.6,SR,SR 3.6,3,0.530154,0.892787,Deterministic output
shellcheck,SC1142,7,SR 3.5,SR,SR 3.5,3,0.525363,0.849309,Input validation
shellcheck,SC1142,8,SR 1.11,SR,SR 1.11,1,0.523629,0.834008,Unsuccessful login attempts
shellcheck,SC1142,9,SR 4.2,SR,SR 4.2,4,0.520863,0.810062,Information persistence
shellcheck,SC1142,10,SR 7.1,SR,SR 7.1,7,0.518951,0.793839,Denial of service protection
shellcheck,SC1143,1,SR 3.2 RE 1,RE,SR 3.2,3,0.509891,1.0,Malicious code protection on entry and exit points
shellcheck,SC1143,2,SR 5.2 RE 3,RE,SR 5.2,5,0.496844,0.867133,Fail close
shellcheck,SC1143,3,SR 3.5,SR,SR 3.5,3,0.495167,0.851149,Input validation
shellcheck,SC1143,4,SR 1.11,SR,SR 1.11,1,0.484164,0.752197,Unsuccessful login attempts
shellcheck,SC1143,5,SR 1.7 RE 1,RE,SR 1.7,1,0.47889,0.708222,Password generation and lifetime restrictions for human users
shellcheck,SC1143,6,SR 3.7,SR,SR 3.7,3,0.4776,0.697791,Error handling
shellcheck,SC1144,1,SR 2.11 RE 2,RE,SR 2.11,2,0.523123,1.0,Protection of time source integrity
shellcheck,SC1144,2,SR 4.2 RE 1,RE,SR 4.2,4,0.507544,0.846805,Purging of shared memory resources
shellcheck,SC1144,3,SR 1.5 RE 1,RE,SR 1.5,1,0.505971,0.832472,Hardware security for software process identity credentials
shellcheck,SC1144,4,SR 3.2 RE 1,RE,SR 3.2,3,0.501974,0.79694,Malicious code protection on entry and exit points
shellcheck,SC1144,5,SR 3.7,SR,SR 3.7,3,0.497034,0.754754,Error handling
shellcheck,SC1144,6,SR 2.8 RE 1,RE,SR 2.8,2,0.49694,0.753966,"Centrally managed, system-wide audit trail"
shellcheck,SC1144,7,SR 3.2,SR,SR 3.2,3,0.496177,0.747618,Malicious code protection
shellcheck,SC1144,8,SR 3.3,SR,SR 3.3,3,0.494513,0.733934,Security functionality verification
shellcheck,SC1144,9,SR 2.3 RE 1,RE,SR 2.3,2,0.492206,0.715297,Enforcement of security status of portable and mobile devices
shellcheck,SC1144,10,SR 1.11,SR,SR 1.11,1,0.490264,0.699918,Unsuccessful login attempts
shellcheck,SC1145,1,SR 2.11 RE 2,RE,SR 2.11,2,0.514563,1.0,Protection of time source integrity
shellcheck,SC1145,2,SR 3.2 RE 1,RE,SR 3.2,3,0.509047,0.942439,Malicious code protection on entry and exit points
shellcheck,SC1145,3,SR 3.7,SR,SR 3.7,3,0.504475,0.896821,Error handling
shellcheck,SC1145,4,SR 1.5 RE 1,RE,SR 1.5,1,0.502169,0.874505,Hardware security for software process identity credentials
shellcheck,SC1145,5,SR 4.2 RE 1,RE,SR 4.2,4,0.501972,0.87262,Purging of shared memory resources
shellcheck,SC1145,6,SR 3.3,SR,SR 3.3,3,0.501239,0.865633,Security functionality verification
shellcheck,SC1145,7,SR 7.3 RE 1,RE,SR 7.3,7,0.493597,0.795488,Backup verification
shellcheck,SC1145,8,SR 2.4 RE 1,RE,SR 2.4,2,0.490058,0.764622,Mobile code integrity check
shellcheck,SC1145,9,SR 3.8 RE 3,RE,SR 3.8,3,0.489515,0.759973,Randomness of session IDs
shellcheck,SC1145,10,SR 2.12 RE 1,RE,SR 2.12,2,0.48797,0.746873,Non-repudiation for all users
shellcheck,SC2000,1,SR 3.2 RE 1,RE,SR 3.2,3,0.559311,1.0,Malicious code protection on entry and exit points
shellcheck,SC2000,2,SR 3.3,SR,SR 3.3,3,0.552262,0.932612,Security functionality verification
shellcheck,SC2000,3,SR 2.4,SR,SR 2.4,2,0.548929,0.902081,Mobile code
shellcheck,SC2000,4,SR 2.4 RE 1,RE,SR 2.4,2,0.548875,0.901588,Mobile code integrity check
shellcheck,SC2000,5,SR 7.6 RE 1,RE,SR 7.6,7,0.547744,0.891422,Machine-readable reporting of current security settings
shellcheck,SC2000,6,SR 3.2 RE 2,RE,SR 3.2,3,0.541817,0.839645,Central management and reporting for malicious code protection
shellcheck,SC2000,7,SR 5.4,SR,SR 5.4,5,0.541623,0.83799,Application partitioning
shellcheck,SC2000,8,SR 3.7,SR,SR 3.7,3,0.538981,0.815754,Error handling
shellcheck,SC2000,9,SR 3.2,SR,SR 3.2,3,0.53693,0.798825,Malicious code protection
shellcheck,SC2000,10,SR 1.2,SR,SR 1.2,1,0.536007,0.791305,Software process and device identification and authentication
shellcheck,SC2001,1,SR 3.5,SR,SR 3.5,3,0.509555,1.0,Input validation
shellcheck,SC2001,2,SR 1.4,SR,SR 1.4,1,0.486283,0.773281,Identifier management
shellcheck,SC2001,3,SR 7.1 RE 1,RE,SR 7.1,7,0.47804,0.703889,Manage communication loads
shellcheck,SC2001,4,SR 7.1,SR,SR 7.1,7,0.476005,0.687566,Denial of service protection
shellcheck,SC2002,1,SR 3.5,SR,SR 3.5,3,0.569805,1.0,Input validation
shellcheck,SC2002,2,SR 3.7,SR,SR 3.7,3,0.551195,0.833078,Error handling
shellcheck,SC2002,3,SR 2.11,SR,SR 2.11,2,0.549021,0.815165,Timestamps
shellcheck,SC2003,1,SR 1.4,SR,SR 1.4,1,0.519585,1.0,Identifier management
shellcheck,SC2003,2,SR 3.7,SR,SR 3.7,3,0.510192,0.904536,Error handling
shellcheck,SC2003,3,SR 3.5,SR,SR 3.5,3,0.506575,0.869821,Input validation
shellcheck,SC2003,4,SR 3.2 RE 1,RE,SR 3.2,3,0.504701,0.852273,Malicious code protection on entry and exit points
shellcheck,SC2003,5,SR 1.7 RE 1,RE,SR 1.7,1,0.501388,0.821955,Password generation and lifetime restrictions for human users
shellcheck,SC2003,6,SR 3.8 RE 2,RE,SR 3.8,3,0.499679,0.806664,Unique session ID generation
shellcheck,SC2003,7,SR 3.3,SR,SR 3.3,3,0.495081,0.766673,Security functionality verification
shellcheck,SC2003,8,SR 1.7,SR,SR 1.7,1,0.493957,0.757147,Strength of password-based authentication
shellcheck,SC2003,9,SR 2.11,SR,SR 2.11,2,0.490926,0.731947,Timestamps
shellcheck,SC2003,10,SR 3.8 RE 3,RE,SR 3.8,3,0.488284,0.710537,Randomness of session IDs
shellcheck,SC2004,1,SR 7.1 RE 1,RE,SR 7.1,7,0.520811,1.0,Manage communication loads
shellcheck,SC2004,2,SR 3.5,SR,SR 3.5,3,0.511491,0.905459,Input validation
shellcheck,SC2004,3,SR 3.8 RE 2,RE,SR 3.8,3,0.505832,0.851709,Unique session ID generation
shellcheck,SC2004,4,SR 3.7,SR,SR 3.7,3,0.505152,0.845435,Error handling
shellcheck,SC2004,5,SR 7.1,SR,SR 7.1,7,0.496039,0.764886,Denial of service protection
shellcheck,SC2004,6,SR 4.2 RE 1,RE,SR 4.2,4,0.495088,0.756851,Purging of shared memory resources
shellcheck,SC2004,7,SR 2.4 RE 1,RE,SR 2.4,2,0.493883,0.746776,Mobile code integrity check
shellcheck,SC2004,8,SR 3.2 RE 1,RE,SR 3.2,3,0.492913,0.738748,Malicious code protection on entry and exit points
shellcheck,SC2004,9,SR 3.8 RE 3,RE,SR 3.8,3,0.492705,0.737029,Randomness of session IDs
shellcheck,SC2004,10,SR 3.8,SR,SR 3.8,3,0.490438,0.718576,Session integrity
shellcheck,SC2005,1,SR 3.5,SR,SR 3.5,3,0.535321,1.0,Input validation
shellcheck,SC2005,2,SR 7.1 RE 1,RE,SR 7.1,7,0.513391,0.794487,Manage communication loads
shellcheck,SC2005,3,SR 3.7,SR,SR 3.7,3,0.510937,0.773818,Error handling
shellcheck,SC2005,4,SR 3.2 RE 1,RE,SR 3.2,3,0.499168,0.680734,Malicious code protection on entry and exit points
shellcheck,SC2006,1,SR 5.2 RE 2,RE,SR 5.2,5,0.537238,1.0,Island mode
shellcheck,SC2006,2,SR 7.1,SR,SR 7.1,7,0.526859,0.898262,Denial of service protection
shellcheck,SC2006,3,SR 3.7,SR,SR 3.7,3,0.526622,0.896038,Error handling
shellcheck,SC2006,4,SR 2.12 RE 1,RE,SR 2.12,2,0.5241,0.872694,Non-repudiation for all users
shellcheck,SC2006,5,SR 3.2 RE 1,RE,SR 3.2,3,0.520542,0.840604,Malicious code protection on entry and exit points
shellcheck,SC2006,6,SR 7.1 RE 1,RE,SR 7.1,7,0.51838,0.821576,Manage communication loads
shellcheck,SC2006,7,SR 4.2 RE 1,RE,SR 4.2,4,0.511534,0.763646,Purging of shared memory resources
shellcheck,SC2006,8,SR 7.6 RE 1,RE,SR 7.6,7,0.510415,0.754506,Machine-readable reporting of current security settings
shellcheck,SC2006,9,SR 5.2 RE 3,RE,SR 5.2,5,0.507831,0.733738,Fail close
shellcheck,SC2006,10,SR 3.5,SR,SR 3.5,3,0.506526,0.723428,Input validation
shellcheck,SC2007,1,SR 3.5,SR,SR 3.5,3,0.507737,1.0,Input validation
shellcheck,SC2007,2,SR 7.1 RE 1,RE,SR 7.1,7,0.488086,0.804858,Manage communication loads
shellcheck,SC2007,3,SR 3.7,SR,SR 3.7,3,0.487481,0.799389,Error handling
shellcheck,SC2007,4,SR 1.4,SR,SR 1.4,1,0.487284,0.797611,Identifier management
shellcheck,SC2007,5,SR 7.7,SR,SR 7.7,7,0.483531,0.764401,Least functionality
shellcheck,SC2007,6,SR 5.2 RE 3,RE,SR 5.2,5,0.481921,0.750507,Fail close
shellcheck,SC2007,7,SR 1.7 RE 1,RE,SR 1.7,1,0.481666,0.748328,Password generation and lifetime restrictions for human users
shellcheck,SC2007,8,SR 2.11,SR,SR 2.11,2,0.4805,0.738416,Timestamps
shellcheck,SC2007,9,SR 7.1,SR,SR 7.1,7,0.477948,0.717102,Denial of service protection
shellcheck,SC2007,10,SR 3.3,SR,SR 3.3,3,0.477036,0.709608,Security functionality verification
shellcheck,SC2008,1,SR 3.5,SR,SR 3.5,3,0.499356,1.0,Input validation
shellcheck,SC2009,1,SR 3.7,SR,SR 3.7,3,0.564709,1.0,Error handling
shellcheck,SC2009,2,SR 7.1,SR,SR 7.1,7,0.548993,0.856214,Denial of service protection
shellcheck,SC2009,3,SR 1.5 RE 1,RE,SR 1.5,1,0.543535,0.810433,Hardware security for software process identity credentials
shellcheck,SC2009,4,SR 2.11,SR,SR 2.11,2,0.539937,0.781359,Timestamps
shellcheck,SC2009,5,SR 3.3,SR,SR 3.3,3,0.539731,0.779724,Security functionality verification
shellcheck,SC2009,6,SR 7.6 RE 1,RE,SR 7.6,7,0.537573,0.762732,Machine-readable reporting of current security settings
shellcheck,SC2009,7,SR 7.3,SR,SR 7.3,7,0.537198,0.75981,Control system backup
shellcheck,SC2009,8,SR 2.10,SR,SR 2.10,2,0.536478,0.754223,Response to audit processing failures
shellcheck,SC2009,9,SR 3.6,SR,SR 3.6,3,0.530015,0.705587,Deterministic output
shellcheck,SC2009,10,SR 1.2,SR,SR 1.2,1,0.529804,0.704042,Software process and device identification and authentication
shellcheck,SC2010,1,SR 1.4,SR,SR 1.4,1,0.534362,1.0,Identifier management
shellcheck,SC2010,2,SR 2.11,SR,SR 2.11,2,0.526614,0.922812,Timestamps
shellcheck,SC2010,3,SR 7.3,SR,SR 7.3,7,0.521021,0.870181,Control system backup
shellcheck,SC2010,4,SR 3.7,SR,SR 3.7,3,0.504744,0.730795,Error handling
shellcheck,SC2010,5,SR 2.9 RE 1,RE,SR 2.9,2,0.49954,0.690301,Warn when audit record storage capacity threshold reached
shellcheck,SC2011,1,SR 3.7,SR,SR 3.7,3,0.517623,1.0,Error handling
shellcheck,SC2011,2,SR 1.4,SR,SR 1.4,1,0.513,0.951856,Identifier management
shellcheck,SC2011,3,SR 2.11,SR,SR 2.11,2,0.486301,0.709418,Timestamps
shellcheck,SC2011,4,SR 2.9 RE 1,RE,SR 2.9,2,0.483215,0.685013,Warn when audit record storage capacity threshold reached
shellcheck,SC2011,5,SR 7.3,SR,SR 7.3,7,0.482799,0.681772,Control system backup
shellcheck,SC2012,1,SR 1.4,SR,SR 1.4,1,0.559438,1.0,Identifier management
shellcheck,SC2012,2,SR 7.3,SR,SR 7.3,7,0.534188,0.775684,Control system backup
shellcheck,SC2012,3,SR 2.12 RE 1,RE,SR 2.12,2,0.523534,0.694324,Non-repudiation for all users
shellcheck,SC2013,1,SR 3.5,SR,SR 3.5,3,0.516233,1.0,Input validation
shellcheck,SC2013,2,SR 7.3,SR,SR 7.3,7,0.494407,0.788526,Control system backup
shellcheck,SC2013,3,SR 4.2,SR,SR 4.2,4,0.491857,0.766413,Information persistence
shellcheck,SC2013,4,SR 6.1,SR,SR 6.1,6,0.491307,0.761712,Audit log accessibility
shellcheck,SC2013,5,SR 7.6 RE 1,RE,SR 7.6,7,0.488857,0.74105,Machine-readable reporting of current security settings
shellcheck,SC2013,6,SR 6.1 RE 1,RE,SR 6.1,6,0.487827,0.73251,Programmatic access to audit logs
shellcheck,SC2013,7,SR 5.2 RE 3,RE,SR 5.2,5,0.487313,0.728276,Fail close
shellcheck,SC2013,8,SR 3.7,SR,SR 3.7,3,0.482096,0.686408,Error handling
shellcheck,SC2014,1,SR 2.9,SR,SR 2.9,2,0.483644,1.0,Audit storage capacity
shellcheck,SC2014,2,SR 7.3,SR,SR 7.3,7,0.479426,0.952967,Control system backup
shellcheck,SC2014,3,SR 3.9 RE 1,RE,SR 3.9,3,0.475559,0.911452,Audit records on write-once media
shellcheck,SC2014,4,SR 2.11,SR,SR 2.11,2,0.475474,0.910551,Timestamps
shellcheck,SC2014,5,SR 2.9 RE 1,RE,SR 2.9,2,0.474727,0.902713,Warn when audit record storage capacity threshold reached
shellcheck,SC2014,6,SR 1.11,SR,SR 1.11,1,0.474159,0.896793,Unsuccessful login attempts
shellcheck,SC2014,7,SR 5.4,SR,SR 5.4,5,0.472062,0.875191,Application partitioning
shellcheck,SC2014,8,SR 5.2 RE 3,RE,SR 5.2,5,0.471275,0.867198,Fail close
shellcheck,SC2014,9,SR 2.12 RE 1,RE,SR 2.12,2,0.464693,0.802642,Non-repudiation for all users
shellcheck,SC2014,10,SR 3.2 RE 1,RE,SR 3.2,3,0.464613,0.801885,Malicious code protection on entry and exit points
shellcheck,SC2015,1,SR 4.2,SR,SR 4.2,4,0.529263,1.0,Information persistence
shellcheck,SC2015,2,SR 4.2 RE 1,RE,SR 4.2,4,0.515206,0.862383,Purging of shared memory resources
shellcheck,SC2015,3,SR 5.2 RE 3,RE,SR 5.2,5,0.510886,0.823354,Fail close
shellcheck,SC2015,4,SR 3.8 RE 1,RE,SR 3.8,3,0.505555,0.777202,Invalidation of session IDs after session termination
shellcheck,SC2015,5,SR 3.5,SR,SR 3.5,3,0.505362,0.775573,Input validation
shellcheck,SC2015,6,SR 7.3,SR,SR 7.3,7,0.497715,0.713181,Control system backup
shellcheck,SC2015,7,SR 2.4 RE 1,RE,SR 2.4,2,0.496274,0.701897,Mobile code integrity check
shellcheck,SC2016,1,SR 3.5,SR,SR 3.5,3,0.487522,1.0,Input validation
shellcheck,SC2016,2,SR 7.6 RE 1,RE,SR 7.6,7,0.486908,0.993094,Machine-readable reporting of current security settings
shellcheck,SC2016,3,SR 5.2 RE 3,RE,SR 5.2,5,0.486347,0.98682,Fail close
shellcheck,SC2016,4,SR 3.7,SR,SR 3.7,3,0.482732,0.947141,Error handling
shellcheck,SC2016,5,SR 1.4,SR,SR 1.4,1,0.481843,0.937596,Identifier management
shellcheck,SC2016,6,SR 7.1 RE 1,RE,SR 7.1,7,0.480791,0.92639,Manage communication loads
shellcheck,SC2016,7,SR 3.2 RE 1,RE,SR 3.2,3,0.476523,0.882047,Malicious code protection on entry and exit points
shellcheck,SC2016,8,SR 2.11,SR,SR 2.11,2,0.474151,0.858177,Timestamps
shellcheck,SC2016,9,SR 3.8 RE 2,RE,SR 3.8,3,0.468718,0.805467,Unique session ID generation
shellcheck,SC2016,10,SR 1.7 RE 1,RE,SR 1.7,1,0.465369,0.774317,Password generation and lifetime restrictions for human users
shellcheck,SC2017,1,SR 3.7,SR,SR 3.7,3,0.519685,1.0,Error handling
shellcheck,SC2017,2,SR 2.11 RE 1,RE,SR 2.11,2,0.499935,0.808079,Internal time synchronization
shellcheck,SC2017,3,SR 3.3,SR,SR 3.3,3,0.498323,0.793851,Security functionality verification
shellcheck,SC2017,4,SR 3.5,SR,SR 3.5,3,0.488805,0.713958,Input validation
shellcheck,SC2017,5,SR 7.7,SR,SR 7.7,7,0.487113,0.700472,Least functionality
shellcheck,SC2017,6,SR 7.3 RE 2,RE,SR 7.3,7,0.487,0.699576,Backup automation
shellcheck,SC2017,7,SR 3.2,SR,SR 3.2,3,0.48665,0.696818,Malicious code protection
shellcheck,SC2018,1,SR 3.5,SR,SR 3.5,3,0.531878,1.0,Input validation
shellcheck,SC2018,2,SR 2.4,SR,SR 2.4,2,0.528104,0.961584,Mobile code
shellcheck,SC2018,3,SR 5.2 RE 2,RE,SR 5.2,5,0.51519,0.839172,Island mode
shellcheck,SC2018,4,SR 1.4,SR,SR 1.4,1,0.514628,0.834158,Identifier management
shellcheck,SC2018,5,SR 3.7,SR,SR 3.7,3,0.508678,0.782468,Error handling
shellcheck,SC2018,6,SR 1.5 RE 1,RE,SR 1.5,1,0.506587,0.764945,Hardware security for software process identity credentials
shellcheck,SC2018,7,SR 3.2 RE 1,RE,SR 3.2,3,0.504625,0.748794,Malicious code protection on entry and exit points
shellcheck,SC2018,8,SR 2.4 RE 1,RE,SR 2.4,2,0.504189,0.745237,Mobile code integrity check
shellcheck,SC2018,9,SR 7.7,SR,SR 7.7,7,0.499781,0.710099,Least functionality
shellcheck,SC2018,10,SR 1.7,SR,SR 1.7,1,0.497831,0.694997,Strength of password-based authentication
shellcheck,SC2019,1,SR 1.7,SR,SR 1.7,1,0.502102,1.0,Strength of password-based authentication
shellcheck,SC2019,2,SR 3.5,SR,SR 3.5,3,0.495883,0.933751,Input validation
shellcheck,SC2019,3,SR 1.4,SR,SR 1.4,1,0.494181,0.916258,Identifier management
shellcheck,SC2019,4,SR 7.6 RE 1,RE,SR 7.6,7,0.493839,0.912778,Machine-readable reporting of current security settings
shellcheck,SC2019,5,SR 2.11,SR,SR 2.11,2,0.492737,0.901636,Timestamps
shellcheck,SC2019,6,SR 1.3 RE 1,RE,SR 1.3,1,0.483036,0.808223,Unified account management
shellcheck,SC2019,7,SR 1.7 RE 1,RE,SR 1.7,1,0.482382,0.802231,Password generation and lifetime restrictions for human users
shellcheck,SC2019,8,SR 2.1 RE 3,RE,SR 2.1,2,0.47384,0.727145,Supervisor override
shellcheck,SC2019,9,SR 4.1 RE 2,RE,SR 4.1,4,0.470676,0.700841,Protection of confidentiality across zone boundaries
shellcheck,SC2019,10,SR 2.12 RE 1,RE,SR 2.12,2,0.470248,0.697343,Non-repudiation for all users
shellcheck,SC2020,1,SR 3.5,SR,SR 3.5,3,0.513555,1.0,Input validation
shellcheck,SC2020,2,SR 1.7 RE 1,RE,SR 1.7,1,0.495416,0.820557,Password generation and lifetime restrictions for human users
shellcheck,SC2020,3,SR 3.8 RE 1,RE,SR 3.8,3,0.493303,0.801494,Invalidation of session IDs after session termination
shellcheck,SC2020,4,SR 3.2 RE 1,RE,SR 3.2,3,0.493071,0.799417,Malicious code protection on entry and exit points
shellcheck,SC2020,5,SR 5.2 RE 3,RE,SR 5.2,5,0.487107,0.747669,Fail close
shellcheck,SC2020,6,SR 2.11,SR,SR 2.11,2,0.486606,0.743448,Timestamps
shellcheck,SC2020,7,SR 7.6 RE 1,RE,SR 7.6,7,0.481788,0.703855,Machine-readable reporting of current security settings
shellcheck,SC2021,1,SR 3.5,SR,SR 3.5,3,0.516169,1.0,Input validation
shellcheck,SC2021,2,SR 2.11,SR,SR 2.11,2,0.510935,0.945484,Timestamps
shellcheck,SC2021,3,SR 3.7,SR,SR 3.7,3,0.510862,0.944736,Error handling
shellcheck,SC2021,4,SR 3.2 RE 1,RE,SR 3.2,3,0.510312,0.939161,Malicious code protection on entry and exit points
shellcheck,SC2021,5,SR 5.2 RE 3,RE,SR 5.2,5,0.502908,0.866625,Fail close
shellcheck,SC2021,6,SR 4.1 RE 2,RE,SR 4.1,4,0.494657,0.791255,Protection of confidentiality across zone boundaries
shellcheck,SC2021,7,SR 1.4,SR,SR 1.4,1,0.492229,0.770123,Identifier management
shellcheck,SC2021,8,SR 4.2 RE 1,RE,SR 4.2,4,0.490258,0.753315,Purging of shared memory resources
shellcheck,SC2021,9,SR 3.2,SR,SR 3.2,3,0.486709,0.723806,Malicious code protection
shellcheck,SC2021,10,SR 5.2 RE 2,RE,SR 5.2,5,0.483857,0.700785,Island mode
shellcheck,SC2022,1,SR 2.11,SR,SR 2.11,2,0.515675,1.0,Timestamps
shellcheck,SC2022,2,SR 3.2 RE 1,RE,SR 3.2,3,0.502353,0.865921,Malicious code protection on entry and exit points
shellcheck,SC2022,3,SR 1.4,SR,SR 1.4,1,0.495907,0.806552,Identifier management
shellcheck,SC2022,4,SR 3.3,SR,SR 3.3,3,0.490986,0.763503,Security functionality verification
shellcheck,SC2022,5,SR 3.5,SR,SR 3.5,3,0.490582,0.760054,Input validation
shellcheck,SC2022,6,SR 1.11,SR,SR 1.11,1,0.490086,0.755836,Unsuccessful login attempts
shellcheck,SC2022,7,SR 1.7 RE 1,RE,SR 1.7,1,0.48894,0.746167,Password generation and lifetime restrictions for human users
shellcheck,SC2022,8,SR 3.7,SR,SR 3.7,3,0.488289,0.740715,Error handling
shellcheck,SC2022,9,SR 2.12 RE 1,RE,SR 2.12,2,0.484857,0.71253,Non-repudiation for all users
shellcheck,SC2023,1,SR 2.1 RE 3,RE,SR 2.1,2,0.627089,1.0,Supervisor override
shellcheck,SC2023,2,SR 2.11 RE 1,RE,SR 2.11,2,0.605715,0.826353,Internal time synchronization
shellcheck,SC2023,3,SR 2.11 RE 2,RE,SR 2.11,2,0.597245,0.764765,Protection of time source integrity
shellcheck,SC2024,1,SR 1.11,SR,SR 1.11,1,0.542153,1.0,Unsuccessful login attempts
shellcheck,SC2024,2,SR 7.3,SR,SR 7.3,7,0.530844,0.890525,Control system backup
shellcheck,SC2024,3,SR 5.2 RE 3,RE,SR 5.2,5,0.528738,0.871265,Fail close
shellcheck,SC2024,4,SR 3.2 RE 1,RE,SR 3.2,3,0.519716,0.79258,Malicious code protection on entry and exit points
shellcheck,SC2024,5,SR 3.7,SR,SR 3.7,3,0.517537,0.77447,Error handling
shellcheck,SC2024,6,SR 7.1,SR,SR 7.1,7,0.516413,0.765264,Denial of service protection
shellcheck,SC2024,7,SR 7.6 RE 1,RE,SR 7.6,7,0.5151,0.754625,Machine-readable reporting of current security settings
shellcheck,SC2024,8,SR 3.4,SR,SR 3.4,3,0.514861,0.752703,Software and information integrity
shellcheck,SC2024,9,SR 3.8 RE 1,RE,SR 3.8,3,0.513344,0.740584,Invalidation of session IDs after session termination
shellcheck,SC2024,10,SR 2.4,SR,SR 2.4,2,0.50929,0.708986,Mobile code
shellcheck,SC2025,1,SR 3.2 RE 1,RE,SR 3.2,3,0.60394,1.0,Malicious code protection on entry and exit points
shellcheck,SC2025,2,SR 1.7 RE 1,RE,SR 1.7,1,0.583043,0.823928,Password generation and lifetime restrictions for human users
shellcheck,SC2025,3,SR 3.7,SR,SR 3.7,3,0.56912,0.72137,Error handling
shellcheck,SC2025,4,SR 3.2,SR,SR 3.2,3,0.566437,0.702862,Malicious code protection
shellcheck,SC2025,5,SR 3.5,SR,SR 3.5,3,0.564363,0.688821,Input validation
shellcheck,SC2025,6,SR 1.5 RE 1,RE,SR 1.5,1,0.564066,0.68683,Hardware security for software process identity credentials
shellcheck,SC2026,1,SR 1.11,SR,SR 1.11,1,0.546695,1.0,Unsuccessful login attempts
shellcheck,SC2026,2,SR 3.2 RE 1,RE,SR 3.2,3,0.541766,0.9514,Malicious code protection on entry and exit points
shellcheck,SC2026,3,SR 1.5 RE 1,RE,SR 1.5,1,0.54105,0.944512,Hardware security for software process identity credentials
shellcheck,SC2026,4,SR 1.7 RE 1,RE,SR 1.7,1,0.535784,0.89504,Password generation and lifetime restrictions for human users
shellcheck,SC2026,5,SR 5.2 RE 3,RE,SR 5.2,5,0.535164,0.889365,Fail close
shellcheck,SC2026,6,SR 1.2 RE 1,RE,SR 1.2,1,0.5341,0.879682,Unique identification and authentication
shellcheck,SC2026,7,SR 3.7,SR,SR 3.7,3,0.532793,0.867903,Error handling
shellcheck,SC2026,8,SR 2.11,SR,SR 2.11,2,0.531959,0.86046,Timestamps
shellcheck,SC2026,9,SR 5.2 RE 2,RE,SR 5.2,5,0.531896,0.859898,Island mode
shellcheck,SC2026,10,SR 3.5,SR,SR 3.5,3,0.527239,0.819293,Input validation
shellcheck,SC2027,1,SR 3.2 RE 1,RE,SR 3.2,3,0.50977,1.0,Malicious code protection on entry and exit points
shellcheck,SC2027,2,SR 4.2 RE 1,RE,SR 4.2,4,0.503912,0.938411,Purging of shared memory resources
shellcheck,SC2027,3,SR 7.1,SR,SR 7.1,7,0.501627,0.915244,Denial of service protection
shellcheck,SC2027,4,SR 3.7,SR,SR 3.7,3,0.499454,0.893649,Error handling
shellcheck,SC2027,5,SR 7.6 RE 1,RE,SR 7.6,7,0.485854,0.767761,Machine-readable reporting of current security settings
shellcheck,SC2027,6,SR 3.2,SR,SR 3.2,3,0.484179,0.753314,Malicious code protection
shellcheck,SC2027,7,SR 7.1 RE 2,RE,SR 7.1,7,0.482788,0.741485,Limit DoS effects to other systems or networks
shellcheck,SC2027,8,SR 1.7 RE 1,RE,SR 1.7,1,0.479451,0.713736,Password generation and lifetime restrictions for human users
shellcheck,SC2027,9,SR 5.2 RE 1,RE,SR 5.2,5,0.478283,0.704224,"Deny by default, allow by exception"
shellcheck,SC2027,10,SR 5.2 RE 2,RE,SR 5.2,5,0.477112,0.694793,Island mode
shellcheck,SC2028,1,SR 1.7 RE 1,RE,SR 1.7,1,0.50163,1.0,Password generation and lifetime restrictions for human users
shellcheck,SC2028,2,SR 5.2 RE 3,RE,SR 5.2,5,0.495087,0.930333,Fail close
shellcheck,SC2028,3,SR 3.2 RE 1,RE,SR 3.2,3,0.491696,0.895823,Malicious code protection on entry and exit points
shellcheck,SC2028,4,SR 2.11,SR,SR 2.11,2,0.4899,0.877976,Timestamps
shellcheck,SC2028,5,SR 1.4,SR,SR 1.4,1,0.48529,0.833491,Identifier management
shellcheck,SC2028,6,SR 1.11,SR,SR 1.11,1,0.483826,0.819756,Unsuccessful login attempts
shellcheck,SC2028,7,SR 3.5,SR,SR 3.5,3,0.483752,0.819068,Input validation
shellcheck,SC2028,8,SR 7.1 RE 1,RE,SR 7.1,7,0.480858,0.792473,Manage communication loads
shellcheck,SC2028,9,SR 7.6 RE 1,RE,SR 7.6,7,0.478116,0.767935,Machine-readable reporting of current security settings
shellcheck,SC2028,10,SR 1.7,SR,SR 1.7,1,0.473647,0.729278,Strength of password-based authentication
shellcheck,SC2029,1,SR 7.6 RE 1,RE,SR 7.6,7,0.509815,1.0,Machine-readable reporting of current security settings
shellcheck,SC2029,2,SR 5.2 RE 2,RE,SR 5.2,5,0.503882,0.937649,Island mode
shellcheck,SC2029,3,SR 7.1,SR,SR 7.1,7,0.502922,0.927859,Denial of service protection
shellcheck,SC2029,4,SR 1.13 RE 1,RE,SR 1.13,1,0.49926,0.891305,Explicit access request approval
shellcheck,SC2029,5,SR 7.1 RE 1,RE,SR 7.1,7,0.494472,0.845298,Manage communication loads
shellcheck,SC2029,6,SR 1.5 RE 1,RE,SR 1.5,1,0.493065,0.832152,Hardware security for software process identity credentials
shellcheck,SC2029,7,SR 1.9,SR,SR 1.9,1,0.483202,0.74463,Strength of public key authentication
shellcheck,SC2029,8,SR 1.9 RE 1,RE,SR 1.9,1,0.481263,0.728339,Hardware security for public key authentication
shellcheck,SC2029,9,SR 1.8,SR,SR 1.8,1,0.480371,0.720945,Public key infrastructure (PKI) certificates
shellcheck,SC2029,10,SR 5.2 RE 3,RE,SR 5.2,5,0.480298,0.72034,Fail close
shellcheck,SC2030,1,SR 3.3,SR,SR 3.3,3,0.506819,1.0,Security functionality verification
shellcheck,SC2030,2,SR 3.8 RE 3,RE,SR 3.8,3,0.484482,0.780436,Randomness of session IDs
shellcheck,SC2030,3,SR 5.4,SR,SR 5.4,5,0.483544,0.772156,Application partitioning
shellcheck,SC2030,4,SR 3.3 RE 1,RE,SR 3.3,3,0.482714,0.764899,Automated mechanisms for security functionality verification
shellcheck,SC2030,5,SR 3.6,SR,SR 3.6,3,0.477719,0.722369,Deterministic output
shellcheck,SC2031,1,SR 3.6,SR,SR 3.6,3,0.546169,1.0,Deterministic output
shellcheck,SC2031,2,SR 3.7,SR,SR 3.7,3,0.545286,0.991149,Error handling
shellcheck,SC2031,3,SR 3.5,SR,SR 3.5,3,0.538606,0.926181,Input validation
shellcheck,SC2031,4,SR 7.3,SR,SR 7.3,7,0.537459,0.91538,Control system backup
shellcheck,SC2031,5,SR 5.2 RE 3,RE,SR 5.2,5,0.534798,0.890733,Fail close
shellcheck,SC2031,6,SR 1.2,SR,SR 1.2,1,0.524179,0.797701,Software process and device identification and authentication
shellcheck,SC2031,7,SR 2.11,SR,SR 2.11,2,0.522542,0.784095,Timestamps
shellcheck,SC2031,8,SR 1.4,SR,SR 1.4,1,0.52045,0.766985,Identifier management
shellcheck,SC2031,9,SR 3.3,SR,SR 3.3,3,0.519844,0.762088,Security functionality verification
shellcheck,SC2031,10,SR 1.5 RE 1,RE,SR 1.5,1,0.519229,0.757144,Hardware security for software process identity credentials
shellcheck,SC2032,1,SR 3.3,SR,SR 3.3,3,0.538738,1.0,Security functionality verification
shellcheck,SC2032,2,SR 3.8 RE 3,RE,SR 3.8,3,0.510557,0.74416,Randomness of session IDs
shellcheck,SC2032,3,SR 3.3 RE 1,RE,SR 3.3,3,0.509426,0.735136,Automated mechanisms for security functionality verification
shellcheck,SC2032,4,SR 7.3 RE 1,RE,SR 7.3,7,0.508689,0.729309,Backup verification
shellcheck,SC2032,5,SR 3.6,SR,SR 3.6,3,0.507042,0.716412,Deterministic output
shellcheck,SC2032,6,SR 3.2 RE 2,RE,SR 3.2,3,0.506852,0.714938,Central management and reporting for malicious code protection
shellcheck,SC2032,7,SR 7.6 RE 1,RE,SR 7.6,7,0.506761,0.714234,Machine-readable reporting of current security settings
shellcheck,SC2032,8,SR 4.2,SR,SR 4.2,4,0.503469,0.689087,Information persistence
shellcheck,SC2032,9,SR 3.3 RE 2,RE,SR 3.3,3,0.503207,0.687117,Security functionality verification during normal operation
shellcheck,SC2032,10,SR 3.2 RE 1,RE,SR 3.2,3,0.503068,0.686071,Malicious code protection on entry and exit points
shellcheck,SC2033,1,SR 3.7,SR,SR 3.7,3,0.542594,1.0,Error handling
shellcheck,SC2033,2,SR 5.2 RE 3,RE,SR 5.2,5,0.52836,0.863981,Fail close
shellcheck,SC2033,3,SR 3.2 RE 1,RE,SR 3.2,3,0.528359,0.863973,Malicious code protection on entry and exit points
shellcheck,SC2033,4,SR 1.4,SR,SR 1.4,1,0.522359,0.811374,Identifier management
shellcheck,SC2033,5,SR 3.3,SR,SR 3.3,3,0.513938,0.741994,Security functionality verification
shellcheck,SC2033,6,SR 3.2,SR,SR 3.2,3,0.508927,0.703067,Malicious code protection
shellcheck,SC2034,1,SR 3.7,SR,SR 3.7,3,0.513602,1.0,Error handling
shellcheck,SC2034,2,SR 3.2 RE 1,RE,SR 3.2,3,0.496466,0.829752,Malicious code protection on entry and exit points
shellcheck,SC2034,3,SR 7.1 RE 1,RE,SR 7.1,7,0.495894,0.824507,Manage communication loads
shellcheck,SC2034,4,SR 2.11,SR,SR 2.11,2,0.492436,0.793373,Timestamps
shellcheck,SC2034,5,SR 1.11,SR,SR 1.11,1,0.492167,0.790991,Unsuccessful login attempts
shellcheck,SC2034,6,SR 3.8 RE 3,RE,SR 3.8,3,0.490313,0.774744,Randomness of session IDs
shellcheck,SC2034,7,SR 3.5,SR,SR 3.5,3,0.489967,0.771742,Input validation
shellcheck,SC2034,8,SR 7.1,SR,SR 7.1,7,0.489206,0.765176,Denial of service protection
shellcheck,SC2034,9,SR 2.9 RE 1,RE,SR 2.9,2,0.481952,0.704813,Warn when audit record storage capacity threshold reached
shellcheck,SC2034,10,SR 3.8,SR,SR 3.8,3,0.479377,0.68435,Session integrity
shellcheck,SC2035,1,SR 7.3,SR,SR 7.3,7,0.516766,1.0,Control system backup
shellcheck,SC2035,2,SR 2.11,SR,SR 2.11,2,0.494468,0.784593,Timestamps
shellcheck,SC2035,3,SR 1.4,SR,SR 1.4,1,0.494351,0.78357,Identifier management
shellcheck,SC2035,4,SR 7.1 RE 1,RE,SR 7.1,7,0.493865,0.77934,Manage communication loads
shellcheck,SC2035,5,SR 2.9 RE 1,RE,SR 2.9,2,0.487288,0.723947,Warn when audit record storage capacity threshold reached
shellcheck,SC2035,6,SR 5.2 RE 3,RE,SR 5.2,5,0.485305,0.707889,Fail close
shellcheck,SC2035,7,SR 3.7,SR,SR 3.7,3,0.482258,0.683789,Error handling
shellcheck,SC2036,1,SR 3.6,SR,SR 3.6,3,0.567299,1.0,Deterministic output
shellcheck,SC2036,2,SR 3.5,SR,SR 3.5,3,0.540621,0.767265,Input validation
shellcheck,SC2036,3,SR 3.7,SR,SR 3.7,3,0.53516,0.725596,Error handling
shellcheck,SC2037,1,SR 3.6,SR,SR 3.6,3,0.547062,1.0,Deterministic output
shellcheck,SC2037,2,SR 3.5,SR,SR 3.5,3,0.526462,0.809693,Input validation
shellcheck,SC2037,3,SR 7.6 RE 1,RE,SR 7.6,7,0.523819,0.787583,Machine-readable reporting of current security settings
shellcheck,SC2037,4,SR 1.2,SR,SR 1.2,1,0.518135,0.741719,Software process and device identification and authentication
shellcheck,SC2037,5,SR 1.4,SR,SR 1.4,1,0.514398,0.712769,Identifier management
shellcheck,SC2037,6,SR 1.2 RE 1,RE,SR 1.2,1,0.513569,0.70647,Unique identification and authentication
shellcheck,SC2037,7,SR 2.11,SR,SR 2.11,2,0.510969,0.687023,Timestamps
shellcheck,SC2038,1,SR 1.4,SR,SR 1.4,1,0.543983,1.0,Identifier management
shellcheck,SC2038,2,SR 3.7,SR,SR 3.7,3,0.517372,0.758923,Error handling
shellcheck,SC2038,3,SR 2.11,SR,SR 2.11,2,0.516305,0.750354,Timestamps
shellcheck,SC2039,1,SR 3.3,SR,SR 3.3,3,0.485081,1.0,Security functionality verification
shellcheck,SC2039,2,SR 3.7,SR,SR 3.7,3,0.484935,0.998348,Error handling
shellcheck,SC2039,3,SR 1.5 RE 1,RE,SR 1.5,1,0.475829,0.899502,Hardware security for software process identity credentials
shellcheck,SC2039,4,SR 4.2 RE 1,RE,SR 4.2,4,0.464271,0.785709,Purging of shared memory resources
shellcheck,SC2039,5,SR 3.6,SR,SR 3.6,3,0.463318,0.776883,Deterministic output
shellcheck,SC2039,6,SR 3.2 RE 1,RE,SR 3.2,3,0.460836,0.754267,Malicious code protection on entry and exit points
shellcheck,SC2039,7,SR 1.2,SR,SR 1.2,1,0.458742,0.73561,Software process and device identification and authentication
shellcheck,SC2039,8,SR 2.12 RE 1,RE,SR 2.12,2,0.45726,0.722632,Non-repudiation for all users
shellcheck,SC2039,9,SR 3.5,SR,SR 3.5,3,0.454772,0.701272,Input validation
shellcheck,SC2039,10,SR 7.6 RE 1,RE,SR 7.6,7,0.454378,0.697937,Machine-readable reporting of current security settings
shellcheck,SC2040,1,SR 5.4,SR,SR 5.4,5,0.448636,1.0,Application partitioning
shellcheck,SC2040,2,SR 5.2 RE 3,RE,SR 5.2,5,0.444546,0.950871,Fail close
shellcheck,SC2040,3,SR 7.1,SR,SR 7.1,7,0.440031,0.898963,Denial of service protection
shellcheck,SC2040,4,SR 1.5 RE 1,RE,SR 1.5,1,0.438167,0.878209,Hardware security for software process identity credentials
shellcheck,SC2040,5,SR 1.11,SR,SR 1.11,1,0.434863,0.842401,Unsuccessful login attempts
shellcheck,SC2040,6,SR 7.3,SR,SR 7.3,7,0.427301,0.764926,Control system backup
shellcheck,SC2040,7,SR 3.7,SR,SR 3.7,3,0.425804,0.750304,Error handling
shellcheck,SC2040,8,SR 2.9 RE 1,RE,SR 2.9,2,0.423593,0.729117,Warn when audit record storage capacity threshold reached
shellcheck,SC2040,9,SR 3.3,SR,SR 3.3,3,0.419698,0.693005,Security functionality verification
shellcheck,SC2040,10,SR 4.2 RE 1,RE,SR 4.2,4,0.419098,0.687573,Purging of shared memory resources
shellcheck,SC2041,1,SR 3.5,SR,SR 3.5,3,0.554264,1.0,Input validation
shellcheck,SC2041,2,SR 1.4,SR,SR 1.4,1,0.540636,0.872038,Identifier management
shellcheck,SC2041,3,SR 2.11,SR,SR 2.11,2,0.538288,0.851408,Timestamps
shellcheck,SC2041,4,SR 7.6 RE 1,RE,SR 7.6,7,0.519965,0.703744,Machine-readable reporting of current security settings
shellcheck,SC2041,5,SR 5.2 RE 2,RE,SR 5.2,5,0.517388,0.684778,Island mode
shellcheck,SC2042,1,SR 3.5,SR,SR 3.5,3,0.504814,1.0,Input validation
shellcheck,SC2042,2,SR 1.4,SR,SR 1.4,1,0.48062,0.763287,Identifier management
shellcheck,SC2042,3,SR 2.11,SR,SR 2.11,2,0.477398,0.735565,Timestamps
shellcheck,SC2043,1,SR 1.4,SR,SR 1.4,1,0.488562,1.0,Identifier management
shellcheck,SC2043,2,SR 3.5,SR,SR 3.5,3,0.488448,0.99872,Input validation
shellcheck,SC2043,3,SR 7.1 RE 1,RE,SR 7.1,7,0.488018,0.993896,Manage communication loads
shellcheck,SC2043,4,SR 3.9 RE 1,RE,SR 3.9,3,0.479713,0.904354,Audit records on write-once media
shellcheck,SC2043,5,SR 1.7 RE 1,RE,SR 1.7,1,0.475656,0.86309,Password generation and lifetime restrictions for human users
shellcheck,SC2043,6,SR 1.11,SR,SR 1.11,1,0.472661,0.833616,Unsuccessful login attempts
shellcheck,SC2043,7,SR 3.8 RE 2,RE,SR 3.8,3,0.472656,0.833565,Unique session ID generation
shellcheck,SC2043,8,SR 1.2 RE 1,RE,SR 1.2,1,0.472653,0.833537,Unique identification and authentication
shellcheck,SC2043,9,SR 7.3,SR,SR 7.3,7,0.467847,0.787979,Control system backup
shellcheck,SC2043,10,SR 2.8 RE 1,RE,SR 2.8,2,0.467712,0.786726,"Centrally managed, system-wide audit trail"
shellcheck,SC2044,1,SR 2.11,SR,SR 2.11,2,0.497547,1.0,Timestamps
shellcheck,SC2044,2,SR 2.9 RE 1,RE,SR 2.9,2,0.488606,0.905071,Warn when audit record storage capacity threshold reached
shellcheck,SC2044,3,SR 3.9 RE 1,RE,SR 3.9,3,0.481124,0.831432,Audit records on write-once media
shellcheck,SC2044,4,SR 1.11,SR,SR 1.11,1,0.47106,0.740169,Unsuccessful login attempts
shellcheck,SC2044,5,SR 2.9,SR,SR 2.9,2,0.470069,0.731646,Audit storage capacity
shellcheck,SC2045,1,SR 2.11,SR,SR 2.11,2,0.512807,1.0,Timestamps
shellcheck,SC2045,2,SR 2.9 RE 1,RE,SR 2.9,2,0.511672,0.987888,Warn when audit record storage capacity threshold reached
shellcheck,SC2045,3,SR 3.6,SR,SR 3.6,3,0.508871,0.958512,Deterministic output
shellcheck,SC2045,4,SR 3.9 RE 1,RE,SR 3.9,3,0.50694,0.93867,Audit records on write-once media
shellcheck,SC2045,5,SR 3.5,SR,SR 3.5,3,0.504849,0.91757,Input validation
shellcheck,SC2045,6,SR 7.3,SR,SR 7.3,7,0.498121,0.852307,Control system backup
shellcheck,SC2045,7,SR 1.11,SR,SR 1.11,1,0.496886,0.840746,Unsuccessful login attempts
shellcheck,SC2045,8,SR 7.1,SR,SR 7.1,7,0.495865,0.831287,Denial of service protection
shellcheck,SC2045,9,SR 3.7,SR,SR 3.7,3,0.495781,0.830519,Error handling
shellcheck,SC2045,10,SR 2.10,SR,SR 2.10,2,0.492995,0.805171,Response to audit processing failures
shellcheck,SC2046,1,SR 4.2 RE 1,RE,SR 4.2,4,0.517715,1.0,Purging of shared memory resources
shellcheck,SC2046,2,SR 7.1 RE 1,RE,SR 7.1,7,0.513673,0.957807,Manage communication loads
shellcheck,SC2046,3,SR 7.3,SR,SR 7.3,7,0.50881,0.908984,Control system backup
shellcheck,SC2046,4,SR 3.5,SR,SR 3.5,3,0.508675,0.907663,Input validation
shellcheck,SC2046,5,SR 5.2 RE 3,RE,SR 5.2,5,0.507559,0.896761,Fail close
shellcheck,SC2046,6,SR 5.2 RE 2,RE,SR 5.2,5,0.506285,0.884449,Island mode
shellcheck,SC2046,7,SR 7.6 RE 1,RE,SR 7.6,7,0.50596,0.881335,Machine-readable reporting of current security settings
shellcheck,SC2046,8,SR 2.9 RE 1,RE,SR 2.9,2,0.495794,0.788235,Warn when audit record storage capacity threshold reached
shellcheck,SC2046,9,SR 3.9 RE 1,RE,SR 3.9,3,0.495108,0.782261,Audit records on write-once media
shellcheck,SC2046,10,SR 5.4,SR,SR 5.4,5,0.492639,0.761043,Application partitioning
shellcheck,SC2048,1,SR 3.5,SR,SR 3.5,3,0.525679,1.0,Input validation
shellcheck,SC2048,2,SR 4.2 RE 1,RE,SR 4.2,4,0.516997,0.912474,Purging of shared memory resources
shellcheck,SC2048,3,SR 2.9 RE 1,RE,SR 2.9,2,0.505777,0.808745,Warn when audit record storage capacity threshold reached
shellcheck,SC2048,4,SR 3.2 RE 1,RE,SR 3.2,3,0.502167,0.7775,Malicious code protection on entry and exit points
shellcheck,SC2048,5,SR 1.4,SR,SR 1.4,1,0.500131,0.760319,Identifier management
shellcheck,SC2048,6,SR 1.5 RE 1,RE,SR 1.5,1,0.497605,0.739441,Hardware security for software process identity credentials
shellcheck,SC2048,7,SR 3.7,SR,SR 3.7,3,0.497445,0.73813,Error handling
shellcheck,SC2048,8,SR 7.1 RE 1,RE,SR 7.1,7,0.494273,0.712613,Manage communication loads
shellcheck,SC2048,9,SR 5.2 RE 3,RE,SR 5.2,5,0.492408,0.697954,Fail close
shellcheck,SC2049,1,SR 3.5,SR,SR 3.5,3,0.489668,1.0,Input validation
shellcheck,SC2049,2,SR 2.9 RE 1,RE,SR 2.9,2,0.479244,0.888391,Warn when audit record storage capacity threshold reached
shellcheck,SC2049,3,SR 7.3,SR,SR 7.3,7,0.478355,0.879359,Control system backup
shellcheck,SC2049,4,SR 1.7,SR,SR 1.7,1,0.466089,0.762284,Strength of password-based authentication
shellcheck,SC2049,5,SR 1.11,SR,SR 1.11,1,0.459047,0.701062,Unsuccessful login attempts
shellcheck,SC2049,6,SR 2.12 RE 1,RE,SR 2.12,2,0.457037,0.684344,Non-repudiation for all users
shellcheck,SC2049,7,SR 3.6,SR,SR 3.6,3,0.456912,0.683314,Deterministic output
shellcheck,SC2050,1,SR 3.5,SR,SR 3.5,3,0.540407,1.0,Input validation
shellcheck,SC2051,1,SR 1.11,SR,SR 1.11,1,0.457033,1.0,Unsuccessful login attempts
shellcheck,SC2051,2,SR 3.5,SR,SR 3.5,3,0.456225,0.990313,Input validation
shellcheck,SC2051,3,SR 5.2 RE 3,RE,SR 5.2,5,0.440256,0.814081,Fail close
shellcheck,SC2051,4,SR 1.4,SR,SR 1.4,1,0.431348,0.727514,Identifier management
shellcheck,SC2051,5,SR 3.8 RE 2,RE,SR 3.8,3,0.430638,0.720956,Unique session ID generation
shellcheck,SC2051,6,SR 2.11,SR,SR 2.11,2,0.430287,0.717726,Timestamps
shellcheck,SC2053,1,SR 3.2 RE 1,RE,SR 3.2,3,0.524061,1.0,Malicious code protection on entry and exit points
shellcheck,SC2053,2,SR 4.2 RE 1,RE,SR 4.2,4,0.520743,0.965669,Purging of shared memory resources
shellcheck,SC2053,3,SR 3.6,SR,SR 3.6,3,0.514982,0.908352,Deterministic output
shellcheck,SC2053,4,SR 5.2 RE 2,RE,SR 5.2,5,0.513857,0.897494,Island mode
shellcheck,SC2053,5,SR 1.7 RE 1,RE,SR 1.7,1,0.510986,0.870262,Password generation and lifetime restrictions for human users
shellcheck,SC2053,6,SR 3.5,SR,SR 3.5,3,0.510392,0.864713,Input validation
shellcheck,SC2053,7,SR 2.11 RE 2,RE,SR 2.11,2,0.510064,0.861656,Protection of time source integrity
shellcheck,SC2053,8,SR 5.3 RE 1,RE,SR 5.3,5,0.506006,0.82462,Prohibit all general purpose person-to-person communications
shellcheck,SC2053,9,SR 2.4,SR,SR 2.4,2,0.505459,0.819729,Mobile code
shellcheck,SC2053,10,SR 2.4 RE 1,RE,SR 2.4,2,0.504678,0.812791,Mobile code integrity check
shellcheck,SC2054,1,SR 3.5,SR,SR 3.5,3,0.512463,1.0,Input validation
shellcheck,SC2054,2,SR 1.4,SR,SR 1.4,1,0.510005,0.973895,Identifier management
shellcheck,SC2054,3,SR 5.4,SR,SR 5.4,5,0.504277,0.915238,Application partitioning
shellcheck,SC2054,4,SR 3.2 RE 1,RE,SR 3.2,3,0.502482,0.897462,Malicious code protection on entry and exit points
shellcheck,SC2054,5,SR 4.2 RE 1,RE,SR 4.2,4,0.497795,0.852375,Purging of shared memory resources
shellcheck,SC2054,6,SR 5.2 RE 2,RE,SR 5.2,5,0.492107,0.800166,Island mode
shellcheck,SC2054,7,SR 5.2 RE 3,RE,SR 5.2,5,0.487037,0.75587,Fail close
shellcheck,SC2054,8,SR 7.7,SR,SR 7.7,7,0.485708,0.744592,Least functionality
shellcheck,SC2054,9,SR 2.11,SR,SR 2.11,2,0.48302,0.722205,Timestamps
shellcheck,SC2054,10,SR 1.7 RE 1,RE,SR 1.7,1,0.481011,0.705844,Password generation and lifetime restrictions for human users
shellcheck,SC2055,1,SR 3.5,SR,SR 3.5,3,0.56613,1.0,Input validation
shellcheck,SC2055,2,SR 2.12 RE 1,RE,SR 2.12,2,0.556272,0.907909,Non-repudiation for all users
shellcheck,SC2055,3,SR 2.12,SR,SR 2.12,2,0.528123,0.682345,Non-repudiation
shellcheck,SC2056,1,SR 3.5,SR,SR 3.5,3,0.555918,1.0,Input validation
shellcheck,SC2056,2,SR 3.2 RE 1,RE,SR 3.2,3,0.539363,0.846811,Malicious code protection on entry and exit points
shellcheck,SC2056,3,SR 3.8,SR,SR 3.8,3,0.5345,0.805663,Session integrity
shellcheck,SC2056,4,SR 3.7,SR,SR 3.7,3,0.533296,0.79573,Error handling
shellcheck,SC2056,5,SR 3.3,SR,SR 3.3,3,0.528406,0.756421,Security functionality verification
shellcheck,SC2056,6,SR 1.11,SR,SR 1.11,1,0.526663,0.742804,Unsuccessful login attempts
shellcheck,SC2056,7,SR 3.8 RE 3,RE,SR 3.8,3,0.524213,0.723992,Randomness of session IDs
shellcheck,SC2056,8,SR 2.12 RE 1,RE,SR 2.12,2,0.520805,0.698481,Non-repudiation for all users
shellcheck,SC2056,9,SR 2.4 RE 1,RE,SR 2.4,2,0.519378,0.688018,Mobile code integrity check
shellcheck,SC2057,1,SR 3.2 RE 1,RE,SR 3.2,3,0.494251,1.0,Malicious code protection on entry and exit points
shellcheck,SC2057,2,SR 3.2,SR,SR 3.2,3,0.476875,0.821323,Malicious code protection
shellcheck,SC2057,3,SR 1.1 RE 2,RE,SR 1.1,1,0.471087,0.76797,Multifactor authentication for untrusted networks
shellcheck,SC2057,4,SR 3.7,SR,SR 3.7,3,0.468881,0.748402,Error handling
shellcheck,SC2057,5,SR 3.3,SR,SR 3.3,3,0.465871,0.722351,Security functionality verification
shellcheck,SC2058,1,SR 3.7,SR,SR 3.7,3,0.489404,1.0,Error handling
shellcheck,SC2058,2,SR 1.1 RE 2,RE,SR 1.1,1,0.487377,0.977424,Multifactor authentication for untrusted networks
shellcheck,SC2058,3,SR 3.2 RE 1,RE,SR 3.2,3,0.485428,0.956123,Malicious code protection on entry and exit points
shellcheck,SC2058,4,SR 3.6,SR,SR 3.6,3,0.484248,0.943411,Deterministic output
shellcheck,SC2058,5,SR 7.1,SR,SR 7.1,7,0.470487,0.805075,Denial of service protection
shellcheck,SC2058,6,SR 3.2,SR,SR 3.2,3,0.460997,0.719724,Malicious code protection
shellcheck,SC2058,7,SR 1.5 RE 1,RE,SR 1.5,1,0.460441,0.714964,Hardware security for software process identity credentials
shellcheck,SC2058,8,SR 3.8 RE 3,RE,SR 3.8,3,0.459938,0.710681,Randomness of session IDs
shellcheck,SC2059,1,SR 7.6 RE 1,RE,SR 7.6,7,0.487714,1.0,Machine-readable reporting of current security settings
shellcheck,SC2059,2,SR 3.5,SR,SR 3.5,3,0.485093,0.970805,Input validation
shellcheck,SC2059,3,SR 1.4,SR,SR 1.4,1,0.485072,0.970571,Identifier management
shellcheck,SC2059,4,SR 5.2 RE 3,RE,SR 5.2,5,0.471517,0.830477,Fail close
shellcheck,SC2059,5,SR 3.3,SR,SR 3.3,3,0.463483,0.755577,Security functionality verification
shellcheck,SC2059,6,SR 1.5 RE 1,RE,SR 1.5,1,0.462668,0.748295,Hardware security for software process identity credentials
shellcheck,SC2059,7,SR 3.7,SR,SR 3.7,3,0.460994,0.73353,Error handling
shellcheck,SC2059,8,SR 3.2 RE 1,RE,SR 3.2,3,0.455404,0.685923,Malicious code protection on entry and exit points
shellcheck,SC2060,1,SR 3.7,SR,SR 3.7,3,0.527323,1.0,Error handling
shellcheck,SC2060,2,SR 2.4,SR,SR 2.4,2,0.510535,0.836986,Mobile code
shellcheck,SC2060,3,SR 3.2 RE 1,RE,SR 3.2,3,0.509371,0.826546,Malicious code protection on entry and exit points
shellcheck,SC2060,4,SR 2.4 RE 1,RE,SR 2.4,2,0.509239,0.825363,Mobile code integrity check
shellcheck,SC2060,5,SR 2.11,SR,SR 2.11,2,0.501271,0.756794,Timestamps
shellcheck,SC2061,1,SR 3.7,SR,SR 3.7,3,0.48948,1.0,Error handling
shellcheck,SC2061,2,SR 5.2 RE 3,RE,SR 5.2,5,0.481292,0.911394,Fail close
shellcheck,SC2061,3,SR 1.4,SR,SR 1.4,1,0.47652,0.862792,Identifier management
shellcheck,SC2061,4,SR 3.2 RE 1,RE,SR 3.2,3,0.47641,0.861694,Malicious code protection on entry and exit points
shellcheck,SC2061,5,SR 7.3,SR,SR 7.3,7,0.472951,0.827848,Control system backup
shellcheck,SC2061,6,SR 1.5 RE 1,RE,SR 1.5,1,0.467657,0.778143,Hardware security for software process identity credentials
shellcheck,SC2061,7,SR 7.6 RE 1,RE,SR 7.6,7,0.465089,0.754936,Machine-readable reporting of current security settings
shellcheck,SC2061,8,SR 3.5,SR,SR 3.5,3,0.460628,0.715959,Input validation
shellcheck,SC2061,9,SR 1.2,SR,SR 1.2,1,0.459594,0.707159,Software process and device identification and authentication
shellcheck,SC2061,10,SR 1.2 RE 1,RE,SR 1.2,1,0.45639,0.680472,Unique identification and authentication
shellcheck,SC2062,1,SR 3.2 RE 1,RE,SR 3.2,3,0.482329,1.0,Malicious code protection on entry and exit points
shellcheck,SC2062,2,SR 3.7,SR,SR 3.7,3,0.480966,0.98456,Error handling
shellcheck,SC2062,3,SR 2.11,SR,SR 2.11,2,0.475197,0.921332,Timestamps
shellcheck,SC2062,4,SR 2.12 RE 1,RE,SR 2.12,2,0.462032,0.789424,Non-repudiation for all users
shellcheck,SC2062,5,SR 3.5,SR,SR 3.5,3,0.455725,0.731944,Input validation
shellcheck,SC2062,6,SR 3.2,SR,SR 3.2,3,0.452663,0.705306,Malicious code protection
shellcheck,SC2062,7,SR 4.2 RE 1,RE,SR 4.2,4,0.451976,0.699433,Purging of shared memory resources
shellcheck,SC2062,8,SR 3.2 RE 2,RE,SR 3.2,3,0.451829,0.698183,Central management and reporting for malicious code protection
shellcheck,SC2062,9,SR 2.4 RE 1,RE,SR 2.4,2,0.450177,0.684259,Mobile code integrity check
shellcheck,SC2062,10,SR 3.3,SR,SR 3.3,3,0.450113,0.683721,Security functionality verification
shellcheck,SC2063,1,SR 3.2 RE 1,RE,SR 3.2,3,0.494904,1.0,Malicious code protection on entry and exit points
shellcheck,SC2063,2,SR 3.5,SR,SR 3.5,3,0.485845,0.903381,Input validation
shellcheck,SC2063,3,SR 2.11,SR,SR 2.11,2,0.478757,0.833238,Timestamps
shellcheck,SC2063,4,SR 3.2,SR,SR 3.2,3,0.463445,0.696829,Malicious code protection
shellcheck,SC2063,5,SR 3.2 RE 2,RE,SR 3.2,3,0.46161,0.681783,Central management and reporting for malicious code protection
shellcheck,SC2064,1,SR 5.2 RE 3,RE,SR 5.2,5,0.546299,1.0,Fail close
shellcheck,SC2064,2,SR 2.11,SR,SR 2.11,2,0.531359,0.858557,Timestamps
shellcheck,SC2064,3,SR 3.2 RE 1,RE,SR 3.2,3,0.526804,0.818848,Malicious code protection on entry and exit points
shellcheck,SC2064,4,SR 3.5,SR,SR 3.5,3,0.516992,0.738404,Input validation
shellcheck,SC2065,1,SR 3.2 RE 1,RE,SR 3.2,3,0.58461,1.0,Malicious code protection on entry and exit points
shellcheck,SC2065,2,SR 3.7,SR,SR 3.7,3,0.548623,0.705089,Error handling
shellcheck,SC2066,1,SR 3.5,SR,SR 3.5,3,0.527425,1.0,Input validation
shellcheck,SC2067,1,SR 5.2 RE 3,RE,SR 5.2,5,0.524491,1.0,Fail close
shellcheck,SC2067,2,SR 3.7,SR,SR 3.7,3,0.504964,0.81166,Error handling
shellcheck,SC2067,3,SR 3.3,SR,SR 3.3,3,0.49702,0.743871,Security functionality verification
shellcheck,SC2067,4,SR 3.2 RE 1,RE,SR 3.2,3,0.495283,0.72969,Malicious code protection on entry and exit points
shellcheck,SC2067,5,SR 7.7,SR,SR 7.7,7,0.489593,0.684758,Least functionality
shellcheck,SC2068,1,SR 3.2 RE 1,RE,SR 3.2,3,0.511952,1.0,Malicious code protection on entry and exit points
shellcheck,SC2068,2,SR 3.5,SR,SR 3.5,3,0.498108,0.860038,Input validation
shellcheck,SC2068,3,SR 5.4,SR,SR 5.4,5,0.483908,0.733559,Application partitioning
shellcheck,SC2068,4,SR 7.1 RE 1,RE,SR 7.1,7,0.483475,0.729954,Manage communication loads
shellcheck,SC2068,5,SR 2.9 RE 1,RE,SR 2.9,2,0.483266,0.728221,Warn when audit record storage capacity threshold reached
shellcheck,SC2068,6,SR 3.8 RE 3,RE,SR 3.8,3,0.477642,0.682811,Randomness of session IDs
shellcheck,SC2068,7,SR 4.2 RE 1,RE,SR 4.2,4,0.477413,0.681014,Purging of shared memory resources
shellcheck,SC2069,1,SR 5.2 RE 1,RE,SR 5.2,5,0.539239,1.0,"Deny by default, allow by exception"
shellcheck,SC2069,2,SR 3.8 RE 1,RE,SR 3.8,3,0.537258,0.979961,Invalidation of session IDs after session termination
shellcheck,SC2069,3,SR 3.2 RE 1,RE,SR 3.2,3,0.528157,0.892073,Malicious code protection on entry and exit points
shellcheck,SC2069,4,SR 3.7,SR,SR 3.7,3,0.519809,0.817229,Error handling
shellcheck,SC2069,5,SR 1.11,SR,SR 1.11,1,0.518139,0.802896,Unsuccessful login attempts
shellcheck,SC2069,6,SR 5.2 RE 3,RE,SR 5.2,5,0.509972,0.735719,Fail close
shellcheck,SC2069,7,SR 3.6,SR,SR 3.6,3,0.509233,0.729869,Deterministic output
shellcheck,SC2070,1,SR 3.5,SR,SR 3.5,3,0.522675,1.0,Input validation
shellcheck,SC2070,2,SR 2.12 RE 1,RE,SR 2.12,2,0.493875,0.732184,Non-repudiation for all users
shellcheck,SC2070,3,SR 2.12,SR,SR 2.12,2,0.488942,0.692849,Non-repudiation
shellcheck,SC2071,1,SR 3.5,SR,SR 3.5,3,0.550315,1.0,Input validation
shellcheck,SC2071,2,SR 2.9 RE 1,RE,SR 2.9,2,0.521261,0.742065,Warn when audit record storage capacity threshold reached
shellcheck,SC2072,1,SR 3.5,SR,SR 3.5,3,0.501578,1.0,Input validation
shellcheck,SC2072,2,SR 1.11,SR,SR 1.11,1,0.478217,0.769262,Unsuccessful login attempts
shellcheck,SC2072,3,SR 2.9 RE 1,RE,SR 2.9,2,0.478136,0.768551,Warn when audit record storage capacity threshold reached
shellcheck,SC2072,4,SR 3.7,SR,SR 3.7,3,0.476726,0.756164,Error handling
shellcheck,SC2072,5,SR 2.11,SR,SR 2.11,2,0.474014,0.732808,Timestamps
shellcheck,SC2073,1,SR 3.2 RE 1,RE,SR 3.2,3,0.56623,1.0,Malicious code protection on entry and exit points
shellcheck,SC2073,2,SR 3.7,SR,SR 3.7,3,0.549392,0.847017,Error handling
shellcheck,SC2073,3,SR 5.2 RE 3,RE,SR 5.2,5,0.53421,0.726033,Fail close
shellcheck,SC2074,1,SR 3.5,SR,SR 3.5,3,0.522954,1.0,Input validation
shellcheck,SC2075,1,SR 3.2 RE 1,RE,SR 3.2,3,0.543871,1.0,Malicious code protection on entry and exit points
shellcheck,SC2075,2,SR 5.2 RE 3,RE,SR 5.2,5,0.540037,0.961838,Fail close
shellcheck,SC2075,3,SR 3.5,SR,SR 3.5,3,0.530627,0.873205,Input validation
shellcheck,SC2075,4,SR 3.7,SR,SR 3.7,3,0.526325,0.834969,Error handling
shellcheck,SC2075,5,SR 1.11,SR,SR 1.11,1,0.525778,0.830211,Unsuccessful login attempts
shellcheck,SC2075,6,SR 1.7 RE 1,RE,SR 1.7,1,0.51792,0.764215,Password generation and lifetime restrictions for human users
shellcheck,SC2075,7,SR 2.4 RE 1,RE,SR 2.4,2,0.51709,0.757504,Mobile code integrity check
shellcheck,SC2076,1,SR 3.5,SR,SR 3.5,3,0.520172,1.0,Input validation
shellcheck,SC2076,2,SR 3.6,SR,SR 3.6,3,0.500301,0.807162,Deterministic output
shellcheck,SC2076,3,SR 3.2 RE 1,RE,SR 3.2,3,0.497586,0.783364,Malicious code protection on entry and exit points
shellcheck,SC2076,4,SR 3.3,SR,SR 3.3,3,0.494619,0.758023,Security functionality verification
shellcheck,SC2076,5,SR 2.4 RE 1,RE,SR 2.4,2,0.493599,0.749461,Mobile code integrity check
shellcheck,SC2076,6,SR 1.7 RE 1,RE,SR 1.7,1,0.492065,0.736743,Password generation and lifetime restrictions for human users
shellcheck,SC2076,7,SR 2.12 RE 1,RE,SR 2.12,2,0.48837,0.706826,Non-repudiation for all users
shellcheck,SC2076,8,SR 3.2,SR,SR 3.2,3,0.487495,0.699886,Malicious code protection
shellcheck,SC2077,1,SR 5.2 RE 3,RE,SR 5.2,5,0.494896,1.0,Fail close
shellcheck,SC2077,2,SR 7.1,SR,SR 7.1,7,0.486465,0.909823,Denial of service protection
shellcheck,SC2077,3,SR 3.2 RE 1,RE,SR 3.2,3,0.484891,0.893749,Malicious code protection on entry and exit points
shellcheck,SC2077,4,SR 3.3,SR,SR 3.3,3,0.484753,0.892347,Security functionality verification
shellcheck,SC2077,5,SR 1.11,SR,SR 1.11,1,0.483227,0.877005,Unsuccessful login attempts
shellcheck,SC2077,6,SR 3.5,SR,SR 3.5,3,0.480849,0.853528,Input validation
shellcheck,SC2077,7,SR 3.7,SR,SR 3.7,3,0.479377,0.839254,Error handling
shellcheck,SC2077,8,SR 2.4 RE 1,RE,SR 2.4,2,0.478461,0.830472,Mobile code integrity check
shellcheck,SC2077,9,SR 1.7 RE 1,RE,SR 1.7,1,0.475907,0.806383,Password generation and lifetime restrictions for human users
shellcheck,SC2077,10,SR 3.6,SR,SR 3.6,3,0.470309,0.75558,Deterministic output
shellcheck,SC2078,1,SR 3.5,SR,SR 3.5,3,0.559992,1.0,Input validation
shellcheck,SC2078,2,SR 3.6,SR,SR 3.6,3,0.53218,0.755655,Deterministic output
shellcheck,SC2078,3,SR 3.8 RE 2,RE,SR 3.8,3,0.522867,0.68573,Unique session ID generation
shellcheck,SC2078,4,SR 3.8 RE 3,RE,SR 3.8,3,0.522725,0.684705,Randomness of session IDs
shellcheck,SC2079,1,SR 2.9 RE 1,RE,SR 2.9,2,0.505544,1.0,Warn when audit record storage capacity threshold reached
shellcheck,SC2079,2,SR 2.11,SR,SR 2.11,2,0.502434,0.96663,Timestamps
shellcheck,SC2080,1,SR 3.8 RE 2,RE,SR 3.8,3,0.51164,1.0,Unique session ID generation
shellcheck,SC2080,2,SR 2.11,SR,SR 2.11,2,0.505652,0.9373,Timestamps
shellcheck,SC2080,3,SR 3.8 RE 3,RE,SR 3.8,3,0.504485,0.925463,Randomness of session IDs
shellcheck,SC2080,4,SR 3.2 RE 1,RE,SR 3.2,3,0.502105,0.901707,Malicious code protection on entry and exit points
shellcheck,SC2080,5,SR 1.4,SR,SR 1.4,1,0.501439,0.895151,Identifier management
shellcheck,SC2080,6,SR 3.7,SR,SR 3.7,3,0.501234,0.893139,Error handling
shellcheck,SC2080,7,SR 3.8,SR,SR 3.8,3,0.498138,0.863213,Session integrity
shellcheck,SC2080,8,SR 7.6 RE 1,RE,SR 7.6,7,0.496824,0.850766,Machine-readable reporting of current security settings
shellcheck,SC2080,9,SR 1.11,SR,SR 1.11,1,0.494835,0.832203,Unsuccessful login attempts
shellcheck,SC2080,10,SR 3.5,SR,SR 3.5,3,0.494021,0.824699,Input validation
shellcheck,SC2081,1,SR 3.5,SR,SR 3.5,3,0.507406,1.0,Input validation
shellcheck,SC2081,2,SR 2.9 RE 1,RE,SR 2.9,2,0.500442,0.926804,Warn when audit record storage capacity threshold reached
shellcheck,SC2081,3,SR 1.11,SR,SR 1.11,1,0.494341,0.866347,Unsuccessful login attempts
shellcheck,SC2081,4,SR 2.11,SR,SR 2.11,2,0.493232,0.855713,Timestamps
shellcheck,SC2081,5,SR 2.12 RE 1,RE,SR 2.12,2,0.486771,0.79585,Non-repudiation for all users
shellcheck,SC2081,6,SR 3.7,SR,SR 3.7,3,0.481746,0.751694,Error handling
shellcheck,SC2081,7,SR 3.3,SR,SR 3.3,3,0.476491,0.707692,Security functionality verification
shellcheck,SC2081,8,SR 3.8,SR,SR 3.8,3,0.47551,0.699714,Session integrity
shellcheck,SC2081,9,SR 5.3 RE 1,RE,SR 5.3,5,0.474567,0.692115,Prohibit all general purpose person-to-person communications
shellcheck,SC2082,1,SR 1.4,SR,SR 1.4,1,0.497071,1.0,Identifier management
shellcheck,SC2082,2,SR 7.1 RE 1,RE,SR 7.1,7,0.482995,0.853854,Manage communication loads
shellcheck,SC2082,3,SR 3.5,SR,SR 3.5,3,0.477979,0.80621,Input validation
shellcheck,SC2082,4,SR 5.2 RE 1,RE,SR 5.2,5,0.468675,0.723591,"Deny by default, allow by exception"
shellcheck,SC2082,5,SR 2.11,SR,SR 2.11,2,0.464754,0.690919,Timestamps
shellcheck,SC2082,6,SR 5.2 RE 3,RE,SR 5.2,5,0.464278,0.687035,Fail close
shellcheck,SC2083,1,SR 3.5,SR,SR 3.5,3,0.454267,1.0,Input validation
shellcheck,SC2083,2,SR 7.3,SR,SR 7.3,7,0.442345,0.863921,Control system backup
shellcheck,SC2083,3,SR 2.11,SR,SR 2.11,2,0.438927,0.827838,Timestamps
shellcheck,SC2083,4,SR 5.2 RE 3,RE,SR 5.2,5,0.437667,0.814859,Fail close
shellcheck,SC2083,5,SR 3.2 RE 1,RE,SR 3.2,3,0.436708,0.805088,Malicious code protection on entry and exit points
shellcheck,SC2083,6,SR 2.9 RE 1,RE,SR 2.9,2,0.431938,0.757891,Warn when audit record storage capacity threshold reached
shellcheck,SC2083,7,SR 3.7,SR,SR 3.7,3,0.426422,0.706169,Error handling
shellcheck,SC2083,8,SR 3.3,SR,SR 3.3,3,0.425543,0.6982,Security functionality verification
shellcheck,SC2084,1,SR 3.2 RE 1,RE,SR 3.2,3,0.514786,1.0,Malicious code protection on entry and exit points
shellcheck,SC2084,2,SR 4.2 RE 1,RE,SR 4.2,4,0.508696,0.936643,Purging of shared memory resources
shellcheck,SC2084,3,SR 3.5,SR,SR 3.5,3,0.505207,0.901843,Input validation
shellcheck,SC2084,4,SR 3.7,SR,SR 3.7,3,0.503023,0.88061,Error handling
shellcheck,SC2084,5,SR 1.4,SR,SR 1.4,1,0.498498,0.837918,Identifier management
shellcheck,SC2084,6,SR 4.2,SR,SR 4.2,4,0.497804,0.831514,Information persistence
shellcheck,SC2084,7,SR 2.4 RE 1,RE,SR 2.4,2,0.492077,0.780249,Mobile code integrity check
shellcheck,SC2084,8,SR 5.2 RE 3,RE,SR 5.2,5,0.488489,0.749464,Fail close
shellcheck,SC2084,9,SR 2.1 RE 4,RE,SR 2.1,2,0.487778,0.74349,Dual approval
shellcheck,SC2084,10,SR 2.4,SR,SR 2.4,2,0.485734,0.726508,Mobile code
shellcheck,SC2086,1,SR 3.5,SR,SR 3.5,3,0.518202,1.0,Input validation
shellcheck,SC2086,2,SR 7.1 RE 1,RE,SR 7.1,7,0.517951,0.997345,Manage communication loads
shellcheck,SC2086,3,SR 4.2 RE 1,RE,SR 4.2,4,0.506196,0.879047,Purging of shared memory resources
shellcheck,SC2086,4,SR 3.2 RE 1,RE,SR 3.2,3,0.500838,0.829072,Malicious code protection on entry and exit points
shellcheck,SC2086,5,SR 1.7 RE 1,RE,SR 1.7,1,0.491139,0.744528,Password generation and lifetime restrictions for human users
shellcheck,SC2086,6,SR 5.2 RE 2,RE,SR 5.2,5,0.487731,0.716554,Island mode
shellcheck,SC2087,1,SR 7.1,SR,SR 7.1,7,0.541122,1.0,Denial of service protection
shellcheck,SC2087,2,SR 1.11,SR,SR 1.11,1,0.523695,0.835235,Unsuccessful login attempts
shellcheck,SC2087,3,SR 2.11,SR,SR 2.11,2,0.517378,0.781307,Timestamps
shellcheck,SC2087,4,SR 7.6 RE 1,RE,SR 7.6,7,0.517053,0.778607,Machine-readable reporting of current security settings
shellcheck,SC2087,5,SR 3.8 RE 1,RE,SR 3.8,3,0.516653,0.775302,Invalidation of session IDs after session termination
shellcheck,SC2087,6,SR 5.2 RE 3,RE,SR 5.2,5,0.512565,0.742155,Fail close
shellcheck,SC2087,7,SR 2.6,SR,SR 2.6,2,0.512166,0.738981,Remote session termination
shellcheck,SC2087,8,SR 3.9 RE 1,RE,SR 3.9,3,0.506667,0.696385,Audit records on write-once media
shellcheck,SC2087,9,SR 7.1 RE 1,RE,SR 7.1,7,0.506624,0.696062,Manage communication loads
shellcheck,SC2088,1,SR 1.11,SR,SR 1.11,1,0.467485,1.0,Unsuccessful login attempts
shellcheck,SC2088,2,SR 7.6 RE 1,RE,SR 7.6,7,0.458965,0.90379,Machine-readable reporting of current security settings
shellcheck,SC2088,3,SR 2.9 RE 1,RE,SR 2.9,2,0.458445,0.898168,Warn when audit record storage capacity threshold reached
shellcheck,SC2088,4,SR 1.7 RE 1,RE,SR 1.7,1,0.451229,0.823122,Password generation and lifetime restrictions for human users
shellcheck,SC2088,5,SR 3.2 RE 1,RE,SR 3.2,3,0.448494,0.796054,Malicious code protection on entry and exit points
shellcheck,SC2088,6,SR 2.11,SR,SR 2.11,2,0.447244,0.783922,Timestamps
shellcheck,SC2088,7,SR 5.2 RE 3,RE,SR 5.2,5,0.446348,0.775321,Fail close
shellcheck,SC2088,8,SR 3.9 RE 1,RE,SR 3.9,3,0.443171,0.745456,Audit records on write-once media
shellcheck,SC2088,9,SR 1.5 RE 1,RE,SR 1.5,1,0.437026,0.690347,Hardware security for software process identity credentials
shellcheck,SC2088,10,SR 3.5,SR,SR 3.5,3,0.436212,0.683308,Input validation
shellcheck,SC2089,1,SR 3.5,SR,SR 3.5,3,0.512309,1.0,Input validation
shellcheck,SC2089,2,SR 7.1 RE 1,RE,SR 7.1,7,0.499691,0.871835,Manage communication loads
shellcheck,SC2089,3,SR 3.7,SR,SR 3.7,3,0.491637,0.7973,Error handling
shellcheck,SC2089,4,SR 2.11,SR,SR 2.11,2,0.489066,0.77463,Timestamps
shellcheck,SC2089,5,SR 1.4,SR,SR 1.4,1,0.485413,0.743336,Identifier management
shellcheck,SC2089,6,SR 5.2 RE 1,RE,SR 5.2,5,0.48508,0.740538,"Deny by default, allow by exception"
shellcheck,SC2089,7,SR 7.1,SR,SR 7.1,7,0.482978,0.723059,Denial of service protection
shellcheck,SC2089,8,SR 7.7,SR,SR 7.7,7,0.480515,0.703008,Least functionality
shellcheck,SC2089,9,SR 7.3,SR,SR 7.3,7,0.47875,0.688926,Control system backup
shellcheck,SC2090,1,SR 7.6,SR,SR 7.6,7,0.489061,1.0,Network and security configuration settings
shellcheck,SC2090,2,SR 5.4,SR,SR 5.4,5,0.486336,0.969737,Application partitioning
shellcheck,SC2090,3,SR 7.6 RE 1,RE,SR 7.6,7,0.480567,0.90814,Machine-readable reporting of current security settings
shellcheck,SC2090,4,SR 2.11 RE 1,RE,SR 2.11,2,0.473323,0.835359,Internal time synchronization
shellcheck,SC2090,5,SR 1.7 RE 1,RE,SR 1.7,1,0.470074,0.804304,Password generation and lifetime restrictions for human users
shellcheck,SC2090,6,SR 3.3,SR,SR 3.3,3,0.466434,0.77064,Security functionality verification
shellcheck,SC2090,7,SR 1.5 RE 1,RE,SR 1.5,1,0.465641,0.76346,Hardware security for software process identity credentials
shellcheck,SC2090,8,SR 7.1,SR,SR 7.1,7,0.465373,0.761044,Denial of service protection
shellcheck,SC2090,9,SR 2.8 RE 1,RE,SR 2.8,2,0.463961,0.748432,"Centrally managed, system-wide audit trail"
shellcheck,SC2090,10,SR 2.11,SR,SR 2.11,2,0.463508,0.744423,Timestamps
shellcheck,SC2091,1,SR 3.5,SR,SR 3.5,3,0.493645,1.0,Input validation
shellcheck,SC2091,2,SR 7.6 RE 1,RE,SR 7.6,7,0.489971,0.959742,Machine-readable reporting of current security settings
shellcheck,SC2091,3,SR 3.7,SR,SR 3.7,3,0.478045,0.838101,Error handling
shellcheck,SC2091,4,SR 1.5 RE 1,RE,SR 1.5,1,0.47496,0.808786,Hardware security for software process identity credentials
shellcheck,SC2091,5,SR 5.2 RE 2,RE,SR 5.2,5,0.47441,0.803647,Island mode
shellcheck,SC2091,6,SR 5.2 RE 3,RE,SR 5.2,5,0.474049,0.800283,Fail close
shellcheck,SC2091,7,SR 2.11 RE 2,RE,SR 2.11,2,0.473445,0.794696,Protection of time source integrity
shellcheck,SC2091,8,SR 3.6,SR,SR 3.6,3,0.470403,0.767014,Deterministic output
shellcheck,SC2091,9,SR 1.2,SR,SR 1.2,1,0.4701,0.764297,Software process and device identification and authentication
shellcheck,SC2091,10,SR 2.11,SR,SR 2.11,2,0.46748,0.741161,Timestamps
shellcheck,SC2092,1,SR 4.2 RE 1,RE,SR 4.2,4,0.52217,1.0,Purging of shared memory resources
shellcheck,SC2092,2,SR 3.6,SR,SR 3.6,3,0.495957,0.753316,Deterministic output
shellcheck,SC2092,3,SR 3.2 RE 1,RE,SR 3.2,3,0.489123,0.697966,Malicious code protection on entry and exit points
shellcheck,SC2092,4,SR 4.2,SR,SR 4.2,4,0.488519,0.69324,Information persistence
shellcheck,SC2093,1,SR 7.3,SR,SR 7.3,7,0.460921,1.0,Control system backup
shellcheck,SC2093,2,SR 1.2,SR,SR 1.2,1,0.46087,0.999393,Software process and device identification and authentication
shellcheck,SC2093,3,SR 7.1 RE 1,RE,SR 7.1,7,0.459401,0.982006,Manage communication loads
shellcheck,SC2093,4,SR 2.8 RE 1,RE,SR 2.8,2,0.456611,0.949645,"Centrally managed, system-wide audit trail"
shellcheck,SC2093,5,SR 4.2,SR,SR 4.2,4,0.451182,0.889182,Information persistence
shellcheck,SC2093,6,SR 3.2 RE 1,RE,SR 3.2,3,0.449868,0.875031,Malicious code protection on entry and exit points
shellcheck,SC2093,7,SR 3.2 RE 2,RE,SR 3.2,3,0.448172,0.857038,Central management and reporting for malicious code protection
shellcheck,SC2093,8,SR 3.2,SR,SR 3.2,3,0.447726,0.852359,Malicious code protection
shellcheck,SC2093,9,SR 3.7,SR,SR 3.7,3,0.446846,0.843185,Error handling
shellcheck,SC2093,10,SR 3.3 RE 2,RE,SR 3.3,3,0.445054,0.82476,Security functionality verification during normal operation
shellcheck,SC2094,1,SR 7.3,SR,SR 7.3,7,0.542948,1.0,Control system backup
shellcheck,SC2094,2,SR 4.2 RE 1,RE,SR 4.2,4,0.542573,0.996209,Purging of shared memory resources
shellcheck,SC2094,3,SR 3.2 RE 1,RE,SR 3.2,3,0.525981,0.83978,Malicious code protection on entry and exit points
shellcheck,SC2094,4,SR 1.5 RE 1,RE,SR 1.5,1,0.523153,0.815244,Hardware security for software process identity credentials
shellcheck,SC2094,5,SR 2.11,SR,SR 2.11,2,0.520937,0.796429,Timestamps
shellcheck,SC2094,6,SR 3.5,SR,SR 3.5,3,0.5206,0.793602,Input validation
shellcheck,SC2094,7,SR 3.9 RE 1,RE,SR 3.9,3,0.518875,0.779243,Audit records on write-once media
shellcheck,SC2094,8,SR 2.8 RE 1,RE,SR 2.8,2,0.516938,0.76338,"Centrally managed, system-wide audit trail"
shellcheck,SC2094,9,SR 3.7,SR,SR 3.7,3,0.514712,0.745474,Error handling
shellcheck,SC2094,10,SR 4.2,SR,SR 4.2,4,0.512534,0.728287,Information persistence
shellcheck,SC2095,1,SR 5.2 RE 2,RE,SR 5.2,5,0.560149,1.0,Island mode
shellcheck,SC2095,2,SR 1.11,SR,SR 1.11,1,0.55079,0.911493,Unsuccessful login attempts
shellcheck,SC2095,3,SR 5.2 RE 3,RE,SR 5.2,5,0.549316,0.898163,Fail close
shellcheck,SC2095,4,SR 7.1,SR,SR 7.1,7,0.546107,0.869677,Denial of service protection
shellcheck,SC2095,5,SR 3.2 RE 1,RE,SR 3.2,3,0.54098,0.825712,Malicious code protection on entry and exit points
shellcheck,SC2095,6,SR 7.1 RE 1,RE,SR 7.1,7,0.532793,0.759281,Manage communication loads
shellcheck,SC2095,7,SR 1.5 RE 1,RE,SR 1.5,1,0.530527,0.741689,Hardware security for software process identity credentials
shellcheck,SC2095,8,SR 3.3,SR,SR 3.3,3,0.529257,0.731978,Security functionality verification
shellcheck,SC2095,9,SR 3.7,SR,SR 3.7,3,0.528919,0.729408,Error handling
shellcheck,SC2095,10,SR 4.2 RE 1,RE,SR 4.2,4,0.5265,0.711248,Purging of shared memory resources
shellcheck,SC2096,1,SR 7.1,SR,SR 7.1,7,0.500715,1.0,Denial of service protection
shellcheck,SC2096,2,SR 7.1 RE 1,RE,SR 7.1,7,0.500046,0.992673,Manage communication loads
shellcheck,SC2096,3,SR 5.2 RE 3,RE,SR 5.2,5,0.498622,0.977233,Fail close
shellcheck,SC2096,4,SR 7.1 RE 2,RE,SR 7.1,7,0.49496,0.938403,Limit DoS effects to other systems or networks
shellcheck,SC2096,5,SR 3.7,SR,SR 3.7,3,0.494419,0.932775,Error handling
shellcheck,SC2096,6,SR 1.7 RE 1,RE,SR 1.7,1,0.493714,0.925484,Password generation and lifetime restrictions for human users
shellcheck,SC2096,7,SR 1.5 RE 1,RE,SR 1.5,1,0.492273,0.910719,Hardware security for software process identity credentials
shellcheck,SC2096,8,SR 3.6,SR,SR 3.6,3,0.491217,0.90003,Deterministic output
shellcheck,SC2096,9,SR 4.2 RE 1,RE,SR 4.2,4,0.489705,0.884895,Purging of shared memory resources
shellcheck,SC2096,10,SR 3.2 RE 1,RE,SR 3.2,3,0.485652,0.845357,Malicious code protection on entry and exit points
shellcheck,SC2097,1,SR 5.2 RE 2,RE,SR 5.2,5,0.557554,1.0,Island mode
shellcheck,SC2097,2,SR 1.4,SR,SR 1.4,1,0.554437,0.969637,Identifier management
shellcheck,SC2097,3,SR 5.2 RE 3,RE,SR 5.2,5,0.552247,0.948753,Fail close
shellcheck,SC2097,4,SR 7.1 RE 1,RE,SR 7.1,7,0.548963,0.918135,Manage communication loads
shellcheck,SC2097,5,SR 7.3,SR,SR 7.3,7,0.543654,0.870351,Control system backup
shellcheck,SC2097,6,SR 3.2 RE 1,RE,SR 3.2,3,0.542914,0.863858,Malicious code protection on entry and exit points
shellcheck,SC2097,7,SR 4.2 RE 1,RE,SR 4.2,4,0.540259,0.84088,Purging of shared memory resources
shellcheck,SC2097,8,SR 1.2,SR,SR 1.2,1,0.535136,0.797947,Software process and device identification and authentication
shellcheck,SC2097,9,SR 1.5 RE 1,RE,SR 1.5,1,0.532811,0.779065,Hardware security for software process identity credentials
shellcheck,SC2097,10,SR 7.1 RE 2,RE,SR 7.1,7,0.531331,0.767238,Limit DoS effects to other systems or networks
shellcheck,SC2098,1,SR 7.8,SR,SR 7.8,7,0.479183,1.0,Control system component inventory
shellcheck,SC2098,2,SR 1.13 RE 1,RE,SR 1.13,1,0.465255,0.850243,Explicit access request approval
shellcheck,SC2098,3,SR 1.3 RE 1,RE,SR 1.3,1,0.465147,0.849162,Unified account management
shellcheck,SC2098,4,SR 5.4,SR,SR 5.4,5,0.460915,0.807526,Application partitioning
shellcheck,SC2098,5,SR 3.3,SR,SR 3.3,3,0.454857,0.75085,Security functionality verification
shellcheck,SC2098,6,SR 1.11,SR,SR 1.11,1,0.45342,0.737897,Unsuccessful login attempts
shellcheck,SC2098,7,SR 5.1 RE 2,RE,SR 5.1,5,0.452553,0.730173,Independence from non-control system networks
shellcheck,SC2098,8,SR 3.8,SR,SR 3.8,3,0.450065,0.708365,Session integrity
shellcheck,SC2099,1,SR 3.5,SR,SR 3.5,3,0.545677,1.0,Input validation
shellcheck,SC2099,2,SR 3.7,SR,SR 3.7,3,0.530744,0.858468,Error handling
shellcheck,SC2099,3,SR 1.4,SR,SR 1.4,1,0.510277,0.691491,Identifier management
shellcheck,SC2100,1,SR 3.5,SR,SR 3.5,3,0.557402,1.0,Input validation
shellcheck,SC2100,2,SR 3.7,SR,SR 3.7,3,0.544075,0.875384,Error handling
shellcheck,SC2100,3,SR 3.3,SR,SR 3.3,3,0.526561,0.731211,Security functionality verification
shellcheck,SC2101,1,SR 5.2 RE 3,RE,SR 5.2,5,0.521594,1.0,Fail close
shellcheck,SC2101,2,SR 4.2 RE 1,RE,SR 4.2,4,0.521399,0.997941,Purging of shared memory resources
shellcheck,SC2101,3,SR 3.2 RE 1,RE,SR 3.2,3,0.51181,0.90109,Malicious code protection on entry and exit points
shellcheck,SC2101,4,SR 7.3,SR,SR 7.3,7,0.511676,0.899795,Control system backup
shellcheck,SC2101,5,SR 3.7,SR,SR 3.7,3,0.504627,0.833697,Error handling
shellcheck,SC2101,6,SR 2.11,SR,SR 2.11,2,0.503899,0.827101,Timestamps
shellcheck,SC2101,7,SR 1.4,SR,SR 1.4,1,0.499912,0.791745,Identifier management
shellcheck,SC2101,8,SR 4.2,SR,SR 4.2,4,0.499033,0.784119,Information persistence
shellcheck,SC2101,9,SR 2.4 RE 1,RE,SR 2.4,2,0.494244,0.743618,Mobile code integrity check
shellcheck,SC2101,10,SR 1.11,SR,SR 1.11,1,0.493683,0.738983,Unsuccessful login attempts
shellcheck,SC2102,1,SR 3.8 RE 2,RE,SR 3.8,3,0.520196,1.0,Unique session ID generation
shellcheck,SC2102,2,SR 3.8 RE 3,RE,SR 3.8,3,0.516348,0.959992,Randomness of session IDs
shellcheck,SC2102,3,SR 2.11,SR,SR 2.11,2,0.515902,0.955441,Timestamps
shellcheck,SC2102,4,SR 1.11,SR,SR 1.11,1,0.51197,0.916066,Unsuccessful login attempts
shellcheck,SC2102,5,SR 3.2 RE 1,RE,SR 3.2,3,0.506215,0.860844,Malicious code protection on entry and exit points
shellcheck,SC2102,6,SR 2.9 RE 1,RE,SR 2.9,2,0.502269,0.824581,Warn when audit record storage capacity threshold reached
shellcheck,SC2102,7,SR 4.2 RE 1,RE,SR 4.2,4,0.493355,0.747237,Purging of shared memory resources
shellcheck,SC2102,8,SR 1.7 RE 1,RE,SR 1.7,1,0.488068,0.704245,Password generation and lifetime restrictions for human users
shellcheck,SC2102,9,SR 2.4 RE 1,RE,SR 2.4,2,0.487865,0.702635,Mobile code integrity check
shellcheck,SC2102,10,SR 3.8,SR,SR 3.8,3,0.487633,0.700801,Session integrity
shellcheck,SC2103,1,SR 7.3,SR,SR 7.3,7,0.561456,1.0,Control system backup
shellcheck,SC2103,2,SR 5.2 RE 3,RE,SR 5.2,5,0.550857,0.900485,Fail close
shellcheck,SC2103,3,SR 3.2 RE 1,RE,SR 3.2,3,0.546884,0.86534,Malicious code protection on entry and exit points
shellcheck,SC2103,4,SR 3.7,SR,SR 3.7,3,0.531768,0.74171,Error handling
shellcheck,SC2103,5,SR 3.9 RE 1,RE,SR 3.9,3,0.531594,0.74038,Audit records on write-once media
shellcheck,SC2103,6,SR 7.1,SR,SR 7.1,7,0.530354,0.730934,Denial of service protection
shellcheck,SC2103,7,SR 7.1 RE 1,RE,SR 7.1,7,0.529958,0.727935,Manage communication loads
shellcheck,SC2103,8,SR 7.3 RE 1,RE,SR 7.3,7,0.525453,0.694546,Backup verification
shellcheck,SC2104,1,SR 5.2 RE 3,RE,SR 5.2,5,0.549705,1.0,Fail close
shellcheck,SC2105,1,SR 1.11,SR,SR 1.11,1,0.562647,1.0,Unsuccessful login attempts
shellcheck,SC2105,2,SR 3.5,SR,SR 3.5,3,0.558236,0.957636,Input validation
shellcheck,SC2105,3,SR 5.2 RE 3,RE,SR 5.2,5,0.551995,0.900213,Fail close
shellcheck,SC2105,4,SR 3.7,SR,SR 3.7,3,0.539049,0.790057,Error handling
shellcheck,SC2105,5,SR 2.12 RE 1,RE,SR 2.12,2,0.530785,0.725702,Non-repudiation for all users
shellcheck,SC2105,6,SR 3.2 RE 1,RE,SR 3.2,3,0.528909,0.711705,Malicious code protection on entry and exit points
shellcheck,SC2106,1,SR 5.2 RE 3,RE,SR 5.2,5,0.562221,1.0,Fail close
shellcheck,SC2106,2,SR 3.2 RE 1,RE,SR 3.2,3,0.556715,0.947307,Malicious code protection on entry and exit points
shellcheck,SC2106,3,SR 3.7,SR,SR 3.7,3,0.524295,0.681047,Error handling
shellcheck,SC2107,1,SR 3.7,SR,SR 3.7,3,0.546422,1.0,Error handling
shellcheck,SC2107,2,SR 3.2 RE 1,RE,SR 3.2,3,0.538363,0.921529,Malicious code protection on entry and exit points
shellcheck,SC2107,3,SR 1.4,SR,SR 1.4,1,0.530886,0.853304,Identifier management
shellcheck,SC2107,4,SR 3.5,SR,SR 3.5,3,0.530516,0.850036,Input validation
shellcheck,SC2107,5,SR 2.4,SR,SR 2.4,2,0.529606,0.842049,Mobile code
shellcheck,SC2107,6,SR 7.1,SR,SR 7.1,7,0.523141,0.787039,Denial of service protection
shellcheck,SC2107,7,SR 1.7 RE 1,RE,SR 1.7,1,0.518829,0.752021,Password generation and lifetime restrictions for human users
shellcheck,SC2107,8,SR 5.2 RE 3,RE,SR 5.2,5,0.517849,0.744236,Fail close
shellcheck,SC2107,9,SR 7.7,SR,SR 7.7,7,0.51512,0.72292,Least functionality
shellcheck,SC2107,10,SR 7.1 RE 1,RE,SR 7.1,7,0.514667,0.719429,Manage communication loads
shellcheck,SC2108,1,SR 3.5,SR,SR 3.5,3,0.522285,1.0,Input validation
shellcheck,SC2108,2,SR 3.7,SR,SR 3.7,3,0.517758,0.953251,Error handling
shellcheck,SC2108,3,SR 1.4,SR,SR 1.4,1,0.512203,0.898341,Identifier management
shellcheck,SC2108,4,SR 3.2 RE 1,RE,SR 3.2,3,0.510043,0.877699,Malicious code protection on entry and exit points
shellcheck,SC2108,5,SR 5.2 RE 3,RE,SR 5.2,5,0.504931,0.830394,Fail close
shellcheck,SC2108,6,SR 2.4,SR,SR 2.4,2,0.499078,0.778818,Mobile code
shellcheck,SC2108,7,SR 5.2 RE 1,RE,SR 5.2,5,0.498142,0.770818,"Deny by default, allow by exception"
shellcheck,SC2108,8,SR 1.7 RE 1,RE,SR 1.7,1,0.496085,0.753472,Password generation and lifetime restrictions for human users
shellcheck,SC2108,9,SR 2.4 RE 1,RE,SR 2.4,2,0.495077,0.745084,Mobile code integrity check
shellcheck,SC2108,10,SR 3.6,SR,SR 3.6,3,0.494058,0.736692,Deterministic output
shellcheck,SC2109,1,SR 3.5,SR,SR 3.5,3,0.55231,1.0,Input validation
shellcheck,SC2109,2,SR 1.4,SR,SR 1.4,1,0.541982,0.901383,Identifier management
shellcheck,SC2109,3,SR 1.7 RE 1,RE,SR 1.7,1,0.5356,0.844534,Password generation and lifetime restrictions for human users
shellcheck,SC2109,4,SR 1.7,SR,SR 1.7,1,0.534865,0.838179,Strength of password-based authentication
shellcheck,SC2109,5,SR 2.4,SR,SR 2.4,2,0.531698,0.811239,Mobile code
shellcheck,SC2109,6,SR 3.6,SR,SR 3.6,3,0.531561,0.81009,Deterministic output
shellcheck,SC2109,7,SR 1.11,SR,SR 1.11,1,0.531042,0.805754,Unsuccessful login attempts
shellcheck,SC2109,8,SR 3.7,SR,SR 3.7,3,0.526764,0.770693,Error handling
shellcheck,SC2109,9,SR 3.2 RE 1,RE,SR 3.2,3,0.525028,0.756827,Malicious code protection on entry and exit points
shellcheck,SC2109,10,SR 1.13 RE 1,RE,SR 1.13,1,0.519363,0.712991,Explicit access request approval
shellcheck,SC2110,1,SR 3.5,SR,SR 3.5,3,0.536147,1.0,Input validation
shellcheck,SC2110,2,SR 1.4,SR,SR 1.4,1,0.528002,0.919254,Identifier management
shellcheck,SC2110,3,SR 3.6,SR,SR 3.6,3,0.525252,0.893229,Deterministic output
shellcheck,SC2110,4,SR 7.1,SR,SR 7.1,7,0.516157,0.81141,Denial of service protection
shellcheck,SC2110,5,SR 1.11,SR,SR 1.11,1,0.508808,0.749872,Unsuccessful login attempts
shellcheck,SC2110,6,SR 5.2 RE 3,RE,SR 5.2,5,0.508611,0.748274,Fail close
shellcheck,SC2110,7,SR 7.1 RE 1,RE,SR 7.1,7,0.508057,0.7438,Manage communication loads
shellcheck,SC2110,8,SR 1.7 RE 1,RE,SR 1.7,1,0.507724,0.741125,Password generation and lifetime restrictions for human users
shellcheck,SC2110,9,SR 3.7,SR,SR 3.7,3,0.506774,0.733532,Error handling
shellcheck,SC2110,10,SR 5.2 RE 2,RE,SR 5.2,5,0.502357,0.699045,Island mode
shellcheck,SC2111,1,SR 3.3,SR,SR 3.3,3,0.531596,1.0,Security functionality verification
shellcheck,SC2111,2,SR 7.7,SR,SR 7.7,7,0.519366,0.879836,Least functionality
shellcheck,SC2111,3,SR 5.2 RE 3,RE,SR 5.2,5,0.513468,0.826267,Fail close
shellcheck,SC2111,4,SR 3.3 RE 2,RE,SR 3.3,3,0.501663,0.727055,Security functionality verification during normal operation
shellcheck,SC2111,5,SR 3.2 RE 1,RE,SR 3.2,3,0.500416,0.717164,Malicious code protection on entry and exit points
shellcheck,SC2111,6,SR 3.3 RE 1,RE,SR 3.3,3,0.499476,0.709785,Automated mechanisms for security functionality verification
shellcheck,SC2111,7,SR 5.2 RE 1,RE,SR 5.2,5,0.497006,0.690696,"Deny by default, allow by exception"
shellcheck,SC2112,1,SR 3.3,SR,SR 3.3,3,0.538374,1.0,Security functionality verification
shellcheck,SC2112,2,SR 3.3 RE 2,RE,SR 3.3,3,0.520531,0.830795,Security functionality verification during normal operation
shellcheck,SC2112,3,SR 5.2 RE 3,RE,SR 5.2,5,0.509056,0.73493,Fail close
shellcheck,SC2112,4,SR 3.2 RE 1,RE,SR 3.2,3,0.50217,0.681892,Malicious code protection on entry and exit points
shellcheck,SC2113,1,SR 3.3,SR,SR 3.3,3,0.516359,1.0,Security functionality verification
shellcheck,SC2113,2,SR 5.2 RE 3,RE,SR 5.2,5,0.50538,0.888516,Fail close
shellcheck,SC2113,3,SR 3.3 RE 2,RE,SR 3.3,3,0.492227,0.768558,Security functionality verification during normal operation
shellcheck,SC2114,1,SR 4.2 RE 1,RE,SR 4.2,4,0.535213,1.0,Purging of shared memory resources
shellcheck,SC2114,2,SR 4.2,SR,SR 4.2,4,0.507281,0.744675,Information persistence
shellcheck,SC2115,1,SR 5.2 RE 2,RE,SR 5.2,5,0.551013,1.0,Island mode
shellcheck,SC2115,2,SR 3.2 RE 1,RE,SR 3.2,3,0.541261,0.90646,Malicious code protection on entry and exit points
shellcheck,SC2115,3,SR 5.2 RE 3,RE,SR 5.2,5,0.535475,0.854425,Fail close
shellcheck,SC2115,4,SR 7.1 RE 1,RE,SR 7.1,7,0.531197,0.817554,Manage communication loads
shellcheck,SC2115,5,SR 2.9 RE 1,RE,SR 2.9,2,0.522679,0.748002,Warn when audit record storage capacity threshold reached
shellcheck,SC2115,6,SR 1.5 RE 1,RE,SR 1.5,1,0.519376,0.722371,Hardware security for software process identity credentials
shellcheck,SC2115,7,SR 2.11 RE 2,RE,SR 2.11,2,0.518739,0.71751,Protection of time source integrity
shellcheck,SC2115,8,SR 4.2 RE 1,RE,SR 4.2,4,0.518413,0.715034,Purging of shared memory resources
shellcheck,SC2115,9,SR 2.11,SR,SR 2.11,2,0.514465,0.685593,Timestamps
shellcheck,SC2116,1,SR 2.11,SR,SR 2.11,2,0.50856,1.0,Timestamps
shellcheck,SC2116,2,SR 1.4,SR,SR 1.4,1,0.500751,0.918411,Identifier management
shellcheck,SC2116,3,SR 1.12,SR,SR 1.12,1,0.498736,0.898268,System use notification
shellcheck,SC2116,4,SR 7.1 RE 1,RE,SR 7.1,7,0.493177,0.844567,Manage communication loads
shellcheck,SC2116,5,SR 3.5,SR,SR 3.5,3,0.486796,0.786192,Input validation
shellcheck,SC2116,6,SR 3.8 RE 2,RE,SR 3.8,3,0.484596,0.766846,Unique session ID generation
shellcheck,SC2117,1,SR 2.1 RE 3,RE,SR 2.1,2,0.548524,1.0,Supervisor override
shellcheck,SC2117,2,SR 2.1 RE 1,RE,SR 2.1,2,0.547861,0.993364,Authorization enforcement for all users
shellcheck,SC2117,3,SR 2.12 RE 1,RE,SR 2.12,2,0.547089,0.985695,Non-repudiation for all users
shellcheck,SC2117,4,SR 1.13 RE 1,RE,SR 1.13,1,0.544514,0.960448,Explicit access request approval
shellcheck,SC2117,5,SR 1.11,SR,SR 1.11,1,0.54275,0.943459,Unsuccessful login attempts
shellcheck,SC2117,6,SR 2.1 RE 2,RE,SR 2.1,2,0.536643,0.886524,Permission mapping to roles
shellcheck,SC2117,7,SR 1.5 RE 1,RE,SR 1.5,1,0.534673,0.868778,Hardware security for software process identity credentials
shellcheck,SC2117,8,SR 2.1,SR,SR 2.1,2,0.528887,0.81831,Authorization enforcement
shellcheck,SC2117,9,SR 5.3,SR,SR 5.3,5,0.521865,0.760316,General purpose person-to-person communication restrictions
shellcheck,SC2117,10,SR 1.1,SR,SR 1.1,1,0.520374,0.748443,Human user identification and authentication
shellcheck,SC2118,1,SR 1.11,SR,SR 1.11,1,0.477711,1.0,Unsuccessful login attempts
shellcheck,SC2118,2,SR 1.5 RE 1,RE,SR 1.5,1,0.471536,0.930948,Hardware security for software process identity credentials
shellcheck,SC2118,3,SR 5.2 RE 3,RE,SR 5.2,5,0.467706,0.890108,Fail close
shellcheck,SC2118,4,SR 5.2 RE 2,RE,SR 5.2,5,0.461709,0.829121,Island mode
shellcheck,SC2118,5,SR 2.1 RE 4,RE,SR 2.1,2,0.459348,0.806074,Dual approval
shellcheck,SC2118,6,SR 2.4 RE 1,RE,SR 2.4,2,0.454137,0.757041,Mobile code integrity check
shellcheck,SC2118,7,SR 3.2 RE 1,RE,SR 3.2,3,0.453759,0.753585,Malicious code protection on entry and exit points
shellcheck,SC2118,8,SR 5.3 RE 1,RE,SR 5.3,5,0.451002,0.728745,Prohibit all general purpose person-to-person communications
shellcheck,SC2118,9,SR 3.3,SR,SR 3.3,3,0.449331,0.714019,Security functionality verification
shellcheck,SC2118,10,SR 5.2 RE 1,RE,SR 5.2,5,0.447115,0.69486,"Deny by default, allow by exception"
shellcheck,SC2119,1,SR 2.12 RE 1,RE,SR 2.12,2,0.523684,1.0,Non-repudiation for all users
shellcheck,SC2119,2,SR 3.5,SR,SR 3.5,3,0.502271,0.794835,Input validation
shellcheck,SC2119,3,SR 1.5 RE 1,RE,SR 1.5,1,0.500371,0.778434,Hardware security for software process identity credentials
shellcheck,SC2119,4,SR 3.6,SR,SR 3.6,3,0.498297,0.760854,Deterministic output
shellcheck,SC2119,5,SR 1.2 RE 1,RE,SR 1.2,1,0.495367,0.736573,Unique identification and authentication
shellcheck,SC2119,6,SR 3.3,SR,SR 3.3,3,0.492593,0.714168,Security functionality verification
shellcheck,SC2119,7,SR 2.12,SR,SR 2.12,2,0.491782,0.707726,Non-repudiation
shellcheck,SC2119,8,SR 7.7,SR,SR 7.7,7,0.488798,0.684428,Least functionality
shellcheck,SC2120,1,SR 7.1 RE 1,RE,SR 7.1,7,0.498918,1.0,Manage communication loads
shellcheck,SC2120,2,SR 3.5,SR,SR 3.5,3,0.497635,0.985938,Input validation
shellcheck,SC2120,3,SR 1.4,SR,SR 1.4,1,0.491022,0.915997,Identifier management
shellcheck,SC2120,4,SR 1.12,SR,SR 1.12,1,0.486181,0.867413,System use notification
shellcheck,SC2120,5,SR 2.11,SR,SR 2.11,2,0.483247,0.839016,Timestamps
shellcheck,SC2120,6,SR 2.12 RE 1,RE,SR 2.12,2,0.482953,0.836204,Non-repudiation for all users
shellcheck,SC2120,7,SR 5.2 RE 3,RE,SR 5.2,5,0.482694,0.833742,Fail close
shellcheck,SC2120,8,SR 2.1 RE 3,RE,SR 2.1,2,0.481851,0.825765,Supervisor override
shellcheck,SC2120,9,SR 7.6 RE 1,RE,SR 7.6,7,0.481439,0.821892,Machine-readable reporting of current security settings
shellcheck,SC2120,10,SR 3.7,SR,SR 3.7,3,0.473521,0.75025,Error handling
shellcheck,SC2121,1,SR 3.6,SR,SR 3.6,3,0.510326,1.0,Deterministic output
shellcheck,SC2121,2,SR 3.5,SR,SR 3.5,3,0.503953,0.933219,Input validation
shellcheck,SC2121,3,SR 1.4,SR,SR 1.4,1,0.491101,0.809618,Identifier management
shellcheck,SC2121,4,SR 3.8 RE 3,RE,SR 3.8,3,0.489676,0.796781,Randomness of session IDs
shellcheck,SC2121,5,SR 1.11,SR,SR 1.11,1,0.488489,0.786215,Unsuccessful login attempts
shellcheck,SC2121,6,SR 2.4,SR,SR 2.4,2,0.486387,0.76779,Mobile code
shellcheck,SC2121,7,SR 2.12 RE 1,RE,SR 2.12,2,0.485838,0.763029,Non-repudiation for all users
shellcheck,SC2121,8,SR 7.6,SR,SR 7.6,7,0.483936,0.746747,Network and security configuration settings
shellcheck,SC2121,9,SR 1.13 RE 1,RE,SR 1.13,1,0.481612,0.727234,Explicit access request approval
shellcheck,SC2121,10,SR 3.7,SR,SR 3.7,3,0.481024,0.722362,Error handling
shellcheck,SC2122,1,SR 3.5,SR,SR 3.5,3,0.526533,1.0,Input validation
shellcheck,SC2122,2,SR 1.11,SR,SR 1.11,1,0.524272,0.976616,Unsuccessful login attempts
shellcheck,SC2122,3,SR 5.2 RE 3,RE,SR 5.2,5,0.519904,0.932691,Fail close
shellcheck,SC2122,4,SR 3.6,SR,SR 3.6,3,0.510341,0.842161,Deterministic output
shellcheck,SC2122,5,SR 3.7,SR,SR 3.7,3,0.508203,0.822934,Error handling
shellcheck,SC2122,6,SR 2.12 RE 1,RE,SR 2.12,2,0.50363,0.783028,Non-repudiation for all users
shellcheck,SC2122,7,SR 2.12,SR,SR 2.12,2,0.499264,0.746414,Non-repudiation
shellcheck,SC2122,8,SR 3.2 RE 1,RE,SR 3.2,3,0.495569,0.716528,Malicious code protection on entry and exit points
shellcheck,SC2122,9,SR 3.3,SR,SR 3.3,3,0.494365,0.707004,Security functionality verification
shellcheck,SC2122,10,SR 2.4 RE 1,RE,SR 2.4,2,0.492657,0.693673,Mobile code integrity check
shellcheck,SC2123,1,SR 7.3,SR,SR 7.3,7,0.501852,1.0,Control system backup
shellcheck,SC2123,2,SR 3.7,SR,SR 3.7,3,0.49849,0.9637,Error handling
shellcheck,SC2123,3,SR 3.2 RE 1,RE,SR 3.2,3,0.482949,0.809634,Malicious code protection on entry and exit points
shellcheck,SC2123,4,SR 1.4,SR,SR 1.4,1,0.482789,0.808159,Identifier management
shellcheck,SC2123,5,SR 3.5,SR,SR 3.5,3,0.469783,0.695453,Input validation
shellcheck,SC2123,6,SR 5.2 RE 2,RE,SR 5.2,5,0.469636,0.694258,Island mode
shellcheck,SC2124,1,SR 1.4,SR,SR 1.4,1,0.498684,1.0,Identifier management
shellcheck,SC2124,2,SR 3.5,SR,SR 3.5,3,0.494013,0.949558,Input validation
shellcheck,SC2124,3,SR 3.6,SR,SR 3.6,3,0.474056,0.756876,Deterministic output
shellcheck,SC2124,4,SR 7.1 RE 1,RE,SR 7.1,7,0.470763,0.728405,Manage communication loads
shellcheck,SC2124,5,SR 4.2 RE 1,RE,SR 4.2,4,0.468583,0.710045,Purging of shared memory resources
shellcheck,SC2124,6,SR 1.7 RE 1,RE,SR 1.7,1,0.467604,0.70193,Password generation and lifetime restrictions for human users
shellcheck,SC2124,7,SR 3.8 RE 2,RE,SR 3.8,3,0.467433,0.700517,Unique session ID generation
shellcheck,SC2125,1,SR 3.5,SR,SR 3.5,3,0.499638,1.0,Input validation
shellcheck,SC2125,2,SR 7.3,SR,SR 7.3,7,0.488821,0.886581,Control system backup
shellcheck,SC2125,3,SR 3.2 RE 1,RE,SR 3.2,3,0.486213,0.860875,Malicious code protection on entry and exit points
shellcheck,SC2125,4,SR 5.2 RE 3,RE,SR 5.2,5,0.484541,0.844717,Fail close
shellcheck,SC2125,5,SR 2.11,SR,SR 2.11,2,0.478004,0.783908,Timestamps
shellcheck,SC2125,6,SR 1.11,SR,SR 1.11,1,0.475,0.757196,Unsuccessful login attempts
shellcheck,SC2125,7,SR 2.11 RE 2,RE,SR 2.11,2,0.473042,0.740186,Protection of time source integrity
shellcheck,SC2125,8,SR 3.6,SR,SR 3.6,3,0.470295,0.716854,Deterministic output
shellcheck,SC2125,9,SR 2.9 RE 1,RE,SR 2.9,2,0.468253,0.699901,Warn when audit record storage capacity threshold reached
shellcheck,SC2126,1,SR 2.9 RE 1,RE,SR 2.9,2,0.495261,1.0,Warn when audit record storage capacity threshold reached
shellcheck,SC2126,2,SR 2.9,SR,SR 2.9,2,0.48697,0.911327,Audit storage capacity
shellcheck,SC2126,3,SR 3.2 RE 1,RE,SR 3.2,3,0.485343,0.894705,Malicious code protection on entry and exit points
shellcheck,SC2126,4,SR 3.7,SR,SR 3.7,3,0.482953,0.870741,Error handling
shellcheck,SC2126,5,SR 7.3,SR,SR 7.3,7,0.481245,0.853942,Control system backup
shellcheck,SC2126,6,SR 2.8 RE 1,RE,SR 2.8,2,0.478152,0.824186,"Centrally managed, system-wide audit trail"
shellcheck,SC2126,7,SR 3.2 RE 2,RE,SR 3.2,3,0.477468,0.81772,Central management and reporting for malicious code protection
shellcheck,SC2126,8,SR 7.1 RE 1,RE,SR 7.1,7,0.476946,0.812818,Manage communication loads
shellcheck,SC2126,9,SR 3.2,SR,SR 3.2,3,0.476944,0.812803,Malicious code protection
shellcheck,SC2126,10,SR 5.2 RE 3,RE,SR 5.2,5,0.476654,0.810083,Fail close
shellcheck,SC2127,1,SR 3.7,SR,SR 3.7,3,0.529067,1.0,Error handling
shellcheck,SC2127,2,SR 7.1,SR,SR 7.1,7,0.525765,0.966152,Denial of service protection
shellcheck,SC2127,3,SR 5.2 RE 1,RE,SR 5.2,5,0.511999,0.834972,"Deny by default, allow by exception"
shellcheck,SC2127,4,SR 3.5,SR,SR 3.5,3,0.510419,0.8209,Input validation
shellcheck,SC2127,5,SR 7.1 RE 1,RE,SR 7.1,7,0.50723,0.793084,Manage communication loads
shellcheck,SC2127,6,SR 1.4,SR,SR 1.4,1,0.50493,0.773499,Identifier management
shellcheck,SC2127,7,SR 5.2 RE 3,RE,SR 5.2,5,0.504886,0.773136,Fail close
shellcheck,SC2127,8,SR 2.12 RE 1,RE,SR 2.12,2,0.503048,0.757776,Non-repudiation for all users
shellcheck,SC2127,9,SR 3.2 RE 1,RE,SR 3.2,3,0.502944,0.756917,Malicious code protection on entry and exit points
shellcheck,SC2127,10,SR 1.13 RE 1,RE,SR 1.13,1,0.49932,0.7274,Explicit access request approval
shellcheck,SC2128,1,SR 7.1 RE 1,RE,SR 7.1,7,0.459383,1.0,Manage communication loads
shellcheck,SC2128,2,SR 5.2 RE 1,RE,SR 5.2,5,0.458939,0.994692,"Deny by default, allow by exception"
shellcheck,SC2128,3,SR 3.6,SR,SR 3.6,3,0.457062,0.972526,Deterministic output
shellcheck,SC2128,4,SR 3.8 RE 2,RE,SR 3.8,3,0.453977,0.936969,Unique session ID generation
shellcheck,SC2128,5,SR 2.11,SR,SR 2.11,2,0.45349,0.931453,Timestamps
shellcheck,SC2128,6,SR 3.8 RE 3,RE,SR 3.8,3,0.452492,0.920231,Randomness of session IDs
shellcheck,SC2128,7,SR 4.2,SR,SR 4.2,4,0.446826,0.858618,Information persistence
shellcheck,SC2128,8,SR 1.13 RE 1,RE,SR 1.13,1,0.445451,0.844184,Explicit access request approval
shellcheck,SC2128,9,SR 4.2 RE 1,RE,SR 4.2,4,0.441135,0.800167,Purging of shared memory resources
shellcheck,SC2128,10,SR 1.4,SR,SR 1.4,1,0.439089,0.779971,Identifier management
shellcheck,SC2129,1,SR 2.11,SR,SR 2.11,2,0.537515,1.0,Timestamps
shellcheck,SC2129,2,SR 1.11,SR,SR 1.11,1,0.532691,0.951627,Unsuccessful login attempts
shellcheck,SC2129,3,SR 3.9 RE 1,RE,SR 3.9,3,0.524274,0.871817,Audit records on write-once media
shellcheck,SC2129,4,SR 7.1 RE 1,RE,SR 7.1,7,0.523542,0.865136,Manage communication loads
shellcheck,SC2129,5,SR 3.8 RE 1,RE,SR 3.8,3,0.517354,0.810377,Invalidation of session IDs after session termination
shellcheck,SC2129,6,SR 5.2 RE 1,RE,SR 5.2,5,0.514821,0.788794,"Deny by default, allow by exception"
shellcheck,SC2129,7,SR 7.3,SR,SR 7.3,7,0.514485,0.785969,Control system backup
shellcheck,SC2129,8,SR 7.1,SR,SR 7.1,7,0.512088,0.766031,Denial of service protection
shellcheck,SC2129,9,SR 3.2 RE 1,RE,SR 3.2,3,0.511969,0.765054,Malicious code protection on entry and exit points
shellcheck,SC2129,10,SR 2.8 RE 1,RE,SR 2.8,2,0.510005,0.749056,"Centrally managed, system-wide audit trail"
shellcheck,SC2130,1,SR 3.7,SR,SR 3.7,3,0.516966,1.0,Error handling
shellcheck,SC2130,2,SR 3.6,SR,SR 3.6,3,0.515182,0.981165,Deterministic output
shellcheck,SC2130,3,SR 3.8 RE 2,RE,SR 3.8,3,0.507792,0.90621,Unique session ID generation
shellcheck,SC2130,4,SR 3.8 RE 3,RE,SR 3.8,3,0.505819,0.887015,Randomness of session IDs
shellcheck,SC2130,5,SR 1.4,SR,SR 1.4,1,0.492234,0.76366,Identifier management
shellcheck,SC2130,6,SR 3.5,SR,SR 3.5,3,0.490182,0.746316,Input validation
shellcheck,SC2130,7,SR 3.8,SR,SR 3.8,3,0.486755,0.718066,Session integrity
shellcheck,SC2130,8,SR 3.3,SR,SR 3.3,3,0.485964,0.711674,Security functionality verification
shellcheck,SC2130,9,SR 1.11,SR,SR 1.11,1,0.485652,0.709163,Unsuccessful login attempts
shellcheck,SC2130,10,SR 5.2 RE 3,RE,SR 5.2,5,0.48272,0.685932,Fail close
shellcheck,SC2139,1,SR 2.11,SR,SR 2.11,2,0.525947,1.0,Timestamps
shellcheck,SC2139,2,SR 6.1 RE 1,RE,SR 6.1,6,0.516532,0.905425,Programmatic access to audit logs
shellcheck,SC2139,3,SR 1.2 RE 1,RE,SR 1.2,1,0.515871,0.899071,Unique identification and authentication
shellcheck,SC2139,4,SR 2.11 RE 2,RE,SR 2.11,2,0.514159,0.882786,Protection of time source integrity
shellcheck,SC2139,5,SR 5.2 RE 2,RE,SR 5.2,5,0.513916,0.880488,Island mode
shellcheck,SC2139,6,SR 7.1 RE 1,RE,SR 7.1,7,0.511848,0.861179,Manage communication loads
shellcheck,SC2139,7,SR 1.4,SR,SR 1.4,1,0.510791,0.851439,Identifier management
shellcheck,SC2139,8,SR 3.8,SR,SR 3.8,3,0.509587,0.840465,Session integrity
shellcheck,SC2139,9,SR 1.5 RE 1,RE,SR 1.5,1,0.50788,0.825098,Hardware security for software process identity credentials
shellcheck,SC2139,10,SR 3.5,SR,SR 3.5,3,0.507289,0.819827,Input validation
shellcheck,SC2140,1,SR 3.2 RE 1,RE,SR 3.2,3,0.546477,1.0,Malicious code protection on entry and exit points
shellcheck,SC2140,2,SR 3.7,SR,SR 3.7,3,0.538434,0.921684,Error handling
shellcheck,SC2140,3,SR 1.4,SR,SR 1.4,1,0.535883,0.897928,Identifier management
shellcheck,SC2140,4,SR 3.5,SR,SR 3.5,3,0.528862,0.835095,Input validation
shellcheck,SC2140,5,SR 2.4,SR,SR 2.4,2,0.526752,0.816937,Mobile code
shellcheck,SC2140,6,SR 2.4 RE 1,RE,SR 2.4,2,0.52212,0.778199,Mobile code integrity check
shellcheck,SC2140,7,SR 7.6 RE 1,RE,SR 7.6,7,0.521304,0.771539,Machine-readable reporting of current security settings
shellcheck,SC2140,8,SR 2.11,SR,SR 2.11,2,0.520153,0.762216,Timestamps
shellcheck,SC2140,9,SR 3.2,SR,SR 3.2,3,0.519387,0.756061,Malicious code protection
shellcheck,SC2140,10,SR 3.2 RE 2,RE,SR 3.2,3,0.514304,0.716247,Central management and reporting for malicious code protection
shellcheck,SC2141,1,SR 3.5,SR,SR 3.5,3,0.540521,1.0,Input validation
shellcheck,SC2141,2,SR 5.2 RE 3,RE,SR 5.2,5,0.539919,0.993899,Fail close
shellcheck,SC2141,3,SR 3.3,SR,SR 3.3,3,0.52443,0.846868,Security functionality verification
shellcheck,SC2141,4,SR 3.6,SR,SR 3.6,3,0.516275,0.776924,Deterministic output
shellcheck,SC2141,5,SR 1.4,SR,SR 1.4,1,0.506805,0.701711,Identifier management
shellcheck,SC2141,6,SR 5.2 RE 2,RE,SR 5.2,5,0.506357,0.698303,Island mode
shellcheck,SC2141,7,SR 3.7,SR,SR 3.7,3,0.506264,0.697601,Error handling
shellcheck,SC2141,8,SR 1.11,SR,SR 1.11,1,0.505456,0.691496,Unsuccessful login attempts
shellcheck,SC2141,9,SR 7.1,SR,SR 7.1,7,0.50442,0.683742,Denial of service protection
shellcheck,SC2142,1,SR 7.3,SR,SR 7.3,7,0.607247,1.0,Control system backup
shellcheck,SC2143,1,SR 3.7,SR,SR 3.7,3,0.507892,1.0,Error handling
shellcheck,SC2143,2,SR 2.9 RE 1,RE,SR 2.9,2,0.495488,0.872849,Warn when audit record storage capacity threshold reached
shellcheck,SC2143,3,SR 7.3 RE 1,RE,SR 7.3,7,0.483933,0.766618,Backup verification
shellcheck,SC2143,4,SR 7.3,SR,SR 7.3,7,0.482263,0.752177,Control system backup
shellcheck,SC2143,5,SR 2.4 RE 1,RE,SR 2.4,2,0.47559,0.696688,Mobile code integrity check
shellcheck,SC2143,6,SR 2.12 RE 1,RE,SR 2.12,2,0.473545,0.680367,Non-repudiation for all users
shellcheck,SC2144,1,SR 2.9 RE 1,RE,SR 2.9,2,0.524113,1.0,Warn when audit record storage capacity threshold reached
shellcheck,SC2144,2,SR 3.9 RE 1,RE,SR 3.9,3,0.488625,0.680033,Audit records on write-once media
shellcheck,SC2145,1,SR 3.5,SR,SR 3.5,3,0.503442,1.0,Input validation
shellcheck,SC2145,2,SR 5.2 RE 3,RE,SR 5.2,5,0.49564,0.917681,Fail close
shellcheck,SC2145,3,SR 7.1 RE 1,RE,SR 7.1,7,0.49156,0.876898,Manage communication loads
shellcheck,SC2145,4,SR 3.7,SR,SR 3.7,3,0.488127,0.843739,Error handling
shellcheck,SC2145,5,SR 4.2 RE 1,RE,SR 4.2,4,0.488048,0.842984,Purging of shared memory resources
shellcheck,SC2145,6,SR 7.7,SR,SR 7.7,7,0.487753,0.840183,Least functionality
shellcheck,SC2145,7,SR 3.2 RE 1,RE,SR 3.2,3,0.486557,0.828918,Malicious code protection on entry and exit points
shellcheck,SC2145,8,SR 5.2 RE 1,RE,SR 5.2,5,0.484078,0.805955,"Deny by default, allow by exception"
shellcheck,SC2145,9,SR 1.11,SR,SR 1.11,1,0.480654,0.775093,Unsuccessful login attempts
shellcheck,SC2145,10,SR 1.4,SR,SR 1.4,1,0.477773,0.749889,Identifier management
shellcheck,SC2146,1,SR 1.4,SR,SR 1.4,1,0.525487,1.0,Identifier management
shellcheck,SC2146,2,SR 3.9 RE 1,RE,SR 3.9,3,0.518732,0.931312,Audit records on write-once media
shellcheck,SC2146,3,SR 7.3,SR,SR 7.3,7,0.505928,0.811697,Control system backup
shellcheck,SC2146,4,SR 5.4,SR,SR 5.4,5,0.496718,0.733687,Application partitioning
shellcheck,SC2146,5,SR 3.5,SR,SR 3.5,3,0.490084,0.681393,Input validation
shellcheck,SC2147,1,SR 3.2 RE 1,RE,SR 3.2,3,0.451679,1.0,Malicious code protection on entry and exit points
shellcheck,SC2147,2,SR 5.2 RE 3,RE,SR 5.2,5,0.451499,0.997815,Fail close
shellcheck,SC2147,3,SR 1.5 RE 1,RE,SR 1.5,1,0.444489,0.915533,Hardware security for software process identity credentials
shellcheck,SC2147,4,SR 5.4,SR,SR 5.4,5,0.443035,0.899181,Application partitioning
shellcheck,SC2147,5,SR 5.2 RE 2,RE,SR 5.2,5,0.441638,0.8837,Island mode
shellcheck,SC2147,6,SR 3.5,SR,SR 3.5,3,0.439946,0.865238,Input validation
shellcheck,SC2147,7,SR 1.11,SR,SR 1.11,1,0.436501,0.828618,Unsuccessful login attempts
shellcheck,SC2147,8,SR 3.6,SR,SR 3.6,3,0.43263,0.789002,Deterministic output
shellcheck,SC2147,9,SR 1.7 RE 1,RE,SR 1.7,1,0.43228,0.785495,Password generation and lifetime restrictions for human users
shellcheck,SC2147,10,SR 4.1 RE 2,RE,SR 4.1,4,0.431982,0.782525,Protection of confidentiality across zone boundaries
shellcheck,SC2148,1,SR 3.8 RE 3,RE,SR 3.8,3,0.536035,1.0,Randomness of session IDs
shellcheck,SC2149,1,SR 2.11,SR,SR 2.11,2,0.49261,1.0,Timestamps
shellcheck,SC2149,2,SR 2.11 RE 2,RE,SR 2.11,2,0.492312,0.996672,Protection of time source integrity
shellcheck,SC2149,3,SR 3.2 RE 1,RE,SR 3.2,3,0.489995,0.97115,Malicious code protection on entry and exit points
shellcheck,SC2149,4,SR 5.2 RE 1,RE,SR 5.2,5,0.489277,0.963347,"Deny by default, allow by exception"
shellcheck,SC2149,5,SR 6.1 RE 1,RE,SR 6.1,6,0.486432,0.932942,Programmatic access to audit logs
shellcheck,SC2149,6,SR 3.5,SR,SR 3.5,3,0.48551,0.923254,Input validation
shellcheck,SC2149,7,SR 3.8 RE 3,RE,SR 3.8,3,0.483765,0.905152,Randomness of session IDs
shellcheck,SC2149,8,SR 3.9,SR,SR 3.9,3,0.483228,0.899633,Protection of audit information
shellcheck,SC2149,9,SR 1.7 RE 1,RE,SR 1.7,1,0.482121,0.888363,Password generation and lifetime restrictions for human users
shellcheck,SC2149,10,SR 7.1,SR,SR 7.1,7,0.481171,0.878777,Denial of service protection
shellcheck,SC2150,1,SR 3.3,SR,SR 3.3,3,0.484617,1.0,Security functionality verification
shellcheck,SC2150,2,SR 7.3 RE 2,RE,SR 7.3,7,0.484467,0.998296,Backup automation
shellcheck,SC2150,3,SR 3.3 RE 1,RE,SR 3.3,3,0.478025,0.927441,Automated mechanisms for security functionality verification
shellcheck,SC2150,4,SR 1.13 RE 1,RE,SR 1.13,1,0.472891,0.873969,Explicit access request approval
shellcheck,SC2150,5,SR 3.3 RE 2,RE,SR 3.3,3,0.469204,0.837139,Security functionality verification during normal operation
shellcheck,SC2150,6,SR 5.2 RE 3,RE,SR 5.2,5,0.468552,0.830761,Fail close
shellcheck,SC2150,7,SR 3.7,SR,SR 3.7,3,0.467971,0.825114,Error handling
shellcheck,SC2150,8,SR 2.3,SR,SR 2.3,2,0.462711,0.775372,Use control for portable and mobile devices
shellcheck,SC2150,9,SR 2.4 RE 1,RE,SR 2.4,2,0.460001,0.750727,Mobile code integrity check
shellcheck,SC2150,10,SR 3.4 RE 1,RE,SR 3.4,3,0.458907,0.740955,Automated notification about integrity violations
shellcheck,SC2151,1,SR 3.8 RE 2,RE,SR 3.8,3,0.535624,1.0,Unique session ID generation
shellcheck,SC2151,2,SR 3.6,SR,SR 3.6,3,0.527745,0.921722,Deterministic output
shellcheck,SC2151,3,SR 3.8 RE 3,RE,SR 3.8,3,0.52623,0.907264,Randomness of session IDs
shellcheck,SC2151,4,SR 7.1 RE 1,RE,SR 7.1,7,0.516375,0.81767,Manage communication loads
shellcheck,SC2151,5,SR 3.7,SR,SR 3.7,3,0.513223,0.790594,Error handling
shellcheck,SC2151,6,SR 1.11,SR,SR 1.11,1,0.512448,0.78405,Unsuccessful login attempts
shellcheck,SC2151,7,SR 7.3,SR,SR 7.3,7,0.505303,0.725778,Control system backup
shellcheck,SC2151,8,SR 1.2 RE 1,RE,SR 1.2,1,0.505151,0.72458,Unique identification and authentication
shellcheck,SC2151,9,SR 3.8,SR,SR 3.8,3,0.504597,0.720216,Session integrity
shellcheck,SC2151,10,SR 3.8 RE 1,RE,SR 3.8,3,0.501276,0.694529,Invalidation of session IDs after session termination
shellcheck,SC2152,1,SR 1.11,SR,SR 1.11,1,0.533728,1.0,Unsuccessful login attempts
shellcheck,SC2152,2,SR 7.3,SR,SR 7.3,7,0.52069,0.872819,Control system backup
shellcheck,SC2152,3,SR 3.6,SR,SR 3.6,3,0.517822,0.846704,Deterministic output
shellcheck,SC2152,4,SR 7.1 RE 1,RE,SR 7.1,7,0.512133,0.796793,Manage communication loads
shellcheck,SC2152,5,SR 2.12 RE 1,RE,SR 2.12,2,0.51206,0.796166,Non-repudiation for all users
shellcheck,SC2152,6,SR 3.8 RE 3,RE,SR 3.8,3,0.509189,0.771921,Randomness of session IDs
shellcheck,SC2152,7,SR 3.3,SR,SR 3.3,3,0.506928,0.753258,Security functionality verification
shellcheck,SC2152,8,SR 3.8 RE 2,RE,SR 3.8,3,0.505874,0.744681,Unique session ID generation
shellcheck,SC2152,9,SR 3.7,SR,SR 3.7,3,0.504118,0.730578,Error handling
shellcheck,SC2152,10,SR 1.7 RE 1,RE,SR 1.7,1,0.502075,0.714441,Password generation and lifetime restrictions for human users
shellcheck,SC2153,1,SR 3.5,SR,SR 3.5,3,0.501284,1.0,Input validation
shellcheck,SC2153,2,SR 1.4,SR,SR 1.4,1,0.500694,0.993554,Identifier management
shellcheck,SC2153,3,SR 3.7,SR,SR 3.7,3,0.500058,0.986627,Error handling
shellcheck,SC2153,4,SR 2.12 RE 1,RE,SR 2.12,2,0.482474,0.810307,Non-repudiation for all users
shellcheck,SC2153,5,SR 1.2 RE 1,RE,SR 1.2,1,0.476524,0.756846,Unique identification and authentication
shellcheck,SC2153,6,SR 5.2 RE 3,RE,SR 5.2,5,0.476034,0.752573,Fail close
shellcheck,SC2153,7,SR 3.8 RE 2,RE,SR 3.8,3,0.470041,0.701921,Unique session ID generation
shellcheck,SC2154,1,SR 3.5,SR,SR 3.5,3,0.498293,1.0,Input validation
shellcheck,SC2154,2,SR 1.4,SR,SR 1.4,1,0.488713,0.89873,Identifier management
shellcheck,SC2154,3,SR 1.2 RE 1,RE,SR 1.2,1,0.46911,0.717532,Unique identification and authentication
shellcheck,SC2154,4,SR 2.12 RE 1,RE,SR 2.12,2,0.468066,0.708796,Non-repudiation for all users
shellcheck,SC2154,5,SR 1.2,SR,SR 1.2,1,0.467691,0.705681,Software process and device identification and authentication
shellcheck,SC2154,6,SR 2.11,SR,SR 2.11,2,0.466548,0.696247,Timestamps
shellcheck,SC2154,7,SR 3.7,SR,SR 3.7,3,0.465497,0.687661,Error handling
shellcheck,SC2155,1,SR 3.6,SR,SR 3.6,3,0.497016,1.0,Deterministic output
shellcheck,SC2155,2,SR 1.4,SR,SR 1.4,1,0.49399,0.966963,Identifier management
shellcheck,SC2155,3,SR 5.2 RE 3,RE,SR 5.2,5,0.493066,0.95706,Fail close
shellcheck,SC2155,4,SR 3.2 RE 1,RE,SR 3.2,3,0.492869,0.954954,Malicious code protection on entry and exit points
shellcheck,SC2155,5,SR 3.7,SR,SR 3.7,3,0.487549,0.899625,Error handling
shellcheck,SC2155,6,SR 3.5,SR,SR 3.5,3,0.481444,0.839384,Input validation
shellcheck,SC2155,7,SR 7.3,SR,SR 7.3,7,0.480934,0.834507,Control system backup
shellcheck,SC2155,8,SR 2.12 RE 1,RE,SR 2.12,2,0.479525,0.821154,Non-repudiation for all users
shellcheck,SC2155,9,SR 4.2 RE 1,RE,SR 4.2,4,0.479056,0.816743,Purging of shared memory resources
shellcheck,SC2155,10,SR 5.4,SR,SR 5.4,5,0.47539,0.782959,Application partitioning
shellcheck,SC2156,1,SR 1.2,SR,SR 1.2,1,0.501023,1.0,Software process and device identification and authentication
shellcheck,SC2156,2,SR 2.11,SR,SR 2.11,2,0.498496,0.972573,Timestamps
shellcheck,SC2156,3,SR 1.5 RE 1,RE,SR 1.5,1,0.498087,0.968199,Hardware security for software process identity credentials
shellcheck,SC2156,4,SR 3.7,SR,SR 3.7,3,0.493477,0.919926,Error handling
shellcheck,SC2156,5,SR 1.2 RE 1,RE,SR 1.2,1,0.493293,0.918043,Unique identification and authentication
shellcheck,SC2156,6,SR 3.8 RE 3,RE,SR 3.8,3,0.49039,0.888716,Randomness of session IDs
shellcheck,SC2156,7,SR 3.2,SR,SR 3.2,3,0.489551,0.880387,Malicious code protection
shellcheck,SC2156,8,SR 3.2 RE 1,RE,SR 3.2,3,0.481454,0.803221,Malicious code protection on entry and exit points
shellcheck,SC2156,9,SR 1.13 RE 1,RE,SR 1.13,1,0.476738,0.760891,Explicit access request approval
shellcheck,SC2156,10,SR 1.4,SR,SR 1.4,1,0.475265,0.748054,Identifier management
shellcheck,SC2157,1,SR 3.5,SR,SR 3.5,3,0.57725,1.0,Input validation
shellcheck,SC2158,1,SR 3.5,SR,SR 3.5,3,0.546721,1.0,Input validation
shellcheck,SC2158,2,SR 5.2 RE 3,RE,SR 5.2,5,0.52951,0.838683,Fail close
shellcheck,SC2158,3,SR 3.6,SR,SR 3.6,3,0.513301,0.706863,Deterministic output
shellcheck,SC2158,4,SR 2.12 RE 1,RE,SR 2.12,2,0.510351,0.684805,Non-repudiation for all users
shellcheck,SC2159,1,SR 3.5,SR,SR 3.5,3,0.557486,1.0,Input validation
shellcheck,SC2159,2,SR 3.6,SR,SR 3.6,3,0.547603,0.90631,Deterministic output
shellcheck,SC2159,3,SR 5.2 RE 2,RE,SR 5.2,5,0.536242,0.807604,Island mode
shellcheck,SC2159,4,SR 5.2 RE 3,RE,SR 5.2,5,0.535746,0.803502,Fail close
shellcheck,SC2159,5,SR 3.2 RE 1,RE,SR 3.2,3,0.525712,0.724153,Malicious code protection on entry and exit points
shellcheck,SC2159,6,SR 2.12 RE 1,RE,SR 2.12,2,0.524394,0.71422,Non-repudiation for all users
shellcheck,SC2159,7,SR 1.11,SR,SR 1.11,1,0.52257,0.700661,Unsuccessful login attempts
shellcheck,SC2159,8,SR 3.8 RE 3,RE,SR 3.8,3,0.521205,0.69066,Randomness of session IDs
shellcheck,SC2160,1,SR 3.5,SR,SR 3.5,3,0.563382,1.0,Input validation
shellcheck,SC2160,2,SR 3.6,SR,SR 3.6,3,0.534077,0.74543,Deterministic output
shellcheck,SC2161,1,SR 1.11,SR,SR 1.11,1,0.517836,1.0,Unsuccessful login attempts
shellcheck,SC2161,2,SR 3.5,SR,SR 3.5,3,0.51558,0.976275,Input validation
shellcheck,SC2161,3,SR 3.6,SR,SR 3.6,3,0.508024,0.900137,Deterministic output
shellcheck,SC2161,4,SR 7.1 RE 1,RE,SR 7.1,7,0.501044,0.834182,Manage communication loads
shellcheck,SC2161,5,SR 2.12 RE 1,RE,SR 2.12,2,0.491017,0.746405,Non-repudiation for all users
shellcheck,SC2161,6,SR 2.7,SR,SR 2.7,2,0.48836,0.724459,Concurrent session control
shellcheck,SC2161,7,SR 1.7 RE 1,RE,SR 1.7,1,0.487317,0.715989,Password generation and lifetime restrictions for human users
shellcheck,SC2161,8,SR 5.2 RE 3,RE,SR 5.2,5,0.483305,0.68417,Fail close
shellcheck,SC2162,1,SR 3.5,SR,SR 3.5,3,0.505889,1.0,Input validation
shellcheck,SC2162,2,SR 3.7,SR,SR 3.7,3,0.503192,0.971027,Error handling
shellcheck,SC2162,3,SR 5.2 RE 3,RE,SR 5.2,5,0.490947,0.847982,Fail close
shellcheck,SC2162,4,SR 7.6 RE 1,RE,SR 7.6,7,0.487385,0.81469,Machine-readable reporting of current security settings
shellcheck,SC2162,5,SR 3.8 RE 1,RE,SR 3.8,3,0.487105,0.812125,Invalidation of session IDs after session termination
shellcheck,SC2162,6,SR 4.2,SR,SR 4.2,4,0.487065,0.811753,Information persistence
shellcheck,SC2162,7,SR 7.3,SR,SR 7.3,7,0.486351,0.805229,Control system backup
shellcheck,SC2162,8,SR 5.2 RE 1,RE,SR 5.2,5,0.484985,0.792874,"Deny by default, allow by exception"
shellcheck,SC2162,9,SR 1.4,SR,SR 1.4,1,0.483498,0.779593,Identifier management
shellcheck,SC2162,10,SR 2.4 RE 1,RE,SR 2.4,2,0.483126,0.7763,Mobile code integrity check
shellcheck,SC2163,1,SR 3.5,SR,SR 3.5,3,0.50518,1.0,Input validation
shellcheck,SC2163,2,SR 1.4,SR,SR 1.4,1,0.496533,0.909413,Identifier management
shellcheck,SC2163,3,SR 3.6,SR,SR 3.6,3,0.495832,0.902378,Deterministic output
shellcheck,SC2163,4,SR 3.2 RE 1,RE,SR 3.2,3,0.491725,0.862026,Malicious code protection on entry and exit points
shellcheck,SC2163,5,SR 3.7,SR,SR 3.7,3,0.490871,0.85382,Error handling
shellcheck,SC2163,6,SR 5.2 RE 3,RE,SR 5.2,5,0.489899,0.844569,Fail close
shellcheck,SC2163,7,SR 3.3,SR,SR 3.3,3,0.489238,0.838321,Security functionality verification
shellcheck,SC2163,8,SR 7.7,SR,SR 7.7,7,0.488882,0.834966,Least functionality
shellcheck,SC2163,9,SR 7.6 RE 1,RE,SR 7.6,7,0.486556,0.813349,Machine-readable reporting of current security settings
shellcheck,SC2163,10,SR 7.1 RE 1,RE,SR 7.1,7,0.481043,0.763943,Manage communication loads
shellcheck,SC2164,1,SR 5.2 RE 3,RE,SR 5.2,5,0.60945,1.0,Fail close
shellcheck,SC2164,2,SR 3.2 RE 1,RE,SR 3.2,3,0.580534,0.765401,Malicious code protection on entry and exit points
shellcheck,SC2165,1,SR 2.1 RE 3,RE,SR 2.1,2,0.513958,1.0,Supervisor override
shellcheck,SC2165,2,SR 3.5,SR,SR 3.5,3,0.486937,0.743008,Input validation
shellcheck,SC2165,3,SR 7.1 RE 1,RE,SR 7.1,7,0.486587,0.740077,Manage communication loads
shellcheck,SC2166,1,SR 3.2 RE 1,RE,SR 3.2,3,0.543437,1.0,Malicious code protection on entry and exit points
shellcheck,SC2166,2,SR 3.5,SR,SR 3.5,3,0.538917,0.955103,Input validation
shellcheck,SC2166,3,SR 2.4 RE 1,RE,SR 2.4,2,0.538041,0.946589,Mobile code integrity check
shellcheck,SC2166,4,SR 2.4,SR,SR 2.4,2,0.535744,0.924575,Mobile code
shellcheck,SC2166,5,SR 3.7,SR,SR 3.7,3,0.535504,0.922307,Error handling
shellcheck,SC2166,6,SR 1.9,SR,SR 1.9,1,0.535449,0.921786,Strength of public key authentication
shellcheck,SC2166,7,SR 7.7,SR,SR 7.7,7,0.535311,0.920481,Least functionality
shellcheck,SC2166,8,SR 1.7 RE 1,RE,SR 1.7,1,0.532036,0.889929,Password generation and lifetime restrictions for human users
shellcheck,SC2166,9,SR 5.2 RE 1,RE,SR 5.2,5,0.530533,0.87619,"Deny by default, allow by exception"
shellcheck,SC2166,10,SR 1.8,SR,SR 1.8,1,0.525754,0.833651,Public key infrastructure (PKI) certificates
shellcheck,SC2167,1,SR 2.1 RE 3,RE,SR 2.1,2,0.516923,1.0,Supervisor override
shellcheck,SC2167,2,SR 7.1 RE 1,RE,SR 7.1,7,0.505363,0.883031,Manage communication loads
shellcheck,SC2167,3,SR 2.11,SR,SR 2.11,2,0.498229,0.816613,Timestamps
shellcheck,SC2167,4,SR 3.6,SR,SR 3.6,3,0.492621,0.767325,Deterministic output
shellcheck,SC2167,5,SR 3.2 RE 1,RE,SR 3.2,3,0.487622,0.725463,Malicious code protection on entry and exit points
shellcheck,SC2167,6,SR 4.2 RE 1,RE,SR 4.2,4,0.485344,0.707017,Purging of shared memory resources
shellcheck,SC2167,7,SR 3.8 RE 2,RE,SR 3.8,3,0.482159,0.681874,Unique session ID generation
shellcheck,SC2168,1,SR 3.5,SR,SR 3.5,3,0.538428,1.0,Input validation
shellcheck,SC2168,2,SR 3.8,SR,SR 3.8,3,0.517794,0.8066,Session integrity
shellcheck,SC2168,3,SR 3.8 RE 2,RE,SR 3.8,3,0.51358,0.771157,Unique session ID generation
shellcheck,SC2168,4,SR 2.12 RE 1,RE,SR 2.12,2,0.502774,0.686038,Non-repudiation for all users
shellcheck,SC2168,5,SR 3.8 RE 1,RE,SR 3.8,3,0.502573,0.684533,Invalidation of session IDs after session termination
shellcheck,SC2169,1,SR 1.11,SR,SR 1.11,1,0.521,1.0,Unsuccessful login attempts
shellcheck,SC2169,2,SR 3.3,SR,SR 3.3,3,0.508203,0.872163,Security functionality verification
shellcheck,SC2169,3,SR 7.7,SR,SR 7.7,7,0.488863,0.704565,Least functionality
shellcheck,SC2170,1,SR 1.11,SR,SR 1.11,1,0.549008,1.0,Unsuccessful login attempts
shellcheck,SC2170,2,SR 3.5,SR,SR 3.5,3,0.53862,0.900258,Input validation
shellcheck,SC2170,3,SR 3.8,SR,SR 3.8,3,0.525114,0.782908,Session integrity
shellcheck,SC2170,4,SR 3.8 RE 1,RE,SR 3.8,3,0.521523,0.753911,Invalidation of session IDs after session termination
shellcheck,SC2170,5,SR 3.8 RE 2,RE,SR 3.8,3,0.521389,0.752849,Unique session ID generation
shellcheck,SC2170,6,SR 2.12 RE 1,RE,SR 2.12,2,0.513864,0.694994,Non-repudiation for all users
shellcheck,SC2171,1,SR 3.5,SR,SR 3.5,3,0.55921,1.0,Input validation
shellcheck,SC2171,2,SR 2.4 RE 1,RE,SR 2.4,2,0.554342,0.953047,Mobile code integrity check
shellcheck,SC2171,3,SR 3.7,SR,SR 3.7,3,0.547934,0.894012,Error handling
shellcheck,SC2171,4,SR 5.2 RE 3,RE,SR 5.2,5,0.546469,0.880948,Fail close
shellcheck,SC2171,5,SR 3.3,SR,SR 3.3,3,0.540781,0.831675,Security functionality verification
shellcheck,SC2171,6,SR 2.12 RE 1,RE,SR 2.12,2,0.525608,0.711182,Non-repudiation for all users
shellcheck,SC2172,1,SR 5.2 RE 3,RE,SR 5.2,5,0.607064,1.0,Fail close
shellcheck,SC2172,2,SR 3.2 RE 1,RE,SR 3.2,3,0.568402,0.696325,Malicious code protection on entry and exit points
shellcheck,SC2173,1,SR 3.2 RE 1,RE,SR 3.2,3,0.547878,1.0,Malicious code protection on entry and exit points
shellcheck,SC2173,2,SR 5.2 RE 3,RE,SR 5.2,5,0.546582,0.987051,Fail close
shellcheck,SC2173,3,SR 3.7,SR,SR 3.7,3,0.5324,0.854177,Error handling
shellcheck,SC2173,4,SR 1.11,SR,SR 1.11,1,0.532318,0.853451,Unsuccessful login attempts
shellcheck,SC2173,5,SR 3.6,SR,SR 3.6,3,0.522793,0.772768,Deterministic output
shellcheck,SC2173,6,SR 1.7 RE 1,RE,SR 1.7,1,0.521053,0.758731,Password generation and lifetime restrictions for human users
shellcheck,SC2173,7,SR 3.2,SR,SR 3.2,3,0.514313,0.706298,Malicious code protection
shellcheck,SC2173,8,SR 7.1 RE 1,RE,SR 7.1,7,0.511562,0.685769,Manage communication loads
shellcheck,SC2174,1,SR 3.2 RE 1,RE,SR 3.2,3,0.507376,1.0,Malicious code protection on entry and exit points
shellcheck,SC2174,2,SR 2.4,SR,SR 2.4,2,0.5011,0.933836,Mobile code
shellcheck,SC2174,3,SR 5.4,SR,SR 5.4,5,0.500397,0.926654,Application partitioning
shellcheck,SC2174,4,SR 1.4,SR,SR 1.4,1,0.490728,0.832361,Identifier management
shellcheck,SC2174,5,SR 2.4 RE 1,RE,SR 2.4,2,0.48908,0.817094,Mobile code integrity check
shellcheck,SC2174,6,SR 1.7 RE 2,RE,SR 1.7,1,0.487324,0.801096,Password lifetime restrictions for all users
shellcheck,SC2174,7,SR 7.1 RE 1,RE,SR 7.1,7,0.48637,0.792504,Manage communication loads
shellcheck,SC2174,8,SR 5.2 RE 3,RE,SR 5.2,5,0.484247,0.773665,Fail close
shellcheck,SC2174,9,SR 1.7,SR,SR 1.7,1,0.483357,0.765879,Strength of password-based authentication
shellcheck,SC2174,10,SR 7.7,SR,SR 7.7,7,0.482962,0.762439,Least functionality
shellcheck,SC2175,1,SR 3.5,SR,SR 3.5,3,0.523971,1.0,Input validation
shellcheck,SC2175,2,SR 1.11,SR,SR 1.11,1,0.510397,0.865578,Unsuccessful login attempts
shellcheck,SC2176,1,SR 2.11 RE 1,RE,SR 2.11,2,0.564321,1.0,Internal time synchronization
shellcheck,SC2176,2,SR 2.11 RE 2,RE,SR 2.11,2,0.549624,0.864904,Protection of time source integrity
shellcheck,SC2176,3,SR 2.11,SR,SR 2.11,2,0.549565,0.864389,Timestamps
shellcheck,SC2177,1,SR 2.11,SR,SR 2.11,2,0.538503,1.0,Timestamps
shellcheck,SC2177,2,SR 2.11 RE 2,RE,SR 2.11,2,0.519185,0.817969,Protection of time source integrity
shellcheck,SC2177,3,SR 2.11 RE 1,RE,SR 2.11,2,0.509481,0.737348,Internal time synchronization
shellcheck,SC2178,1,SR 1.4,SR,SR 1.4,1,0.52679,1.0,Identifier management
shellcheck,SC2178,2,SR 3.8 RE 1,RE,SR 3.8,3,0.522377,0.954786,Invalidation of session IDs after session termination
shellcheck,SC2178,3,SR 4.2 RE 1,RE,SR 4.2,4,0.513734,0.871072,Purging of shared memory resources
shellcheck,SC2178,4,SR 3.5,SR,SR 3.5,3,0.512385,0.858562,Input validation
shellcheck,SC2178,5,SR 3.6,SR,SR 3.6,3,0.512007,0.855088,Deterministic output
shellcheck,SC2178,6,SR 2.4,SR,SR 2.4,2,0.504737,0.790405,Mobile code
shellcheck,SC2178,7,SR 1.11,SR,SR 1.11,1,0.503155,0.776883,Unsuccessful login attempts
shellcheck,SC2178,8,SR 7.6 RE 1,RE,SR 7.6,7,0.502623,0.772374,Machine-readable reporting of current security settings
shellcheck,SC2178,9,SR 5.2 RE 3,RE,SR 5.2,5,0.5,0.750465,Fail close
shellcheck,SC2178,10,SR 3.8 RE 3,RE,SR 3.8,3,0.499295,0.74466,Randomness of session IDs
shellcheck,SC2179,1,SR 3.6,SR,SR 3.6,3,0.462965,1.0,Deterministic output
shellcheck,SC2179,2,SR 2.4,SR,SR 2.4,2,0.46094,0.976183,Mobile code
shellcheck,SC2179,3,SR 3.5,SR,SR 3.5,3,0.46082,0.974784,Input validation
shellcheck,SC2179,4,SR 6.1 RE 1,RE,SR 6.1,6,0.459738,0.962267,Programmatic access to audit logs
shellcheck,SC2179,5,SR 1.11,SR,SR 1.11,1,0.458652,0.949822,Unsuccessful login attempts
shellcheck,SC2179,6,SR 3.2 RE 1,RE,SR 3.2,3,0.45763,0.938241,Malicious code protection on entry and exit points
shellcheck,SC2179,7,SR 1.4,SR,SR 1.4,1,0.455994,0.919944,Identifier management
shellcheck,SC2179,8,SR 5.2 RE 3,RE,SR 5.2,5,0.455784,0.917612,Fail close
shellcheck,SC2179,9,SR 3.2,SR,SR 3.2,3,0.454496,0.90344,Malicious code protection
shellcheck,SC2179,10,SR 3.8 RE 3,RE,SR 3.8,3,0.453938,0.897359,Randomness of session IDs
shellcheck,SC2180,1,SR 1.4,SR,SR 1.4,1,0.481546,1.0,Identifier management
shellcheck,SC2180,2,SR 1.7 RE 1,RE,SR 1.7,1,0.464459,0.819787,Password generation and lifetime restrictions for human users
shellcheck,SC2180,3,SR 3.5,SR,SR 3.5,3,0.464222,0.817489,Input validation
shellcheck,SC2180,4,SR 4.2 RE 1,RE,SR 4.2,4,0.463661,0.812068,Purging of shared memory resources
shellcheck,SC2180,5,SR 2.11,SR,SR 2.11,2,0.460832,0.785195,Timestamps
shellcheck,SC2180,6,SR 2.1 RE 4,RE,SR 2.1,2,0.458957,0.767783,Dual approval
shellcheck,SC2180,7,SR 1.11,SR,SR 1.11,1,0.456702,0.747259,Unsuccessful login attempts
shellcheck,SC2180,8,SR 7.1 RE 1,RE,SR 7.1,7,0.453596,0.719739,Manage communication loads
shellcheck,SC2180,9,SR 3.8 RE 2,RE,SR 3.8,3,0.450586,0.693858,Unique session ID generation
shellcheck,SC2180,10,SR 3.8 RE 3,RE,SR 3.8,3,0.450201,0.690597,Randomness of session IDs
shellcheck,SC2181,1,SR 5.2 RE 3,RE,SR 5.2,5,0.566644,1.0,Fail close
shellcheck,SC2181,2,SR 3.2 RE 1,RE,SR 3.2,3,0.543575,0.795643,Malicious code protection on entry and exit points
shellcheck,SC2181,3,SR 3.7,SR,SR 3.7,3,0.533417,0.717231,Error handling
shellcheck,SC2182,1,SR 7.6 RE 1,RE,SR 7.6,7,0.470333,1.0,Machine-readable reporting of current security settings
shellcheck,SC2182,2,SR 1.4,SR,SR 1.4,1,0.467853,0.971342,Identifier management
shellcheck,SC2182,3,SR 2.11,SR,SR 2.11,2,0.465003,0.939251,Timestamps
shellcheck,SC2182,4,SR 3.5,SR,SR 3.5,3,0.450293,0.787036,Input validation
shellcheck,SC2182,5,SR 3.3,SR,SR 3.3,3,0.445314,0.740354,Security functionality verification
shellcheck,SC2182,6,SR 3.6,SR,SR 3.6,3,0.442297,0.713179,Deterministic output
shellcheck,SC2182,7,SR 5.2 RE 3,RE,SR 5.2,5,0.439364,0.687555,Fail close
shellcheck,SC2183,1,SR 1.4,SR,SR 1.4,1,0.526244,1.0,Identifier management
shellcheck,SC2183,2,SR 3.3,SR,SR 3.3,3,0.507688,0.820832,Security functionality verification
shellcheck,SC2183,3,SR 1.11,SR,SR 1.11,1,0.498113,0.739223,Unsuccessful login attempts
shellcheck,SC2184,1,SR 4.2 RE 1,RE,SR 4.2,4,0.538949,1.0,Purging of shared memory resources
shellcheck,SC2184,2,SR 4.2,SR,SR 4.2,4,0.5308,0.919625,Information persistence
shellcheck,SC2185,1,SR 5.2 RE 1,RE,SR 5.2,5,0.499637,1.0,"Deny by default, allow by exception"
shellcheck,SC2185,2,SR 3.7,SR,SR 3.7,3,0.482127,0.821838,Error handling
shellcheck,SC2185,3,SR 3.3,SR,SR 3.3,3,0.471803,0.7296,Security functionality verification
shellcheck,SC2185,4,SR 7.7,SR,SR 7.7,7,0.468771,0.704182,Least functionality
shellcheck,SC2186,1,SR 2.11,SR,SR 2.11,2,0.525759,1.0,Timestamps
shellcheck,SC2187,1,SR 3.7,SR,SR 3.7,3,0.50832,1.0,Error handling
shellcheck,SC2187,2,SR 3.5,SR,SR 3.5,3,0.507874,0.995184,Input validation
shellcheck,SC2187,3,SR 2.11,SR,SR 2.11,2,0.507329,0.989329,Timestamps
shellcheck,SC2187,4,SR 3.3,SR,SR 3.3,3,0.505553,0.970433,Security functionality verification
shellcheck,SC2187,5,SR 2.9 RE 1,RE,SR 2.9,2,0.502585,0.939503,Warn when audit record storage capacity threshold reached
shellcheck,SC2187,6,SR 2.12 RE 1,RE,SR 2.12,2,0.500311,0.916366,Non-repudiation for all users
shellcheck,SC2187,7,SR 1.13 RE 1,RE,SR 1.13,1,0.497063,0.884118,Explicit access request approval
shellcheck,SC2187,8,SR 3.2 RE 1,RE,SR 3.2,3,0.494823,0.862421,Malicious code protection on entry and exit points
shellcheck,SC2187,9,SR 1.2,SR,SR 1.2,1,0.492624,0.841556,Software process and device identification and authentication
shellcheck,SC2187,10,SR 2.4 RE 1,RE,SR 2.4,2,0.490544,0.822195,Mobile code integrity check
shellcheck,SC2188,1,SR 7.6 RE 1,RE,SR 7.6,7,0.565291,1.0,Machine-readable reporting of current security settings
shellcheck,SC2188,2,SR 3.7,SR,SR 3.7,3,0.559255,0.942671,Error handling
shellcheck,SC2188,3,SR 1.11,SR,SR 1.11,1,0.557184,0.923627,Unsuccessful login attempts
shellcheck,SC2188,4,SR 2.11,SR,SR 2.11,2,0.549709,0.857501,Timestamps
shellcheck,SC2188,5,SR 5.2 RE 3,RE,SR 5.2,5,0.546247,0.828218,Fail close
shellcheck,SC2188,6,SR 2.12 RE 1,RE,SR 2.12,2,0.545769,0.824236,Non-repudiation for all users
shellcheck,SC2188,7,SR 1.13 RE 1,RE,SR 1.13,1,0.54523,0.819768,Explicit access request approval
shellcheck,SC2188,8,SR 3.2 RE 1,RE,SR 3.2,3,0.542873,0.800468,Malicious code protection on entry and exit points
shellcheck,SC2188,9,SR 7.1,SR,SR 7.1,7,0.542468,0.79719,Denial of service protection
shellcheck,SC2188,10,SR 7.3,SR,SR 7.3,7,0.542321,0.796001,Control system backup
shellcheck,SC2189,1,SR 1.11,SR,SR 1.11,1,0.54206,1.0,Unsuccessful login attempts
shellcheck,SC2189,2,SR 3.2 RE 1,RE,SR 3.2,3,0.534626,0.926862,Malicious code protection on entry and exit points
shellcheck,SC2189,3,SR 2.9 RE 1,RE,SR 2.9,2,0.519327,0.790063,Warn when audit record storage capacity threshold reached
shellcheck,SC2189,4,SR 5.2 RE 3,RE,SR 5.2,5,0.51915,0.788589,Fail close
shellcheck,SC2189,5,SR 3.7,SR,SR 3.7,3,0.518653,0.784443,Error handling
shellcheck,SC2189,6,SR 3.9 RE 1,RE,SR 3.9,3,0.518053,0.779466,Audit records on write-once media
shellcheck,SC2189,7,SR 5.2 RE 2,RE,SR 5.2,5,0.517561,0.775398,Island mode
shellcheck,SC2189,8,SR 4.1 RE 2,RE,SR 4.1,4,0.517515,0.775022,Protection of confidentiality across zone boundaries
shellcheck,SC2189,9,SR 5.3 RE 1,RE,SR 5.3,5,0.517351,0.773673,Prohibit all general purpose person-to-person communications
shellcheck,SC2189,10,SR 3.5,SR,SR 3.5,3,0.51388,0.745551,Input validation
shellcheck,SC2190,1,SR 3.5,SR,SR 3.5,3,0.52327,1.0,Input validation
shellcheck,SC2190,2,SR 1.4,SR,SR 1.4,1,0.521876,0.985437,Identifier management
shellcheck,SC2190,3,SR 2.4,SR,SR 2.4,2,0.512985,0.896567,Mobile code
shellcheck,SC2190,4,SR 1.7 RE 1,RE,SR 1.7,1,0.507907,0.848835,Password generation and lifetime restrictions for human users
shellcheck,SC2190,5,SR 4.3,SR,SR 4.3,4,0.506987,0.840408,Use of cryptography
shellcheck,SC2190,6,SR 1.7 RE 2,RE,SR 1.7,1,0.506726,0.838031,Password lifetime restrictions for all users
shellcheck,SC2190,7,SR 3.7,SR,SR 3.7,3,0.505706,0.828801,Error handling
shellcheck,SC2190,8,SR 5.4,SR,SR 5.4,5,0.505277,0.824933,Application partitioning
shellcheck,SC2190,9,SR 3.6,SR,SR 3.6,3,0.504762,0.820325,Deterministic output
shellcheck,SC2190,10,SR 2.1 RE 2,RE,SR 2.1,2,0.501904,0.7951,Permission mapping to roles
shellcheck,SC2191,1,SR 3.5,SR,SR 3.5,3,0.512406,1.0,Input validation
shellcheck,SC2191,2,SR 3.6,SR,SR 3.6,3,0.494225,0.8198,Deterministic output
shellcheck,SC2191,3,SR 5.4,SR,SR 5.4,5,0.48118,0.707643,Application partitioning
shellcheck,SC2192,1,SR 3.5,SR,SR 3.5,3,0.488918,1.0,Input validation
shellcheck,SC2192,2,SR 3.6,SR,SR 3.6,3,0.47923,0.89577,Deterministic output
shellcheck,SC2192,3,SR 3.8 RE 2,RE,SR 3.8,3,0.474193,0.845192,Unique session ID generation
shellcheck,SC2192,4,SR 3.8 RE 1,RE,SR 3.8,3,0.473516,0.838583,Invalidation of session IDs after session termination
shellcheck,SC2192,5,SR 2.4 RE 1,RE,SR 2.4,2,0.469436,0.799606,Mobile code integrity check
shellcheck,SC2192,6,SR 5.4,SR,SR 5.4,5,0.467829,0.784664,Application partitioning
shellcheck,SC2192,7,SR 1.4,SR,SR 1.4,1,0.465816,0.766275,Identifier management
shellcheck,SC2192,8,SR 3.8 RE 3,RE,SR 3.8,3,0.464766,0.756821,Randomness of session IDs
shellcheck,SC2192,9,SR 3.7,SR,SR 3.7,3,0.462346,0.735403,Error handling
shellcheck,SC2192,10,SR 3.3,SR,SR 3.3,3,0.457592,0.694764,Security functionality verification
shellcheck,SC2193,1,SR 3.5,SR,SR 3.5,3,0.531763,1.0,Input validation
shellcheck,SC2193,2,SR 2.12 RE 1,RE,SR 2.12,2,0.502856,0.735342,Non-repudiation for all users
shellcheck,SC2193,3,SR 1.11,SR,SR 1.11,1,0.49938,0.70782,Unsuccessful login attempts
shellcheck,SC2193,4,SR 3.3,SR,SR 3.3,3,0.497053,0.689867,Security functionality verification
shellcheck,SC2194,1,SR 1.4,SR,SR 1.4,1,0.518501,1.0,Identifier management
shellcheck,SC2194,2,SR 3.5,SR,SR 3.5,3,0.509607,0.909217,Input validation
shellcheck,SC2194,3,SR 2.12 RE 1,RE,SR 2.12,2,0.507967,0.893249,Non-repudiation for all users
shellcheck,SC2194,4,SR 1.7 RE 1,RE,SR 1.7,1,0.507483,0.888577,Password generation and lifetime restrictions for human users
shellcheck,SC2194,5,SR 3.2 RE 1,RE,SR 3.2,3,0.501074,0.828579,Malicious code protection on entry and exit points
shellcheck,SC2194,6,SR 3.7,SR,SR 3.7,3,0.501021,0.8281,Error handling
shellcheck,SC2194,7,SR 1.7 RE 2,RE,SR 1.7,1,0.500312,0.821675,Password lifetime restrictions for all users
shellcheck,SC2194,8,SR 7.1 RE 1,RE,SR 7.1,7,0.499465,0.814053,Manage communication loads
shellcheck,SC2194,9,SR 1.2 RE 1,RE,SR 1.2,1,0.494052,0.766698,Unique identification and authentication
shellcheck,SC2194,10,SR 2.11 RE 2,RE,SR 2.11,2,0.49105,0.741424,Protection of time source integrity
shellcheck,SC2195,1,SR 3.5,SR,SR 3.5,3,0.513052,1.0,Input validation
shellcheck,SC2196,1,SR 3.2 RE 1,RE,SR 3.2,3,0.490393,1.0,Malicious code protection on entry and exit points
shellcheck,SC2196,2,SR 2.11,SR,SR 2.11,2,0.482352,0.913081,Timestamps
shellcheck,SC2196,3,SR 1.11,SR,SR 1.11,1,0.473614,0.825735,Unsuccessful login attempts
shellcheck,SC2196,4,SR 3.8 RE 2,RE,SR 3.8,3,0.471716,0.807702,Unique session ID generation
shellcheck,SC2196,5,SR 1.7 RE 1,RE,SR 1.7,1,0.470688,0.798069,Password generation and lifetime restrictions for human users
shellcheck,SC2196,6,SR 6.1 RE 1,RE,SR 6.1,6,0.469976,0.791447,Programmatic access to audit logs
shellcheck,SC2196,7,SR 3.8 RE 3,RE,SR 3.8,3,0.469807,0.789882,Randomness of session IDs
shellcheck,SC2196,8,SR 3.7,SR,SR 3.7,3,0.469247,0.784717,Error handling
shellcheck,SC2196,9,SR 7.6 RE 1,RE,SR 7.6,7,0.466885,0.763244,Machine-readable reporting of current security settings
shellcheck,SC2196,10,SR 2.12 RE 1,RE,SR 2.12,2,0.464327,0.740526,Non-repudiation for all users
shellcheck,SC2197,1,SR 2.11,SR,SR 2.11,2,0.485213,1.0,Timestamps
shellcheck,SC2197,2,SR 3.3,SR,SR 3.3,3,0.47772,0.917963,Security functionality verification
shellcheck,SC2197,3,SR 3.2 RE 1,RE,SR 3.2,3,0.47174,0.856519,Malicious code protection on entry and exit points
shellcheck,SC2197,4,SR 3.7,SR,SR 3.7,3,0.470023,0.839508,Error handling
shellcheck,SC2197,5,SR 1.7 RE 1,RE,SR 1.7,1,0.469938,0.838673,Password generation and lifetime restrictions for human users
shellcheck,SC2197,6,SR 2.4 RE 1,RE,SR 2.4,2,0.466963,0.809892,Mobile code integrity check
shellcheck,SC2197,7,SR 7.3 RE 1,RE,SR 7.3,7,0.456539,0.71532,Backup verification
shellcheck,SC2197,8,SR 2.9 RE 1,RE,SR 2.9,2,0.45601,0.710774,Warn when audit record storage capacity threshold reached
shellcheck,SC2197,9,SR 1.11,SR,SR 1.11,1,0.455938,0.710154,Unsuccessful login attempts
shellcheck,SC2197,10,SR 7.3,SR,SR 7.3,7,0.455811,0.709069,Control system backup
shellcheck,SC2198,1,SR 3.5,SR,SR 3.5,3,0.509467,1.0,Input validation
shellcheck,SC2198,2,SR 1.11,SR,SR 1.11,1,0.492706,0.83195,Unsuccessful login attempts
shellcheck,SC2198,3,SR 3.8,SR,SR 3.8,3,0.484554,0.759002,Session integrity
shellcheck,SC2198,4,SR 2.11,SR,SR 2.11,2,0.483354,0.74872,Timestamps
shellcheck,SC2198,5,SR 3.8 RE 2,RE,SR 3.8,3,0.481348,0.731793,Unique session ID generation
shellcheck,SC2198,6,SR 3.8 RE 1,RE,SR 3.8,3,0.478737,0.710228,Invalidation of session IDs after session termination
shellcheck,SC2198,7,SR 5.2 RE 1,RE,SR 5.2,5,0.474988,0.680171,"Deny by default, allow by exception"
shellcheck,SC2199,1,SR 3.5,SR,SR 3.5,3,0.495755,1.0,Input validation
shellcheck,SC2199,2,SR 2.11,SR,SR 2.11,2,0.482971,0.866157,Timestamps
shellcheck,SC2199,3,SR 3.8 RE 1,RE,SR 3.8,3,0.480073,0.837949,Invalidation of session IDs after session termination
shellcheck,SC2199,4,SR 3.8 RE 2,RE,SR 3.8,3,0.479181,0.829426,Unique session ID generation
shellcheck,SC2199,5,SR 3.8,SR,SR 3.8,3,0.478897,0.826727,Session integrity
shellcheck,SC2199,6,SR 2.3,SR,SR 2.3,2,0.478582,0.82374,Use control for portable and mobile devices
shellcheck,SC2199,7,SR 1.11,SR,SR 1.11,1,0.476107,0.800578,Unsuccessful login attempts
shellcheck,SC2199,8,SR 4.2 RE 1,RE,SR 4.2,4,0.473337,0.775291,Purging of shared memory resources
shellcheck,SC2199,9,SR 1.7 RE 1,RE,SR 1.7,1,0.473068,0.772872,Password generation and lifetime restrictions for human users
shellcheck,SC2199,10,SR 3.4 RE 1,RE,SR 3.4,3,0.47228,0.765823,Automated notification about integrity violations
shellcheck,SC2200,1,SR 3.5,SR,SR 3.5,3,0.514261,1.0,Input validation
shellcheck,SC2200,2,SR 1.11,SR,SR 1.11,1,0.50019,0.858482,Unsuccessful login attempts
shellcheck,SC2200,3,SR 5.2 RE 3,RE,SR 5.2,5,0.483725,0.71414,Fail close
shellcheck,SC2201,1,SR 3.5,SR,SR 3.5,3,0.501662,1.0,Input validation
shellcheck,SC2201,2,SR 1.11,SR,SR 1.11,1,0.488182,0.860873,Unsuccessful login attempts
shellcheck,SC2201,3,SR 5.2 RE 3,RE,SR 5.2,5,0.480715,0.790902,Fail close
shellcheck,SC2201,4,SR 3.2 RE 1,RE,SR 3.2,3,0.471024,0.707093,Malicious code protection on entry and exit points
shellcheck,SC2202,1,SR 7.3,SR,SR 7.3,7,0.566687,1.0,Control system backup
shellcheck,SC2202,2,SR 7.3 RE 1,RE,SR 7.3,7,0.558541,0.923453,Backup verification
shellcheck,SC2202,3,SR 7.3 RE 2,RE,SR 7.3,7,0.554265,0.885231,Backup automation
shellcheck,SC2202,4,SR 2.11,SR,SR 2.11,2,0.531997,0.706502,Timestamps
shellcheck,SC2203,1,SR 7.3,SR,SR 7.3,7,0.576088,1.0,Control system backup
shellcheck,SC2203,2,SR 7.3 RE 1,RE,SR 7.3,7,0.559565,0.852097,Backup verification
shellcheck,SC2204,1,SR 3.5,SR,SR 3.5,3,0.567485,1.0,Input validation
shellcheck,SC2204,2,SR 2.4 RE 1,RE,SR 2.4,2,0.55698,0.902336,Mobile code integrity check
shellcheck,SC2204,3,SR 5.2 RE 3,RE,SR 5.2,5,0.552581,0.863829,Fail close
shellcheck,SC2204,4,SR 5.2 RE 2,RE,SR 5.2,5,0.544652,0.79782,Island mode
shellcheck,SC2204,5,SR 3.2 RE 1,RE,SR 3.2,3,0.542696,0.782187,Malicious code protection on entry and exit points
shellcheck,SC2204,6,SR 7.3,SR,SR 7.3,7,0.53847,0.749276,Control system backup
shellcheck,SC2204,7,SR 5.4,SR,SR 5.4,5,0.536111,0.731396,Application partitioning
shellcheck,SC2204,8,SR 4.1 RE 2,RE,SR 4.1,4,0.534966,0.722844,Protection of confidentiality across zone boundaries
shellcheck,SC2204,9,SR 7.1,SR,SR 7.1,7,0.534662,0.720588,Denial of service protection
shellcheck,SC2204,10,SR 3.7,SR,SR 3.7,3,0.529186,0.680923,Error handling
shellcheck,SC2205,1,SR 3.5,SR,SR 3.5,3,0.590186,1.0,Input validation
shellcheck,SC2205,2,SR 5.2 RE 3,RE,SR 5.2,5,0.56033,0.751623,Fail close
shellcheck,SC2205,3,SR 2.4 RE 1,RE,SR 2.4,2,0.556775,0.725771,Mobile code integrity check
shellcheck,SC2205,4,SR 5.2 RE 2,RE,SR 5.2,5,0.550694,0.683233,Island mode
shellcheck,SC2206,1,SR 3.5,SR,SR 3.5,3,0.576288,1.0,Input validation
shellcheck,SC2207,1,SR 3.5,SR,SR 3.5,3,0.546874,1.0,Input validation
shellcheck,SC2207,2,SR 3.6,SR,SR 3.6,3,0.529635,0.838478,Deterministic output
shellcheck,SC2207,3,SR 5.4,SR,SR 5.4,5,0.529216,0.834837,Application partitioning
shellcheck,SC2207,4,SR 4.2,SR,SR 4.2,4,0.523316,0.784919,Information persistence
shellcheck,SC2207,5,SR 7.6 RE 1,RE,SR 7.6,7,0.513969,0.710849,Machine-readable reporting of current security settings
shellcheck,SC2208,1,SR 3.2 RE 1,RE,SR 3.2,3,0.510017,1.0,Malicious code protection on entry and exit points
shellcheck,SC2208,2,SR 2.9 RE 1,RE,SR 2.9,2,0.509739,0.997007,Warn when audit record storage capacity threshold reached
shellcheck,SC2208,3,SR 5.2 RE 3,RE,SR 5.2,5,0.508186,0.980419,Fail close
shellcheck,SC2208,4,SR 3.6,SR,SR 3.6,3,0.490489,0.80676,Deterministic output
shellcheck,SC2208,5,SR 7.3,SR,SR 7.3,7,0.489372,0.796715,Control system backup
shellcheck,SC2208,6,SR 4.2 RE 1,RE,SR 4.2,4,0.488122,0.78558,Purging of shared memory resources
shellcheck,SC2208,7,SR 2.9,SR,SR 2.9,2,0.485748,0.764799,Audit storage capacity
shellcheck,SC2208,8,SR 5.2 RE 1,RE,SR 5.2,5,0.485159,0.759712,"Deny by default, allow by exception"
shellcheck,SC2208,9,SR 1.11,SR,SR 1.11,1,0.484286,0.752224,Unsuccessful login attempts
shellcheck,SC2208,10,SR 3.5,SR,SR 3.5,3,0.48297,0.741044,Input validation
shellcheck,SC2209,1,SR 3.6,SR,SR 3.6,3,0.573971,1.0,Deterministic output
shellcheck,SC2209,2,SR 2.12 RE 1,RE,SR 2.12,2,0.552365,0.809746,Non-repudiation for all users
shellcheck,SC2209,3,SR 7.6 RE 1,RE,SR 7.6,7,0.536341,0.688707,Machine-readable reporting of current security settings
shellcheck,SC2210,1,SR 5.2 RE 3,RE,SR 5.2,5,0.569475,1.0,Fail close
shellcheck,SC2210,2,SR 3.2 RE 1,RE,SR 3.2,3,0.567236,0.978572,Malicious code protection on entry and exit points
shellcheck,SC2210,3,SR 7.1,SR,SR 7.1,7,0.55442,0.862992,Denial of service protection
shellcheck,SC2210,4,SR 7.3,SR,SR 7.3,7,0.550465,0.829665,Control system backup
shellcheck,SC2210,5,SR 3.3,SR,SR 3.3,3,0.549587,0.822411,Security functionality verification
shellcheck,SC2210,6,SR 1.11,SR,SR 1.11,1,0.548548,0.813902,Unsuccessful login attempts
shellcheck,SC2210,7,SR 3.7,SR,SR 3.7,3,0.547356,0.804221,Error handling
shellcheck,SC2210,8,SR 3.5,SR,SR 3.5,3,0.545316,0.787874,Input validation
shellcheck,SC2210,9,SR 3.6,SR,SR 3.6,3,0.541622,0.758965,Deterministic output
shellcheck,SC2210,10,SR 3.3 RE 2,RE,SR 3.3,3,0.538762,0.73718,Security functionality verification during normal operation
shellcheck,SC2211,1,SR 2.11,SR,SR 2.11,2,0.502138,1.0,Timestamps
shellcheck,SC2211,2,SR 1.4,SR,SR 1.4,1,0.494477,0.918918,Identifier management
shellcheck,SC2211,3,SR 3.5,SR,SR 3.5,3,0.491124,0.885172,Input validation
shellcheck,SC2211,4,SR 7.3,SR,SR 7.3,7,0.489754,0.871677,Control system backup
shellcheck,SC2211,5,SR 4.2,SR,SR 4.2,4,0.48173,0.795969,Information persistence
shellcheck,SC2211,6,SR 4.2 RE 1,RE,SR 4.2,4,0.480031,0.780645,Purging of shared memory resources
shellcheck,SC2211,7,SR 7.1 RE 1,RE,SR 7.1,7,0.478268,0.765008,Manage communication loads
shellcheck,SC2211,8,SR 7.6 RE 1,RE,SR 7.6,7,0.476841,0.752537,Machine-readable reporting of current security settings
shellcheck,SC2211,9,SR 2.9,SR,SR 2.9,2,0.475288,0.739157,Audit storage capacity
shellcheck,SC2211,10,SR 5.2 RE 3,RE,SR 5.2,5,0.472963,0.719487,Fail close
shellcheck,SC2212,1,SR 3.7,SR,SR 3.7,3,0.513449,1.0,Error handling
shellcheck,SC2212,2,SR 3.5,SR,SR 3.5,3,0.509239,0.955724,Input validation
shellcheck,SC2212,3,SR 5.2 RE 3,RE,SR 5.2,5,0.508237,0.945423,Fail close
shellcheck,SC2212,4,SR 3.6,SR,SR 3.6,3,0.507703,0.939976,Deterministic output
shellcheck,SC2212,5,SR 7.1,SR,SR 7.1,7,0.506723,0.930041,Denial of service protection
shellcheck,SC2212,6,SR 7.7,SR,SR 7.7,7,0.503738,0.900301,Least functionality
shellcheck,SC2212,7,SR 3.8 RE 1,RE,SR 3.8,3,0.502485,0.88805,Invalidation of session IDs after session termination
shellcheck,SC2212,8,SR 2.9 RE 1,RE,SR 2.9,2,0.502132,0.884625,Warn when audit record storage capacity threshold reached
shellcheck,SC2212,9,SR 1.11,SR,SR 1.11,1,0.501845,0.88185,Unsuccessful login attempts
shellcheck,SC2212,10,SR 5.2 RE 2,RE,SR 5.2,5,0.499386,0.858342,Island mode
shellcheck,SC2213,1,SR 3.7,SR,SR 3.7,3,0.526133,1.0,Error handling
shellcheck,SC2213,2,SR 1.11,SR,SR 1.11,1,0.524668,0.984779,Unsuccessful login attempts
shellcheck,SC2213,3,SR 2.12 RE 1,RE,SR 2.12,2,0.518082,0.918684,Non-repudiation for all users
shellcheck,SC2213,4,SR 1.13 RE 1,RE,SR 1.13,1,0.512305,0.863737,Explicit access request approval
shellcheck,SC2213,5,SR 5.2 RE 1,RE,SR 5.2,5,0.505187,0.799766,"Deny by default, allow by exception"
shellcheck,SC2213,6,SR 7.1,SR,SR 7.1,7,0.50446,0.793457,Denial of service protection
shellcheck,SC2213,7,SR 2.12,SR,SR 2.12,2,0.498011,0.739245,Non-repudiation
shellcheck,SC2213,8,SR 3.6,SR,SR 3.6,3,0.495009,0.715066,Deterministic output
shellcheck,SC2213,9,SR 1.7 RE 1,RE,SR 1.7,1,0.493626,0.70415,Password generation and lifetime restrictions for human users
shellcheck,SC2213,10,SR 1.4,SR,SR 1.4,1,0.491903,0.690732,Identifier management
shellcheck,SC2214,1,SR 1.11,SR,SR 1.11,1,0.537787,1.0,Unsuccessful login attempts
shellcheck,SC2214,2,SR 2.12 RE 1,RE,SR 2.12,2,0.515648,0.793574,Non-repudiation for all users
shellcheck,SC2214,3,SR 7.1,SR,SR 7.1,7,0.511273,0.757237,Denial of service protection
shellcheck,SC2214,4,SR 3.8 RE 3,RE,SR 3.8,3,0.507325,0.725635,Randomness of session IDs
shellcheck,SC2214,5,SR 3.7,SR,SR 3.7,3,0.50452,0.703839,Error handling
shellcheck,SC2214,6,SR 3.2 RE 1,RE,SR 3.2,3,0.501847,0.683576,Malicious code protection on entry and exit points
shellcheck,SC2214,7,SR 5.2 RE 1,RE,SR 5.2,5,0.501403,0.680258,"Deny by default, allow by exception"
shellcheck,SC2215,1,SR 3.7,SR,SR 3.7,3,0.52511,1.0,Error handling
shellcheck,SC2215,2,SR 5.2 RE 3,RE,SR 5.2,5,0.521407,0.96182,Fail close
shellcheck,SC2215,3,SR 3.5,SR,SR 3.5,3,0.515982,0.908058,Input validation
shellcheck,SC2215,4,SR 2.4 RE 1,RE,SR 2.4,2,0.515223,0.900729,Mobile code integrity check
shellcheck,SC2215,5,SR 3.2 RE 1,RE,SR 3.2,3,0.504231,0.79999,Malicious code protection on entry and exit points
shellcheck,SC2215,6,SR 5.2 RE 2,RE,SR 5.2,5,0.499316,0.758031,Island mode
shellcheck,SC2215,7,SR 3.3,SR,SR 3.3,3,0.491367,0.693994,Security functionality verification
shellcheck,SC2215,8,SR 1.11,SR,SR 1.11,1,0.490556,0.687712,Unsuccessful login attempts
shellcheck,SC2215,9,SR 1.4,SR,SR 1.4,1,0.49005,0.683827,Identifier management
shellcheck,SC2216,1,SR 3.7,SR,SR 3.7,3,0.519847,1.0,Error handling
shellcheck,SC2216,2,SR 3.5,SR,SR 3.5,3,0.510597,0.905975,Input validation
shellcheck,SC2216,3,SR 7.3,SR,SR 7.3,7,0.497142,0.782219,Control system backup
shellcheck,SC2216,4,SR 4.2,SR,SR 4.2,4,0.496858,0.779766,Information persistence
shellcheck,SC2216,5,SR 2.11,SR,SR 2.11,2,0.493466,0.750936,Timestamps
shellcheck,SC2216,6,SR 7.1 RE 1,RE,SR 7.1,7,0.489025,0.714505,Manage communication loads
shellcheck,SC2216,7,SR 4.2 RE 1,RE,SR 4.2,4,0.484918,0.682122,Purging of shared memory resources
shellcheck,SC2217,1,SR 5.2 RE 3,RE,SR 5.2,5,0.486677,1.0,Fail close
shellcheck,SC2217,2,SR 3.7,SR,SR 3.7,3,0.479813,0.92485,Error handling
shellcheck,SC2217,3,SR 1.11,SR,SR 1.11,1,0.471114,0.836309,Unsuccessful login attempts
shellcheck,SC2217,4,SR 3.5,SR,SR 3.5,3,0.468581,0.811873,Input validation
shellcheck,SC2217,5,SR 7.1,SR,SR 7.1,7,0.461116,0.74324,Denial of service protection
shellcheck,SC2217,6,SR 7.1 RE 1,RE,SR 7.1,7,0.455909,0.698241,Manage communication loads
shellcheck,SC2218,1,SR 5.2 RE 3,RE,SR 5.2,5,0.51203,1.0,Fail close
shellcheck,SC2218,2,SR 3.2 RE 1,RE,SR 3.2,3,0.502034,0.897231,Malicious code protection on entry and exit points
shellcheck,SC2218,3,SR 3.3,SR,SR 3.3,3,0.501293,0.889976,Security functionality verification
shellcheck,SC2218,4,SR 3.3 RE 2,RE,SR 3.3,3,0.486902,0.758235,Security functionality verification during normal operation
shellcheck,SC2218,5,SR 3.2,SR,SR 3.2,3,0.486466,0.754504,Malicious code protection
shellcheck,SC2218,6,SR 3.5,SR,SR 3.5,3,0.484578,0.738537,Input validation
shellcheck,SC2218,7,SR 7.7,SR,SR 7.7,7,0.483933,0.733145,Least functionality
shellcheck,SC2218,8,SR 1.2 RE 1,RE,SR 1.2,1,0.482352,0.720069,Unique identification and authentication
shellcheck,SC2218,9,SR 1.5 RE 1,RE,SR 1.5,1,0.478101,0.685855,Hardware security for software process identity credentials
shellcheck,SC2219,1,SR 3.5,SR,SR 3.5,3,0.501557,1.0,Input validation
shellcheck,SC2219,2,SR 3.3,SR,SR 3.3,3,0.498409,0.965962,Security functionality verification
shellcheck,SC2219,3,SR 4.3,SR,SR 4.3,4,0.497528,0.956613,Use of cryptography
shellcheck,SC2219,4,SR 3.7,SR,SR 3.7,3,0.497119,0.952295,Error handling
shellcheck,SC2219,5,SR 7.7,SR,SR 7.7,7,0.490027,0.879927,Least functionality
shellcheck,SC2219,6,SR 1.11,SR,SR 1.11,1,0.485974,0.840638,Unsuccessful login attempts
shellcheck,SC2219,7,SR 2.4 RE 1,RE,SR 2.4,2,0.484919,0.830648,Mobile code integrity check
shellcheck,SC2219,8,SR 5.2 RE 3,RE,SR 5.2,5,0.480802,0.792598,Fail close
shellcheck,SC2219,9,SR 3.2 RE 1,RE,SR 3.2,3,0.47894,0.775867,Malicious code protection on entry and exit points
shellcheck,SC2219,10,SR 5.2 RE 1,RE,SR 5.2,5,0.478547,0.772371,"Deny by default, allow by exception"
shellcheck,SC2220,1,SR 3.7,SR,SR 3.7,3,0.586431,1.0,Error handling
shellcheck,SC2220,2,SR 1.11,SR,SR 1.11,1,0.571777,0.870071,Unsuccessful login attempts
shellcheck,SC2221,1,SR 3.2 RE 1,RE,SR 3.2,3,0.552374,1.0,Malicious code protection on entry and exit points
shellcheck,SC2221,2,SR 3.5,SR,SR 3.5,3,0.552362,0.999882,Input validation
shellcheck,SC2221,3,SR 3.7,SR,SR 3.7,3,0.542672,0.907136,Error handling
shellcheck,SC2221,4,SR 1.7 RE 1,RE,SR 1.7,1,0.542292,0.90365,Password generation and lifetime restrictions for human users
shellcheck,SC2221,5,SR 1.11,SR,SR 1.11,1,0.540791,0.889972,Unsuccessful login attempts
shellcheck,SC2221,6,SR 3.8 RE 1,RE,SR 3.8,3,0.536294,0.850023,Invalidation of session IDs after session termination
shellcheck,SC2221,7,SR 2.11,SR,SR 2.11,2,0.535948,0.847016,Timestamps
shellcheck,SC2221,8,SR 3.8,SR,SR 3.8,3,0.535446,0.842658,Session integrity
shellcheck,SC2221,9,SR 2.11 RE 2,RE,SR 2.11,2,0.533119,0.822717,Protection of time source integrity
shellcheck,SC2221,10,SR 1.4,SR,SR 1.4,1,0.529001,0.788364,Identifier management
shellcheck,SC2222,1,SR 3.8 RE 3,RE,SR 3.8,3,0.500609,1.0,Randomness of session IDs
shellcheck,SC2222,2,SR 1.11,SR,SR 1.11,1,0.492841,0.917587,Unsuccessful login attempts
shellcheck,SC2222,3,SR 2.11 RE 2,RE,SR 2.11,2,0.485449,0.844404,Protection of time source integrity
shellcheck,SC2222,4,SR 3.2 RE 1,RE,SR 3.2,3,0.477243,0.768826,Malicious code protection on entry and exit points
shellcheck,SC2222,5,SR 3.8 RE 2,RE,SR 3.8,3,0.476324,0.760719,Unique session ID generation
shellcheck,SC2222,6,SR 2.11,SR,SR 2.11,2,0.471441,0.718806,Timestamps
shellcheck,SC2222,7,SR 1.7 RE 1,RE,SR 1.7,1,0.46808,0.691068,Password generation and lifetime restrictions for human users
shellcheck,SC2223,1,SR 3.7,SR,SR 3.7,3,0.545916,1.0,Error handling
shellcheck,SC2223,2,SR 3.2 RE 1,RE,SR 3.2,3,0.535187,0.896579,Malicious code protection on entry and exit points
shellcheck,SC2223,3,SR 3.5,SR,SR 3.5,3,0.522207,0.783327,Input validation
shellcheck,SC2223,4,SR 4.2 RE 1,RE,SR 4.2,4,0.520927,0.772824,Purging of shared memory resources
shellcheck,SC2223,5,SR 2.9 RE 1,RE,SR 2.9,2,0.520465,0.769065,Warn when audit record storage capacity threshold reached
shellcheck,SC2223,6,SR 2.11 RE 2,RE,SR 2.11,2,0.519392,0.760384,Protection of time source integrity
shellcheck,SC2223,7,SR 2.11,SR,SR 2.11,2,0.519088,0.75794,Timestamps
shellcheck,SC2223,8,SR 2.4,SR,SR 2.4,2,0.518458,0.752896,Mobile code
shellcheck,SC2223,9,SR 7.6 RE 1,RE,SR 7.6,7,0.515073,0.726251,Machine-readable reporting of current security settings
shellcheck,SC2223,10,SR 1.7 RE 1,RE,SR 1.7,1,0.513027,0.710529,Password generation and lifetime restrictions for human users
shellcheck,SC2224,1,SR 3.2 RE 1,RE,SR 3.2,3,0.515718,1.0,Malicious code protection on entry and exit points
shellcheck,SC2224,2,SR 5.2 RE 3,RE,SR 5.2,5,0.507805,0.918477,Fail close
shellcheck,SC2224,3,SR 3.7,SR,SR 3.7,3,0.505043,0.891331,Error handling
shellcheck,SC2224,4,SR 7.3,SR,SR 7.3,7,0.496334,0.810009,Control system backup
shellcheck,SC2224,5,SR 2.4 RE 1,RE,SR 2.4,2,0.488418,0.741457,Mobile code integrity check
shellcheck,SC2224,6,SR 7.1 RE 1,RE,SR 7.1,7,0.486982,0.72955,Manage communication loads
shellcheck,SC2224,7,SR 7.3 RE 1,RE,SR 7.3,7,0.48313,0.69837,Backup verification
shellcheck,SC2224,8,SR 3.6,SR,SR 3.6,3,0.481336,0.684228,Deterministic output
shellcheck,SC2225,1,SR 3.2 RE 1,RE,SR 3.2,3,0.534389,1.0,Malicious code protection on entry and exit points
shellcheck,SC2225,2,SR 7.3,SR,SR 7.3,7,0.521801,0.877122,Control system backup
shellcheck,SC2225,3,SR 3.7,SR,SR 3.7,3,0.507028,0.748959,Error handling
shellcheck,SC2225,4,SR 5.2 RE 3,RE,SR 5.2,5,0.499636,0.690841,Fail close
shellcheck,SC2226,1,SR 3.2 RE 1,RE,SR 3.2,3,0.519651,1.0,Malicious code protection on entry and exit points
shellcheck,SC2226,2,SR 5.2 RE 3,RE,SR 5.2,5,0.506425,0.867793,Fail close
shellcheck,SC2226,3,SR 3.6,SR,SR 3.6,3,0.499163,0.801525,Deterministic output
shellcheck,SC2226,4,SR 7.3,SR,SR 7.3,7,0.499146,0.80138,Control system backup
shellcheck,SC2226,5,SR 3.7,SR,SR 3.7,3,0.496545,0.77868,Error handling
shellcheck,SC2227,1,SR 3.2 RE 1,RE,SR 3.2,3,0.509007,1.0,Malicious code protection on entry and exit points
shellcheck,SC2227,2,SR 7.1 RE 1,RE,SR 7.1,7,0.501783,0.924396,Manage communication loads
shellcheck,SC2227,3,SR 3.7,SR,SR 3.7,3,0.499991,0.906385,Error handling
shellcheck,SC2227,4,SR 5.2 RE 3,RE,SR 5.2,5,0.49743,0.881143,Fail close
shellcheck,SC2227,5,SR 1.4,SR,SR 1.4,1,0.495044,0.858141,Identifier management
shellcheck,SC2227,6,SR 2.12 RE 1,RE,SR 2.12,2,0.492016,0.82967,Non-repudiation for all users
shellcheck,SC2227,7,SR 2.1 RE 2,RE,SR 2.1,2,0.490945,0.819787,Permission mapping to roles
shellcheck,SC2227,8,SR 7.3,SR,SR 7.3,7,0.486952,0.783779,Control system backup
shellcheck,SC2227,9,SR 3.9 RE 1,RE,SR 3.9,3,0.486926,0.783548,Audit records on write-once media
shellcheck,SC2227,10,SR 1.11,SR,SR 1.11,1,0.486405,0.778944,Unsuccessful login attempts
shellcheck,SC2229,1,SR 4.2,SR,SR 4.2,4,0.531999,1.0,Information persistence
shellcheck,SC2229,2,SR 3.5,SR,SR 3.5,3,0.524865,0.928434,Input validation
shellcheck,SC2229,3,SR 7.1,SR,SR 7.1,7,0.51888,0.871686,Denial of service protection
shellcheck,SC2229,4,SR 7.1 RE 1,RE,SR 7.1,7,0.518331,0.866623,Manage communication loads
shellcheck,SC2229,5,SR 3.7,SR,SR 3.7,3,0.511943,0.809489,Error handling
shellcheck,SC2229,6,SR 5.2 RE 3,RE,SR 5.2,5,0.511219,0.803211,Fail close
shellcheck,SC2229,7,SR 1.11,SR,SR 1.11,1,0.5069,0.766588,Unsuccessful login attempts
shellcheck,SC2229,8,SR 7.7,SR,SR 7.7,7,0.502348,0.729482,Least functionality
shellcheck,SC2229,9,SR 3.2 RE 1,RE,SR 3.2,3,0.502094,0.727462,Malicious code protection on entry and exit points
shellcheck,SC2229,10,SR 2.12 RE 1,RE,SR 2.12,2,0.498518,0.699416,Non-repudiation for all users
shellcheck,SC2230,1,SR 3.2 RE 1,RE,SR 3.2,3,0.532431,1.0,Malicious code protection on entry and exit points
shellcheck,SC2230,2,SR 7.6 RE 1,RE,SR 7.6,7,0.529164,0.96671,Machine-readable reporting of current security settings
shellcheck,SC2230,3,SR 1.13 RE 1,RE,SR 1.13,1,0.526359,0.938861,Explicit access request approval
shellcheck,SC2230,4,SR 2.12 RE 1,RE,SR 2.12,2,0.526352,0.938791,Non-repudiation for all users
shellcheck,SC2230,5,SR 3.7,SR,SR 3.7,3,0.522545,0.902052,Error handling
shellcheck,SC2230,6,SR 3.3,SR,SR 3.3,3,0.522471,0.901345,Security functionality verification
shellcheck,SC2230,7,SR 2.8 RE 1,RE,SR 2.8,2,0.520566,0.883424,"Centrally managed, system-wide audit trail"
shellcheck,SC2230,8,SR 3.5,SR,SR 3.5,3,0.517756,0.857513,Input validation
shellcheck,SC2230,9,SR 3.3 RE 2,RE,SR 3.3,3,0.515419,0.836441,Security functionality verification during normal operation
shellcheck,SC2230,10,SR 4.2,SR,SR 4.2,4,0.511601,0.802922,Information persistence
shellcheck,SC2231,1,SR 3.2 RE 1,RE,SR 3.2,3,0.515594,1.0,Malicious code protection on entry and exit points
shellcheck,SC2231,2,SR 2.9 RE 1,RE,SR 2.9,2,0.515121,0.994963,Warn when audit record storage capacity threshold reached
shellcheck,SC2231,3,SR 4.2 RE 1,RE,SR 4.2,4,0.502095,0.864233,Purging of shared memory resources
shellcheck,SC2231,4,SR 3.5,SR,SR 3.5,3,0.498701,0.832583,Input validation
shellcheck,SC2231,5,SR 2.11,SR,SR 2.11,2,0.488542,0.743481,Timestamps
shellcheck,SC2231,6,SR 1.7 RE 1,RE,SR 1.7,1,0.48832,0.741623,Password generation and lifetime restrictions for human users
shellcheck,SC2231,7,SR 2.9,SR,SR 2.9,2,0.48716,0.731984,Audit storage capacity
shellcheck,SC2231,8,SR 7.1 RE 1,RE,SR 7.1,7,0.486323,0.725094,Manage communication loads
shellcheck,SC2231,9,SR 3.9 RE 1,RE,SR 3.9,3,0.482037,0.690637,Audit records on write-once media
shellcheck,SC2232,1,SR 3.2 RE 1,RE,SR 3.2,3,0.506436,1.0,Malicious code protection on entry and exit points
shellcheck,SC2232,2,SR 3.2,SR,SR 3.2,3,0.504521,0.979377,Malicious code protection
shellcheck,SC2232,3,SR 3.7,SR,SR 3.7,3,0.495319,0.88508,Error handling
shellcheck,SC2232,4,SR 1.5 RE 1,RE,SR 1.5,1,0.495002,0.881971,Hardware security for software process identity credentials
shellcheck,SC2232,5,SR 1.11,SR,SR 1.11,1,0.490306,0.836917,Unsuccessful login attempts
shellcheck,SC2232,6,SR 7.1,SR,SR 7.1,7,0.481872,0.760747,Denial of service protection
shellcheck,SC2232,7,SR 3.2 RE 2,RE,SR 3.2,3,0.479148,0.737392,Central management and reporting for malicious code protection
shellcheck,SC2232,8,SR 5.2 RE 3,RE,SR 5.2,5,0.479099,0.736974,Fail close
shellcheck,SC2232,9,SR 4.2,SR,SR 4.2,4,0.478744,0.733977,Information persistence
shellcheck,SC2232,10,SR 2.3,SR,SR 2.3,2,0.475378,0.706038,Use control for portable and mobile devices
shellcheck,SC2233,1,SR 7.7,SR,SR 7.7,7,0.556641,1.0,Least functionality
shellcheck,SC2233,2,SR 3.7,SR,SR 3.7,3,0.554054,0.974704,Error handling
shellcheck,SC2233,3,SR 3.3,SR,SR 3.3,3,0.54807,0.918202,Security functionality verification
shellcheck,SC2233,4,SR 3.5,SR,SR 3.5,3,0.545918,0.898544,Input validation
shellcheck,SC2233,5,SR 5.2 RE 2,RE,SR 5.2,5,0.545428,0.894119,Island mode
shellcheck,SC2233,6,SR 3.2 RE 1,RE,SR 3.2,3,0.544647,0.887095,Malicious code protection on entry and exit points
shellcheck,SC2233,7,SR 5.2 RE 3,RE,SR 5.2,5,0.53706,0.821226,Fail close
shellcheck,SC2233,8,SR 3.6,SR,SR 3.6,3,0.531389,0.774657,Deterministic output
shellcheck,SC2233,9,SR 2.4 RE 1,RE,SR 2.4,2,0.526043,0.732747,Mobile code integrity check
shellcheck,SC2233,10,SR 3.3 RE 1,RE,SR 3.3,3,0.524108,0.718046,Automated mechanisms for security functionality verification
shellcheck,SC2234,1,SR 3.5,SR,SR 3.5,3,0.511375,1.0,Input validation
shellcheck,SC2234,2,SR 3.7,SR,SR 3.7,3,0.502994,0.913128,Error handling
shellcheck,SC2234,3,SR 7.7,SR,SR 7.7,7,0.500055,0.884164,Least functionality
shellcheck,SC2234,4,SR 4.2,SR,SR 4.2,4,0.494748,0.833769,Information persistence
shellcheck,SC2234,5,SR 5.2 RE 3,RE,SR 5.2,5,0.494329,0.829895,Fail close
shellcheck,SC2234,6,SR 4.2 RE 1,RE,SR 4.2,4,0.493592,0.823107,Purging of shared memory resources
shellcheck,SC2234,7,SR 7.6 RE 1,RE,SR 7.6,7,0.490084,0.79145,Machine-readable reporting of current security settings
shellcheck,SC2234,8,SR 3.2 RE 1,RE,SR 3.2,3,0.486993,0.764378,Malicious code protection on entry and exit points
shellcheck,SC2234,9,SR 3.3,SR,SR 3.3,3,0.485818,0.75429,Security functionality verification
shellcheck,SC2234,10,SR 2.11,SR,SR 2.11,2,0.484673,0.744564,Timestamps
shellcheck,SC2235,1,SR 5.2 RE 3,RE,SR 5.2,5,0.564993,1.0,Fail close
shellcheck,SC2235,2,SR 3.2 RE 1,RE,SR 3.2,3,0.558876,0.941884,Malicious code protection on entry and exit points
shellcheck,SC2235,3,SR 3.5,SR,SR 3.5,3,0.554293,0.90018,Input validation
shellcheck,SC2235,4,SR 3.7,SR,SR 3.7,3,0.550515,0.866945,Error handling
shellcheck,SC2235,5,SR 5.2 RE 2,RE,SR 5.2,5,0.537372,0.759058,Island mode
shellcheck,SC2235,6,SR 7.1 RE 1,RE,SR 7.1,7,0.532888,0.724865,Manage communication loads
shellcheck,SC2235,7,SR 1.4,SR,SR 1.4,1,0.527525,0.685644,Identifier management
shellcheck,SC2236,1,SR 1.11,SR,SR 1.11,1,0.540638,1.0,Unsuccessful login attempts
shellcheck,SC2236,2,SR 3.8 RE 3,RE,SR 3.8,3,0.537985,0.973307,Randomness of session IDs
shellcheck,SC2236,3,SR 3.2 RE 1,RE,SR 3.2,3,0.532064,0.915828,Malicious code protection on entry and exit points
shellcheck,SC2236,4,SR 3.7,SR,SR 3.7,3,0.53014,0.897763,Error handling
shellcheck,SC2236,5,SR 3.8 RE 2,RE,SR 3.8,3,0.528404,0.881711,Unique session ID generation
shellcheck,SC2236,6,SR 5.2 RE 2,RE,SR 5.2,5,0.527952,0.877575,Island mode
shellcheck,SC2236,7,SR 3.6,SR,SR 3.6,3,0.524809,0.849217,Deterministic output
shellcheck,SC2236,8,SR 1.7 RE 1,RE,SR 1.7,1,0.524752,0.848716,Password generation and lifetime restrictions for human users
shellcheck,SC2236,9,SR 1.12,SR,SR 1.12,1,0.523803,0.840302,System use notification
shellcheck,SC2236,10,SR 7.1,SR,SR 7.1,7,0.52241,0.82809,Denial of service protection
shellcheck,SC2237,1,SR 1.11,SR,SR 1.11,1,0.544119,1.0,Unsuccessful login attempts
shellcheck,SC2237,2,SR 3.6,SR,SR 3.6,3,0.539272,0.951975,Deterministic output
shellcheck,SC2237,3,SR 5.2 RE 2,RE,SR 5.2,5,0.536168,0.922223,Island mode
shellcheck,SC2237,4,SR 7.1,SR,SR 7.1,7,0.535706,0.917859,Denial of service protection
shellcheck,SC2237,5,SR 3.2 RE 1,RE,SR 3.2,3,0.535395,0.914939,Malicious code protection on entry and exit points
shellcheck,SC2237,6,SR 3.7,SR,SR 3.7,3,0.534866,0.909978,Error handling
shellcheck,SC2237,7,SR 3.8 RE 3,RE,SR 3.8,3,0.529783,0.86342,Randomness of session IDs
shellcheck,SC2237,8,SR 3.8 RE 1,RE,SR 3.8,3,0.526391,0.833446,Invalidation of session IDs after session termination
shellcheck,SC2237,9,SR 1.7 RE 1,RE,SR 1.7,1,0.525159,0.822773,Password generation and lifetime restrictions for human users
shellcheck,SC2237,10,SR 2.12 RE 1,RE,SR 2.12,2,0.524119,0.813853,Non-repudiation for all users
shellcheck,SC2238,1,SR 3.7,SR,SR 3.7,3,0.532747,1.0,Error handling
shellcheck,SC2238,2,SR 3.2 RE 1,RE,SR 3.2,3,0.516346,0.841996,Malicious code protection on entry and exit points
shellcheck,SC2238,3,SR 5.2 RE 3,RE,SR 5.2,5,0.510494,0.790836,Fail close
shellcheck,SC2238,4,SR 3.5,SR,SR 3.5,3,0.506952,0.761123,Input validation
shellcheck,SC2238,5,SR 5.2 RE 1,RE,SR 5.2,5,0.504489,0.741003,"Deny by default, allow by exception"
shellcheck,SC2238,6,SR 7.3,SR,SR 7.3,7,0.496806,0.681027,Control system backup
shellcheck,SC2239,1,SR 3.7,SR,SR 3.7,3,0.464108,1.0,Error handling
shellcheck,SC2239,2,SR 3.5,SR,SR 3.5,3,0.462729,0.983772,Input validation
shellcheck,SC2239,3,SR 1.5 RE 1,RE,SR 1.5,1,0.457395,0.922992,Hardware security for software process identity credentials
shellcheck,SC2239,4,SR 3.2 RE 1,RE,SR 3.2,3,0.456085,0.908551,Malicious code protection on entry and exit points
shellcheck,SC2239,5,SR 5.2 RE 3,RE,SR 5.2,5,0.450701,0.851102,Fail close
shellcheck,SC2239,6,SR 1.2,SR,SR 1.2,1,0.447075,0.814122,Software process and device identification and authentication
shellcheck,SC2239,7,SR 2.12 RE 1,RE,SR 2.12,2,0.447056,0.813934,Non-repudiation for all users
shellcheck,SC2239,8,SR 1.2 RE 1,RE,SR 1.2,1,0.441501,0.759842,Unique identification and authentication
shellcheck,SC2239,9,SR 3.6,SR,SR 3.6,3,0.440795,0.753179,Deterministic output
shellcheck,SC2239,10,SR 2.8 RE 1,RE,SR 2.8,2,0.439166,0.737996,"Centrally managed, system-wide audit trail"
shellcheck,SC2240,1,SR 5.2 RE 1,RE,SR 5.2,5,0.48133,1.0,"Deny by default, allow by exception"
shellcheck,SC2240,2,SR 7.1 RE 1,RE,SR 7.1,7,0.475569,0.935927,Manage communication loads
shellcheck,SC2240,3,SR 3.7,SR,SR 3.7,3,0.474109,0.920227,Error handling
shellcheck,SC2240,4,SR 3.2 RE 1,RE,SR 3.2,3,0.471901,0.896908,Malicious code protection on entry and exit points
shellcheck,SC2240,5,SR 3.5,SR,SR 3.5,3,0.466705,0.843921,Input validation
shellcheck,SC2240,6,SR 7.1,SR,SR 7.1,7,0.462345,0.801456,Denial of service protection
shellcheck,SC2240,7,SR 5.2 RE 3,RE,SR 5.2,5,0.46191,0.797318,Fail close
shellcheck,SC2240,8,SR 5.4,SR,SR 5.4,5,0.461301,0.791553,Application partitioning
shellcheck,SC2240,9,SR 1.11,SR,SR 1.11,1,0.459844,0.777904,Unsuccessful login attempts
shellcheck,SC2240,10,SR 1.4,SR,SR 1.4,1,0.457681,0.75799,Identifier management
shellcheck,SC2241,1,SR 3.7,SR,SR 3.7,3,0.562933,1.0,Error handling
shellcheck,SC2241,2,SR 1.11,SR,SR 1.11,1,0.552979,0.90654,Unsuccessful login attempts
shellcheck,SC2241,3,SR 3.8 RE 1,RE,SR 3.8,3,0.544186,0.830036,Invalidation of session IDs after session termination
shellcheck,SC2241,4,SR 5.2 RE 3,RE,SR 5.2,5,0.542826,0.818692,Fail close
shellcheck,SC2241,5,SR 7.1,SR,SR 7.1,7,0.532508,0.736687,Denial of service protection
shellcheck,SC2241,6,SR 7.3,SR,SR 7.3,7,0.529389,0.713263,Control system backup
shellcheck,SC2241,7,SR 3.2 RE 1,RE,SR 3.2,3,0.527648,0.700456,Malicious code protection on entry and exit points
shellcheck,SC2241,8,SR 7.1 RE 1,RE,SR 7.1,7,0.525769,0.686852,Manage communication loads
shellcheck,SC2241,9,SR 2.10,SR,SR 2.10,2,0.524997,0.681319,Response to audit processing failures
shellcheck,SC2242,1,SR 3.7,SR,SR 3.7,3,0.559251,1.0,Error handling
shellcheck,SC2242,2,SR 5.2 RE 3,RE,SR 5.2,5,0.558612,0.99373,Fail close
shellcheck,SC2242,3,SR 3.2 RE 1,RE,SR 3.2,3,0.526034,0.714067,Malicious code protection on entry and exit points
shellcheck,SC2242,4,SR 1.11,SR,SR 1.11,1,0.525953,0.71346,Unsuccessful login attempts
shellcheck,SC2243,1,SR 3.6,SR,SR 3.6,3,0.572983,1.0,Deterministic output
shellcheck,SC2243,2,SR 3.5,SR,SR 3.5,3,0.563734,0.914382,Input validation
shellcheck,SC2243,3,SR 5.2 RE 3,RE,SR 5.2,5,0.55483,0.837724,Fail close
shellcheck,SC2243,4,SR 2.12 RE 1,RE,SR 2.12,2,0.554468,0.83472,Non-repudiation for all users
shellcheck,SC2243,5,SR 3.3,SR,SR 3.3,3,0.551911,0.813764,Security functionality verification
shellcheck,SC2243,6,SR 3.7,SR,SR 3.7,3,0.550428,0.801814,Error handling
shellcheck,SC2243,7,SR 1.13 RE 1,RE,SR 1.13,1,0.549065,0.79095,Explicit access request approval
shellcheck,SC2243,8,SR 3.3 RE 2,RE,SR 3.3,3,0.545849,0.765805,Security functionality verification during normal operation
shellcheck,SC2243,9,SR 7.6 RE 1,RE,SR 7.6,7,0.541721,0.734495,Machine-readable reporting of current security settings
shellcheck,SC2243,10,SR 2.4 RE 1,RE,SR 2.4,2,0.539634,0.71906,Mobile code integrity check
shellcheck,SC2244,1,SR 3.5,SR,SR 3.5,3,0.557389,1.0,Input validation
shellcheck,SC2244,2,SR 1.13 RE 1,RE,SR 1.13,1,0.535999,0.806357,Explicit access request approval
shellcheck,SC2244,3,SR 2.12 RE 1,RE,SR 2.12,2,0.53041,0.761184,Non-repudiation for all users
shellcheck,SC2244,4,SR 3.8,SR,SR 3.8,3,0.521957,0.696813,Session integrity
shellcheck,SC2245,1,SR 2.12 RE 1,RE,SR 2.12,2,0.521169,1.0,Non-repudiation for all users
shellcheck,SC2245,2,SR 7.3 RE 1,RE,SR 7.3,7,0.519134,0.978708,Backup verification
shellcheck,SC2245,3,SR 2.4 RE 1,RE,SR 2.4,2,0.512818,0.914989,Mobile code integrity check
shellcheck,SC2245,4,SR 3.3,SR,SR 3.3,3,0.501066,0.805454,Security functionality verification
shellcheck,SC2245,5,SR 7.3,SR,SR 7.3,7,0.497552,0.774867,Control system backup
shellcheck,SC2245,6,SR 3.2 RE 1,RE,SR 3.2,3,0.49592,0.760993,Malicious code protection on entry and exit points
shellcheck,SC2245,7,SR 2.9 RE 1,RE,SR 2.9,2,0.494659,0.750414,Warn when audit record storage capacity threshold reached
shellcheck,SC2245,8,SR 1.2 RE 1,RE,SR 1.2,1,0.493228,0.73855,Unique identification and authentication
shellcheck,SC2245,9,SR 1.11,SR,SR 1.11,1,0.493066,0.737219,Unsuccessful login attempts
shellcheck,SC2245,10,SR 1.2,SR,SR 1.2,1,0.49193,0.727922,Software process and device identification and authentication
shellcheck,SC2246,1,SR 3.5,SR,SR 3.5,3,0.512839,1.0,Input validation
shellcheck,SC2246,2,SR 5.2 RE 3,RE,SR 5.2,5,0.505662,0.925413,Fail close
shellcheck,SC2246,3,SR 3.7,SR,SR 3.7,3,0.49951,0.865168,Error handling
shellcheck,SC2246,4,SR 3.2 RE 1,RE,SR 3.2,3,0.498501,0.8556,Malicious code protection on entry and exit points
shellcheck,SC2246,5,SR 2.12 RE 1,RE,SR 2.12,2,0.48115,0.704125,Non-repudiation for all users
shellcheck,SC2246,6,SR 2.4 RE 1,RE,SR 2.4,2,0.480676,0.700313,Mobile code integrity check
shellcheck,SC2246,7,SR 7.1 RE 1,RE,SR 7.1,7,0.478187,0.6806,Manage communication loads
shellcheck,SC2247,1,SR 3.5,SR,SR 3.5,3,0.524896,1.0,Input validation
shellcheck,SC2248,1,SR 3.2 RE 1,RE,SR 3.2,3,0.560143,1.0,Malicious code protection on entry and exit points
shellcheck,SC2248,2,SR 3.7,SR,SR 3.7,3,0.546966,0.877281,Error handling
shellcheck,SC2248,3,SR 3.2,SR,SR 3.2,3,0.538843,0.807972,Malicious code protection
shellcheck,SC2248,4,SR 3.2 RE 2,RE,SR 3.2,3,0.532185,0.75457,Central management and reporting for malicious code protection
shellcheck,SC2248,5,SR 5.2 RE 3,RE,SR 5.2,5,0.526191,0.708996,Fail close
shellcheck,SC2248,6,SR 2.4 RE 1,RE,SR 2.4,2,0.525835,0.706366,Mobile code integrity check
shellcheck,SC2248,7,SR 5.4,SR,SR 5.4,5,0.523166,0.686866,Application partitioning
shellcheck,SC2248,8,SR 2.4,SR,SR 2.4,2,0.523156,0.686793,Mobile code
shellcheck,SC2249,1,SR 1.11,SR,SR 1.11,1,0.598058,1.0,Unsuccessful login attempts
shellcheck,SC2249,2,SR 3.7,SR,SR 3.7,3,0.580482,0.848691,Error handling
shellcheck,SC2249,3,SR 5.2 RE 1,RE,SR 5.2,5,0.566402,0.741477,"Deny by default, allow by exception"
shellcheck,SC2249,4,SR 3.2 RE 1,RE,SR 3.2,3,0.563576,0.721356,Malicious code protection on entry and exit points
shellcheck,SC2249,5,SR 3.8 RE 1,RE,SR 3.8,3,0.562934,0.716846,Invalidation of session IDs after session termination
shellcheck,SC2249,6,SR 7.5,SR,SR 7.5,7,0.560477,0.69981,Emergency power
shellcheck,SC2249,7,SR 7.1,SR,SR 7.1,7,0.559296,0.691736,Denial of service protection
shellcheck,SC2250,1,SR 5.2 RE 3,RE,SR 5.2,5,0.520034,1.0,Fail close
shellcheck,SC2250,2,SR 7.7,SR,SR 7.7,7,0.514637,0.944241,Least functionality
shellcheck,SC2250,3,SR 3.5,SR,SR 3.5,3,0.513742,0.935247,Input validation
shellcheck,SC2250,4,SR 3.2 RE 1,RE,SR 3.2,3,0.507855,0.877799,Malicious code protection on entry and exit points
shellcheck,SC2250,5,SR 5.2 RE 1,RE,SR 5.2,5,0.497947,0.787649,"Deny by default, allow by exception"
shellcheck,SC2250,6,SR 1.11,SR,SR 1.11,1,0.491023,0.729267,Unsuccessful login attempts
shellcheck,SC2250,7,SR 3.7,SR,SR 3.7,3,0.489001,0.7129,Error handling
shellcheck,SC2250,8,SR 2.4,SR,SR 2.4,2,0.486715,0.694767,Mobile code
shellcheck,SC2251,1,SR 3.7,SR,SR 3.7,3,0.578528,1.0,Error handling
shellcheck,SC2251,2,SR 1.11,SR,SR 1.11,1,0.57405,0.958169,Unsuccessful login attempts
shellcheck,SC2251,3,SR 5.2 RE 3,RE,SR 5.2,5,0.566548,0.891293,Fail close
shellcheck,SC2251,4,SR 3.2 RE 1,RE,SR 3.2,3,0.5551,0.796635,Malicious code protection on entry and exit points
shellcheck,SC2252,1,SR 3.5,SR,SR 3.5,3,0.566891,1.0,Input validation
shellcheck,SC2252,2,SR 2.12 RE 1,RE,SR 2.12,2,0.554049,0.881586,Non-repudiation for all users
shellcheck,SC2252,3,SR 1.11,SR,SR 1.11,1,0.532444,0.708363,Unsuccessful login attempts
shellcheck,SC2252,4,SR 3.2 RE 1,RE,SR 3.2,3,0.530168,0.691869,Malicious code protection on entry and exit points
shellcheck,SC2253,1,SR 4.2,SR,SR 4.2,4,0.579409,1.0,Information persistence
shellcheck,SC2254,1,SR 3.5,SR,SR 3.5,3,0.56505,1.0,Input validation
shellcheck,SC2254,2,SR 3.2 RE 1,RE,SR 3.2,3,0.536695,0.753395,Malicious code protection on entry and exit points
shellcheck,SC2254,3,SR 2.11,SR,SR 2.11,2,0.530704,0.708291,Timestamps
shellcheck,SC2255,1,SR 3.5,SR,SR 3.5,3,0.514639,1.0,Input validation
shellcheck,SC2255,2,SR 3.7,SR,SR 3.7,3,0.503795,0.889469,Error handling
shellcheck,SC2255,3,SR 3.6,SR,SR 3.6,3,0.483246,0.707389,Deterministic output
shellcheck,SC2256,1,SR 3.5,SR,SR 3.5,3,0.513239,1.0,Input validation
shellcheck,SC2257,1,SR 3.8 RE 1,RE,SR 3.8,3,0.542096,1.0,Invalidation of session IDs after session termination
shellcheck,SC2257,2,SR 3.2 RE 1,RE,SR 3.2,3,0.535067,0.930734,Malicious code protection on entry and exit points
shellcheck,SC2257,3,SR 1.11,SR,SR 1.11,1,0.534813,0.928304,Unsuccessful login attempts
shellcheck,SC2257,4,SR 3.8 RE 2,RE,SR 3.8,3,0.532251,0.904109,Unique session ID generation
shellcheck,SC2257,5,SR 3.7,SR,SR 3.7,3,0.531507,0.897177,Error handling
shellcheck,SC2257,6,SR 2.11,SR,SR 2.11,2,0.527758,0.862925,Timestamps
shellcheck,SC2257,7,SR 3.8,SR,SR 3.8,3,0.525428,0.84217,Session integrity
shellcheck,SC2257,8,SR 2.11 RE 2,RE,SR 2.11,2,0.525383,0.841774,Protection of time source integrity
shellcheck,SC2257,9,SR 3.8 RE 3,RE,SR 3.8,3,0.522969,0.820727,Randomness of session IDs
shellcheck,SC2257,10,SR 1.13 RE 1,RE,SR 1.13,1,0.522786,0.819146,Explicit access request approval
shellcheck,SC2258,1,SR 3.5,SR,SR 3.5,3,0.501465,1.0,Input validation
shellcheck,SC2258,2,SR 1.4,SR,SR 1.4,1,0.478344,0.771344,Identifier management
shellcheck,SC2259,1,SR 2.12 RE 1,RE,SR 2.12,2,0.549758,1.0,Non-repudiation for all users
shellcheck,SC2259,2,SR 3.7,SR,SR 3.7,3,0.545606,0.959161,Error handling
shellcheck,SC2259,3,SR 3.5,SR,SR 3.5,3,0.54455,0.94899,Input validation
shellcheck,SC2259,4,SR 1.11,SR,SR 1.11,1,0.541811,0.923037,Unsuccessful login attempts
shellcheck,SC2259,5,SR 2.1 RE 3,RE,SR 2.1,2,0.540603,0.911776,Supervisor override
shellcheck,SC2259,6,SR 2.11,SR,SR 2.11,2,0.536007,0.869952,Timestamps
shellcheck,SC2259,7,SR 5.2 RE 1,RE,SR 5.2,5,0.535782,0.867938,"Deny by default, allow by exception"
shellcheck,SC2259,8,SR 3.2 RE 1,RE,SR 3.2,3,0.531888,0.83381,Malicious code protection on entry and exit points
shellcheck,SC2259,9,SR 3.8 RE 1,RE,SR 3.8,3,0.527885,0.799879,Invalidation of session IDs after session termination
shellcheck,SC2259,10,SR 2.8 RE 1,RE,SR 2.8,2,0.526712,0.790146,"Centrally managed, system-wide audit trail"
shellcheck,SC2260,1,SR 1.5 RE 1,RE,SR 1.5,1,0.536644,1.0,Hardware security for software process identity credentials
shellcheck,SC2260,2,SR 3.2 RE 1,RE,SR 3.2,3,0.534991,0.983173,Malicious code protection on entry and exit points
shellcheck,SC2260,3,SR 7.6 RE 1,RE,SR 7.6,7,0.533679,0.969986,Machine-readable reporting of current security settings
shellcheck,SC2260,4,SR 3.7,SR,SR 3.7,3,0.532256,0.955846,Error handling
shellcheck,SC2260,5,SR 5.2 RE 3,RE,SR 5.2,5,0.526328,0.898742,Fail close
shellcheck,SC2260,6,SR 5.3 RE 1,RE,SR 5.3,5,0.525829,0.894069,Prohibit all general purpose person-to-person communications
shellcheck,SC2260,7,SR 5.2 RE 2,RE,SR 5.2,5,0.522007,0.858902,Island mode
shellcheck,SC2260,8,SR 2.3 RE 1,RE,SR 2.3,2,0.516112,0.806899,Enforcement of security status of portable and mobile devices
shellcheck,SC2260,9,SR 5.3,SR,SR 5.3,5,0.509856,0.754545,General purpose person-to-person communication restrictions
shellcheck,SC2260,10,SR 2.4 RE 1,RE,SR 2.4,2,0.509611,0.752558,Mobile code integrity check
shellcheck,SC2261,1,SR 3.2 RE 1,RE,SR 3.2,3,0.544038,1.0,Malicious code protection on entry and exit points
shellcheck,SC2261,2,SR 3.7,SR,SR 3.7,3,0.527837,0.846818,Error handling
shellcheck,SC2261,3,SR 1.2 RE 1,RE,SR 1.2,1,0.527383,0.842815,Unique identification and authentication
shellcheck,SC2261,4,SR 1.5 RE 1,RE,SR 1.5,1,0.525778,0.828803,Hardware security for software process identity credentials
shellcheck,SC2261,5,SR 3.9 RE 1,RE,SR 3.9,3,0.52513,0.823203,Audit records on write-once media
shellcheck,SC2261,6,SR 4.2 RE 1,RE,SR 4.2,4,0.524528,0.818022,Purging of shared memory resources
shellcheck,SC2261,7,SR 7.1 RE 1,RE,SR 7.1,7,0.523936,0.812961,Manage communication loads
shellcheck,SC2261,8,SR 5.2 RE 3,RE,SR 5.2,5,0.521651,0.793654,Fail close
shellcheck,SC2261,9,SR 3.6,SR,SR 3.6,3,0.51829,0.765928,Deterministic output
shellcheck,SC2261,10,SR 1.2,SR,SR 1.2,1,0.513105,0.724724,Software process and device identification and authentication
shellcheck,SC2262,1,SR 3.3,SR,SR 3.3,3,0.570322,1.0,Security functionality verification
shellcheck,SC2262,2,SR 1.5 RE 1,RE,SR 1.5,1,0.551766,0.833657,Hardware security for software process identity credentials
shellcheck,SC2262,3,SR 3.2 RE 1,RE,SR 3.2,3,0.539483,0.736574,Malicious code protection on entry and exit points
shellcheck,SC2262,4,SR 1.1 RE 2,RE,SR 1.1,1,0.536711,0.715997,Multifactor authentication for untrusted networks
shellcheck,SC2262,5,SR 2.4 RE 1,RE,SR 2.4,2,0.535707,0.708663,Mobile code integrity check
shellcheck,SC2262,6,SR 2.11,SR,SR 2.11,2,0.534664,0.701107,Timestamps
shellcheck,SC2262,7,SR 1.2 RE 1,RE,SR 1.2,1,0.532937,0.688742,Unique identification and authentication
shellcheck,SC2262,8,SR 3.1 RE 1,RE,SR 3.1,3,0.532675,0.686878,Cryptographic integrity protection
shellcheck,SC2263,1,SR 5.3 RE 1,RE,SR 5.3,5,0.561925,1.0,Prohibit all general purpose person-to-person communications
shellcheck,SC2263,2,SR 5.3,SR,SR 5.3,5,0.548739,0.877571,General purpose person-to-person communication restrictions
shellcheck,SC2263,3,SR 7.7,SR,SR 7.7,7,0.532163,0.741341,Least functionality
shellcheck,SC2263,4,SR 1.4,SR,SR 1.4,1,0.527699,0.707772,Identifier management
shellcheck,SC2263,5,SR 5.2 RE 2,RE,SR 5.2,5,0.526239,0.697073,Island mode
shellcheck,SC2263,6,SR 4.2 RE 1,RE,SR 4.2,4,0.524357,0.683467,Purging of shared memory resources
shellcheck,SC2264,1,SR 5.2 RE 3,RE,SR 5.2,5,0.530125,1.0,Fail close
shellcheck,SC2264,2,SR 3.3,SR,SR 3.3,3,0.514081,0.844487,Security functionality verification
shellcheck,SC2264,3,SR 3.3 RE 2,RE,SR 3.3,3,0.513723,0.841261,Security functionality verification during normal operation
shellcheck,SC2264,4,SR 4.2,SR,SR 4.2,4,0.51052,0.812816,Information persistence
shellcheck,SC2264,5,SR 1.2 RE 1,RE,SR 1.2,1,0.509802,0.806545,Unique identification and authentication
shellcheck,SC2264,6,SR 3.5,SR,SR 3.5,3,0.505538,0.770132,Input validation
shellcheck,SC2264,7,SR 3.7,SR,SR 3.7,3,0.504342,0.760165,Error handling
shellcheck,SC2264,8,SR 7.3 RE 2,RE,SR 7.3,7,0.50049,0.728781,Backup automation
shellcheck,SC2264,9,SR 1.7 RE 1,RE,SR 1.7,1,0.497974,0.708856,Password generation and lifetime restrictions for human users
shellcheck,SC2264,10,SR 2.4 RE 1,RE,SR 2.4,2,0.497458,0.704829,Mobile code integrity check
shellcheck,SC2265,1,SR 2.12 RE 1,RE,SR 2.12,2,0.579682,1.0,Non-repudiation for all users
shellcheck,SC2265,2,SR 1.5 RE 1,RE,SR 1.5,1,0.558398,0.814044,Hardware security for software process identity credentials
shellcheck,SC2265,3,SR 3.5,SR,SR 3.5,3,0.54346,0.701258,Input validation
shellcheck,SC2265,4,SR 7.3,SR,SR 7.3,7,0.542688,0.695799,Control system backup
shellcheck,SC2265,5,SR 1.2 RE 1,RE,SR 1.2,1,0.542008,0.691018,Unique identification and authentication
shellcheck,SC2265,6,SR 2.4 RE 1,RE,SR 2.4,2,0.541566,0.687926,Mobile code integrity check
shellcheck,SC2265,7,SR 3.2 RE 1,RE,SR 3.2,3,0.54088,0.683143,Malicious code protection on entry and exit points
shellcheck,SC2266,1,SR 3.5,SR,SR 3.5,3,0.561667,1.0,Input validation
shellcheck,SC2266,2,SR 3.6,SR,SR 3.6,3,0.555608,0.942091,Deterministic output
shellcheck,SC2266,3,SR 2.12 RE 1,RE,SR 2.12,2,0.538937,0.796753,Non-repudiation for all users
shellcheck,SC2266,4,SR 3.2 RE 1,RE,SR 3.2,3,0.529996,0.726715,Malicious code protection on entry and exit points
shellcheck,SC2266,5,SR 1.7,SR,SR 1.7,1,0.524926,0.689292,Strength of password-based authentication
shellcheck,SC2267,1,SR 1.4,SR,SR 1.4,1,0.486104,1.0,Identifier management
shellcheck,SC2267,2,SR 3.5,SR,SR 3.5,3,0.482314,0.957867,Input validation
shellcheck,SC2267,3,SR 3.8 RE 1,RE,SR 3.8,3,0.478488,0.916818,Invalidation of session IDs after session termination
shellcheck,SC2267,4,SR 4.2,SR,SR 4.2,4,0.476819,0.899363,Information persistence
shellcheck,SC2267,5,SR 3.7,SR,SR 3.7,3,0.471958,0.850084,Error handling
shellcheck,SC2267,6,SR 2.11,SR,SR 2.11,2,0.469049,0.821656,Timestamps
shellcheck,SC2267,7,SR 7.3,SR,SR 7.3,7,0.46273,0.762591,Control system backup
shellcheck,SC2267,8,SR 3.8 RE 2,RE,SR 3.8,3,0.461533,0.75181,Unique session ID generation
shellcheck,SC2267,9,SR 3.8 RE 3,RE,SR 3.8,3,0.461134,0.74824,Randomness of session IDs
shellcheck,SC2267,10,SR 6.1 RE 1,RE,SR 6.1,6,0.459404,0.732932,Programmatic access to audit logs
shellcheck,SC2268,1,SR 1.5 RE 1,RE,SR 1.5,1,0.54506,1.0,Hardware security for software process identity credentials
shellcheck,SC2268,2,SR 1.7 RE 1,RE,SR 1.7,1,0.541712,0.966689,Password generation and lifetime restrictions for human users
shellcheck,SC2268,3,SR 5.2 RE 2,RE,SR 5.2,5,0.537814,0.929042,Island mode
shellcheck,SC2268,4,SR 1.11,SR,SR 1.11,1,0.535255,0.904988,Unsuccessful login attempts
shellcheck,SC2268,5,SR 3.8 RE 1,RE,SR 3.8,3,0.533784,0.891392,Invalidation of session IDs after session termination
shellcheck,SC2268,6,SR 3.2 RE 1,RE,SR 3.2,3,0.532004,0.875165,Malicious code protection on entry and exit points
shellcheck,SC2268,7,SR 3.5,SR,SR 3.5,3,0.528492,0.843861,Input validation
shellcheck,SC2268,8,SR 3.8 RE 3,RE,SR 3.8,3,0.526861,0.829634,Randomness of session IDs
shellcheck,SC2268,9,SR 1.7,SR,SR 1.7,1,0.52559,0.818685,Strength of password-based authentication
shellcheck,SC2268,10,SR 5.2 RE 3,RE,SR 5.2,5,0.523636,0.802087,Fail close
shellcheck,SC2269,1,SR 3.6,SR,SR 3.6,3,0.538648,1.0,Deterministic output
shellcheck,SC2269,2,SR 2.12 RE 1,RE,SR 2.12,2,0.53488,0.96213,Non-repudiation for all users
shellcheck,SC2269,3,SR 3.2 RE 1,RE,SR 3.2,3,0.521688,0.838658,Malicious code protection on entry and exit points
shellcheck,SC2269,4,SR 2.12,SR,SR 2.12,2,0.514279,0.775206,Non-repudiation
shellcheck,SC2269,5,SR 3.5,SR,SR 3.5,3,0.513597,0.76957,Input validation
shellcheck,SC2269,6,SR 1.13 RE 1,RE,SR 1.13,1,0.508982,0.7323,Explicit access request approval
shellcheck,SC2270,1,SR 1.4,SR,SR 1.4,1,0.559991,1.0,Identifier management
shellcheck,SC2270,2,SR 7.3,SR,SR 7.3,7,0.547579,0.884027,Control system backup
shellcheck,SC2270,3,SR 3.6,SR,SR 3.6,3,0.547393,0.882372,Deterministic output
shellcheck,SC2270,4,SR 3.5,SR,SR 3.5,3,0.546909,0.878088,Input validation
shellcheck,SC2270,5,SR 3.2 RE 1,RE,SR 3.2,3,0.535382,0.781013,Malicious code protection on entry and exit points
shellcheck,SC2270,6,SR 1.7 RE 1,RE,SR 1.7,1,0.532036,0.754543,Password generation and lifetime restrictions for human users
shellcheck,SC2270,7,SR 1.2 RE 1,RE,SR 1.2,1,0.531702,0.751939,Unique identification and authentication
shellcheck,SC2270,8,SR 3.7,SR,SR 3.7,3,0.530935,0.745995,Error handling
shellcheck,SC2270,9,SR 1.2,SR,SR 1.2,1,0.529837,0.737546,Software process and device identification and authentication
shellcheck,SC2270,10,SR 1.5 RE 1,RE,SR 1.5,1,0.528018,0.723728,Hardware security for software process identity credentials
shellcheck,SC2271,1,SR 1.4,SR,SR 1.4,1,0.53647,1.0,Identifier management
shellcheck,SC2271,2,SR 3.5,SR,SR 3.5,3,0.527766,0.913957,Input validation
shellcheck,SC2271,3,SR 1.11,SR,SR 1.11,1,0.511492,0.769328,Unsuccessful login attempts
shellcheck,SC2271,4,SR 7.1 RE 1,RE,SR 7.1,7,0.506976,0.732706,Manage communication loads
shellcheck,SC2271,5,SR 3.8,SR,SR 3.8,3,0.506849,0.7317,Session integrity
shellcheck,SC2271,6,SR 6.1 RE 1,RE,SR 6.1,6,0.503422,0.704899,Programmatic access to audit logs
shellcheck,SC2271,7,SR 3.8 RE 2,RE,SR 3.8,3,0.50227,0.696068,Unique session ID generation
shellcheck,SC2271,8,SR 3.7,SR,SR 3.7,3,0.50023,0.680662,Error handling
shellcheck,SC2272,1,SR 3.5,SR,SR 3.5,3,0.557849,1.0,Input validation
shellcheck,SC2272,2,SR 5.2 RE 3,RE,SR 5.2,5,0.538835,0.826358,Fail close
shellcheck,SC2272,3,SR 1.4,SR,SR 1.4,1,0.53819,0.820926,Identifier management
shellcheck,SC2272,4,SR 2.12 RE 1,RE,SR 2.12,2,0.53322,0.780088,Non-repudiation for all users
shellcheck,SC2272,5,SR 5.2 RE 2,RE,SR 5.2,5,0.531901,0.769538,Island mode
shellcheck,SC2272,6,SR 3.7,SR,SR 3.7,3,0.527136,0.73238,Error handling
shellcheck,SC2272,7,SR 3.2 RE 1,RE,SR 3.2,3,0.521846,0.692855,Malicious code protection on entry and exit points
shellcheck,SC2272,8,SR 3.3 RE 2,RE,SR 3.3,3,0.5218,0.692519,Security functionality verification during normal operation
shellcheck,SC2272,9,SR 7.3,SR,SR 7.3,7,0.520211,0.681,Control system backup
shellcheck,SC2273,1,SR 3.2 RE 1,RE,SR 3.2,3,0.555128,1.0,Malicious code protection on entry and exit points
shellcheck,SC2273,2,SR 5.2 RE 3,RE,SR 5.2,5,0.554834,0.997088,Fail close
shellcheck,SC2273,3,SR 3.7,SR,SR 3.7,3,0.537371,0.83627,Error handling
shellcheck,SC2273,4,SR 3.3,SR,SR 3.3,3,0.52315,0.721578,Security functionality verification
shellcheck,SC2273,5,SR 2.4 RE 1,RE,SR 2.4,2,0.518753,0.688846,Mobile code integrity check
shellcheck,SC2273,6,SR 3.8 RE 3,RE,SR 3.8,3,0.518685,0.688347,Randomness of session IDs
shellcheck,SC2274,1,SR 5.2 RE 3,RE,SR 5.2,5,0.565983,1.0,Fail close
shellcheck,SC2274,2,SR 3.2 RE 1,RE,SR 3.2,3,0.540681,0.7776,Malicious code protection on entry and exit points
shellcheck,SC2274,3,SR 3.7,SR,SR 3.7,3,0.52831,0.684648,Error handling
shellcheck,SC2275,1,SR 3.5,SR,SR 3.5,3,0.538662,1.0,Input validation
shellcheck,SC2275,2,SR 5.2 RE 3,RE,SR 5.2,5,0.515857,0.78826,Fail close
shellcheck,SC2275,3,SR 1.4,SR,SR 1.4,1,0.511587,0.75304,Identifier management
shellcheck,SC2276,1,SR 3.5,SR,SR 3.5,3,0.553191,1.0,Input validation
shellcheck,SC2276,2,SR 3.2 RE 1,RE,SR 3.2,3,0.533234,0.817018,Malicious code protection on entry and exit points
shellcheck,SC2276,3,SR 3.6,SR,SR 3.6,3,0.526498,0.761845,Deterministic output
shellcheck,SC2276,4,SR 2.12 RE 1,RE,SR 2.12,2,0.522126,0.727699,Non-repudiation for all users
shellcheck,SC2276,5,SR 5.2 RE 3,RE,SR 5.2,5,0.521504,0.722938,Fail close
shellcheck,SC2276,6,SR 1.13 RE 1,RE,SR 1.13,1,0.520426,0.714758,Explicit access request approval
shellcheck,SC2276,7,SR 2.4 RE 1,RE,SR 2.4,2,0.51798,0.69648,Mobile code integrity check
shellcheck,SC2276,8,SR 3.3,SR,SR 3.3,3,0.515878,0.681076,Security functionality verification
shellcheck,SC2277,1,SR 7.1,SR,SR 7.1,7,0.471593,1.0,Denial of service protection
shellcheck,SC2277,2,SR 3.5,SR,SR 3.5,3,0.467585,0.954143,Input validation
shellcheck,SC2277,3,SR 3.2 RE 1,RE,SR 3.2,3,0.465228,0.92799,Malicious code protection on entry and exit points
shellcheck,SC2277,4,SR 1.4,SR,SR 1.4,1,0.460218,0.874343,Identifier management
shellcheck,SC2277,5,SR 3.6,SR,SR 3.6,3,0.457114,0.842394,Deterministic output
shellcheck,SC2277,6,SR 3.7,SR,SR 3.7,3,0.451022,0.782467,Error handling
shellcheck,SC2277,7,SR 7.6,SR,SR 7.6,7,0.447647,0.750799,Network and security configuration settings
shellcheck,SC2277,8,SR 7.3,SR,SR 7.3,7,0.446772,0.742765,Control system backup
shellcheck,SC2277,9,SR 2.12 RE 1,RE,SR 2.12,2,0.446034,0.736047,Non-repudiation for all users
shellcheck,SC2277,10,SR 1.13 RE 1,RE,SR 1.13,1,0.444897,0.725785,Explicit access request approval
shellcheck,SC2278,1,SR 1.4,SR,SR 1.4,1,0.509533,1.0,Identifier management
shellcheck,SC2278,2,SR 1.5 RE 1,RE,SR 1.5,1,0.486036,0.771307,Hardware security for software process identity credentials
shellcheck,SC2278,3,SR 7.1 RE 1,RE,SR 7.1,7,0.484886,0.761325,Manage communication loads
shellcheck,SC2278,4,SR 7.6 RE 1,RE,SR 7.6,7,0.483867,0.75257,Machine-readable reporting of current security settings
shellcheck,SC2278,5,SR 3.8 RE 3,RE,SR 3.8,3,0.483838,0.752317,Randomness of session IDs
shellcheck,SC2278,6,SR 1.12,SR,SR 1.12,1,0.482547,0.741342,System use notification
shellcheck,SC2278,7,SR 7.1,SR,SR 7.1,7,0.48139,0.731621,Denial of service protection
shellcheck,SC2278,8,SR 3.8,SR,SR 3.8,3,0.479598,0.716766,Session integrity
shellcheck,SC2278,9,SR 7.3,SR,SR 7.3,7,0.478369,0.706727,Control system backup
shellcheck,SC2278,10,SR 1.7 RE 1,RE,SR 1.7,1,0.478084,0.704413,Password generation and lifetime restrictions for human users
shellcheck,SC2279,1,SR 1.4,SR,SR 1.4,1,0.537573,1.0,Identifier management
shellcheck,SC2279,2,SR 5.4,SR,SR 5.4,5,0.501756,0.684388,Application partitioning
shellcheck,SC2279,3,SR 7.1 RE 1,RE,SR 7.1,7,0.501567,0.682975,Manage communication loads
shellcheck,SC2280,1,SR 1.4,SR,SR 1.4,1,0.508863,1.0,Identifier management
shellcheck,SC2280,2,SR 1.5 RE 1,RE,SR 1.5,1,0.500464,0.91252,Hardware security for software process identity credentials
shellcheck,SC2280,3,SR 7.3,SR,SR 7.3,7,0.50033,0.911182,Control system backup
shellcheck,SC2280,4,SR 3.2 RE 1,RE,SR 3.2,3,0.4814,0.737014,Malicious code protection on entry and exit points
shellcheck,SC2280,5,SR 7.6 RE 1,RE,SR 7.6,7,0.480525,0.729681,Machine-readable reporting of current security settings
shellcheck,SC2280,6,SR 3.6,SR,SR 3.6,3,0.479809,0.723715,Deterministic output
shellcheck,SC2281,1,SR 3.5,SR,SR 3.5,3,0.531826,1.0,Input validation
shellcheck,SC2281,2,SR 1.4,SR,SR 1.4,1,0.517706,0.862435,Identifier management
shellcheck,SC2281,3,SR 2.12 RE 1,RE,SR 2.12,2,0.497157,0.69021,Non-repudiation for all users
shellcheck,SC2282,1,SR 1.11,SR,SR 1.11,1,0.567795,1.0,Unsuccessful login attempts
shellcheck,SC2282,2,SR 1.4,SR,SR 1.4,1,0.565908,0.981858,Identifier management
shellcheck,SC2282,3,SR 3.2 RE 1,RE,SR 3.2,3,0.553291,0.867343,Malicious code protection on entry and exit points
shellcheck,SC2282,4,SR 1.2 RE 1,RE,SR 1.2,1,0.546372,0.809343,Unique identification and authentication
shellcheck,SC2282,5,SR 3.7,SR,SR 3.7,3,0.54451,0.794292,Error handling
shellcheck,SC2282,6,SR 3.8 RE 3,RE,SR 3.8,3,0.543296,0.784601,Randomness of session IDs
shellcheck,SC2282,7,SR 5.2 RE 3,RE,SR 5.2,5,0.540556,0.76308,Fail close
shellcheck,SC2282,8,SR 2.12 RE 1,RE,SR 2.12,2,0.538656,0.74845,Non-repudiation for all users
shellcheck,SC2282,9,SR 3.3,SR,SR 3.3,3,0.536217,0.729995,Security functionality verification
shellcheck,SC2282,10,SR 2.4 RE 1,RE,SR 2.4,2,0.534157,0.714706,Mobile code integrity check
shellcheck,SC2283,1,SR 3.5,SR,SR 3.5,3,0.537512,1.0,Input validation
shellcheck,SC2284,1,SR 3.5,SR,SR 3.5,3,0.524449,1.0,Input validation
shellcheck,SC2285,1,SR 3.5,SR,SR 3.5,3,0.52011,1.0,Input validation
shellcheck,SC2286,1,SR 3.5,SR,SR 3.5,3,0.539349,1.0,Input validation
shellcheck,SC2286,2,SR 1.13 RE 1,RE,SR 1.13,1,0.532453,0.931671,Explicit access request approval
shellcheck,SC2286,3,SR 5.2 RE 3,RE,SR 5.2,5,0.528796,0.897026,Fail close
shellcheck,SC2286,4,SR 3.7,SR,SR 3.7,3,0.522531,0.840102,Error handling
shellcheck,SC2286,5,SR 7.3,SR,SR 7.3,7,0.517827,0.799341,Control system backup
shellcheck,SC2286,6,SR 2.12 RE 1,RE,SR 2.12,2,0.515005,0.775674,Non-repudiation for all users
shellcheck,SC2286,7,SR 7.6 RE 1,RE,SR 7.6,7,0.508751,0.725265,Machine-readable reporting of current security settings
shellcheck,SC2286,8,SR 2.4 RE 1,RE,SR 2.4,2,0.508515,0.723419,Mobile code integrity check
shellcheck,SC2286,9,SR 3.2 RE 1,RE,SR 3.2,3,0.507716,0.717184,Malicious code protection on entry and exit points
shellcheck,SC2286,10,SR 2.11,SR,SR 2.11,2,0.50591,0.703265,Timestamps
shellcheck,SC2287,1,SR 5.2 RE 3,RE,SR 5.2,5,0.539318,1.0,Fail close
shellcheck,SC2287,2,SR 3.7,SR,SR 3.7,3,0.533238,0.939544,Error handling
shellcheck,SC2287,3,SR 3.5,SR,SR 3.5,3,0.514941,0.775391,Input validation
shellcheck,SC2287,4,SR 7.1,SR,SR 7.1,7,0.514214,0.769384,Denial of service protection
shellcheck,SC2287,5,SR 1.11,SR,SR 1.11,1,0.508453,0.723159,Unsuccessful login attempts
shellcheck,SC2287,6,SR 7.3,SR,SR 7.3,7,0.502961,0.681227,Control system backup
shellcheck,SC2287,7,SR 3.2 RE 1,RE,SR 3.2,3,0.502876,0.680596,Malicious code protection on entry and exit points
shellcheck,SC2288,1,SR 3.5,SR,SR 3.5,3,0.546816,1.0,Input validation
shellcheck,SC2288,2,SR 5.2 RE 1,RE,SR 5.2,5,0.516134,0.727894,"Deny by default, allow by exception"
shellcheck,SC2289,1,SR 3.5,SR,SR 3.5,3,0.549737,1.0,Input validation
shellcheck,SC2289,2,SR 5.2 RE 3,RE,SR 5.2,5,0.528662,0.806539,Fail close
shellcheck,SC2289,3,SR 7.6 RE 1,RE,SR 7.6,7,0.527392,0.795942,Machine-readable reporting of current security settings
shellcheck,SC2289,4,SR 7.1 RE 1,RE,SR 7.1,7,0.516695,0.711106,Manage communication loads
shellcheck,SC2289,5,SR 1.2 RE 1,RE,SR 1.2,1,0.512985,0.68347,Unique identification and authentication
shellcheck,SC2290,1,SR 7.6 RE 1,RE,SR 7.6,7,0.510483,1.0,Machine-readable reporting of current security settings
shellcheck,SC2290,2,SR 3.2 RE 1,RE,SR 3.2,3,0.497257,0.86557,Malicious code protection on entry and exit points
shellcheck,SC2290,3,SR 5.4,SR,SR 5.4,5,0.484957,0.754172,Application partitioning
shellcheck,SC2290,4,SR 3.5,SR,SR 3.5,3,0.483214,0.739391,Input validation
shellcheck,SC2290,5,SR 1.5 RE 1,RE,SR 1.5,1,0.483084,0.738298,Hardware security for software process identity credentials
shellcheck,SC2290,6,SR 4.2,SR,SR 4.2,4,0.478476,0.700387,Information persistence
shellcheck,SC2290,7,SR 4.1 RE 2,RE,SR 4.1,4,0.476072,0.681247,Protection of confidentiality across zone boundaries
shellcheck,SC2291,1,SR 3.5,SR,SR 3.5,3,0.491084,1.0,Input validation
shellcheck,SC2291,2,SR 1.7 RE 1,RE,SR 1.7,1,0.477282,0.854885,Password generation and lifetime restrictions for human users
shellcheck,SC2291,3,SR 3.2 RE 1,RE,SR 3.2,3,0.471929,0.803464,Malicious code protection on entry and exit points
shellcheck,SC2291,4,SR 3.8 RE 2,RE,SR 3.8,3,0.460313,0.700547,Unique session ID generation
shellcheck,SC2291,5,SR 1.11,SR,SR 1.11,1,0.459339,0.692432,Unsuccessful login attempts
shellcheck,SC2292,1,SR 7.1,SR,SR 7.1,7,0.501131,1.0,Denial of service protection
shellcheck,SC2292,2,SR 3.5,SR,SR 3.5,3,0.491972,0.903518,Input validation
shellcheck,SC2292,3,SR 3.7,SR,SR 3.7,3,0.487576,0.86,Error handling
shellcheck,SC2292,4,SR 5.2 RE 3,RE,SR 5.2,5,0.487207,0.856428,Fail close
shellcheck,SC2292,5,SR 5.2 RE 1,RE,SR 5.2,5,0.478927,0.779374,"Deny by default, allow by exception"
shellcheck,SC2292,6,SR 7.1 RE 1,RE,SR 7.1,7,0.469627,0.699696,Manage communication loads
shellcheck,SC2292,7,SR 3.2 RE 1,RE,SR 3.2,3,0.46912,0.695548,Malicious code protection on entry and exit points
shellcheck,SC2293,1,SR 3.5,SR,SR 3.5,3,0.489626,1.0,Input validation
shellcheck,SC2293,2,SR 3.7,SR,SR 3.7,3,0.48249,0.922419,Error handling
shellcheck,SC2293,3,SR 2.11,SR,SR 2.11,2,0.473005,0.826994,Timestamps
shellcheck,SC2293,4,SR 3.2 RE 1,RE,SR 3.2,3,0.464928,0.752256,Malicious code protection on entry and exit points
shellcheck,SC2293,5,SR 7.1 RE 1,RE,SR 7.1,7,0.464857,0.751624,Manage communication loads
shellcheck,SC2293,6,SR 5.2 RE 3,RE,SR 5.2,5,0.462473,0.730669,Fail close
shellcheck,SC2293,7,SR 1.11,SR,SR 1.11,1,0.458516,0.696932,Unsuccessful login attempts
shellcheck,SC2294,1,SR 5.2 RE 3,RE,SR 5.2,5,0.542834,1.0,Fail close
shellcheck,SC2294,2,SR 3.5,SR,SR 3.5,3,0.515315,0.751155,Input validation
shellcheck,SC2294,3,SR 3.7,SR,SR 3.7,3,0.50925,0.703803,Error handling
shellcheck,SC2295,1,SR 3.2 RE 1,RE,SR 3.2,3,0.516164,1.0,Malicious code protection on entry and exit points
shellcheck,SC2295,2,SR 3.5,SR,SR 3.5,3,0.513693,0.973951,Input validation
shellcheck,SC2295,3,SR 2.11,SR,SR 2.11,2,0.503803,0.875183,Timestamps
shellcheck,SC2295,4,SR 5.2 RE 2,RE,SR 5.2,5,0.50327,0.870102,Island mode
shellcheck,SC2295,5,SR 7.6 RE 1,RE,SR 7.6,7,0.499567,0.83547,Machine-readable reporting of current security settings
shellcheck,SC2295,6,SR 2.11 RE 2,RE,SR 2.11,2,0.497842,0.819723,Protection of time source integrity
shellcheck,SC2295,7,SR 5.2 RE 3,RE,SR 5.2,5,0.495688,0.80041,Fail close
shellcheck,SC2295,8,SR 1.5 RE 1,RE,SR 1.5,1,0.490576,0.756048,Hardware security for software process identity credentials
shellcheck,SC2295,9,SR 5.2 RE 1,RE,SR 5.2,5,0.489685,0.748527,"Deny by default, allow by exception"
shellcheck,SC2295,10,SR 3.8 RE 3,RE,SR 3.8,3,0.487552,0.730766,Randomness of session IDs
shellcheck,SC2296,1,SR 3.5,SR,SR 3.5,3,0.508931,1.0,Input validation
shellcheck,SC2296,2,SR 5.2 RE 3,RE,SR 5.2,5,0.497789,0.885364,Fail close
shellcheck,SC2296,3,SR 1.11,SR,SR 1.11,1,0.487995,0.793704,Unsuccessful login attempts
shellcheck,SC2296,4,SR 7.1,SR,SR 7.1,7,0.485014,0.767399,Denial of service protection
shellcheck,SC2296,5,SR 5.2 RE 1,RE,SR 5.2,5,0.483693,0.755972,"Deny by default, allow by exception"
shellcheck,SC2296,6,SR 3.2 RE 1,RE,SR 3.2,3,0.48366,0.755697,Malicious code protection on entry and exit points
shellcheck,SC2296,7,SR 1.5 RE 1,RE,SR 1.5,1,0.481652,0.738597,Hardware security for software process identity credentials
shellcheck,SC2296,8,SR 7.1 RE 1,RE,SR 7.1,7,0.481496,0.737279,Manage communication loads
shellcheck,SC2296,9,SR 3.7,SR,SR 3.7,3,0.480333,0.72754,Error handling
shellcheck,SC2296,10,SR 2.12 RE 1,RE,SR 2.12,2,0.479749,0.722689,Non-repudiation for all users
shellcheck,SC2297,1,SR 3.5,SR,SR 3.5,3,0.577113,1.0,Input validation
shellcheck,SC2298,1,SR 1.11,SR,SR 1.11,1,0.583062,1.0,Unsuccessful login attempts
shellcheck,SC2298,2,SR 3.7,SR,SR 3.7,3,0.569264,0.876589,Error handling
shellcheck,SC2298,3,SR 3.5,SR,SR 3.5,3,0.568277,0.868264,Input validation
shellcheck,SC2298,4,SR 3.8,SR,SR 3.8,3,0.558302,0.78768,Session integrity
shellcheck,SC2298,5,SR 5.2 RE 1,RE,SR 5.2,5,0.552814,0.746029,"Deny by default, allow by exception"
shellcheck,SC2298,6,SR 5.2 RE 3,RE,SR 5.2,5,0.552301,0.742227,Fail close
shellcheck,SC2298,7,SR 2.12 RE 1,RE,SR 2.12,2,0.546733,0.701997,Non-repudiation for all users
shellcheck,SC2299,1,SR 2.9 RE 1,RE,SR 2.9,2,0.495084,1.0,Warn when audit record storage capacity threshold reached
shellcheck,SC2299,2,SR 5.2 RE 3,RE,SR 5.2,5,0.493264,0.979953,Fail close
shellcheck,SC2299,3,SR 2.11,SR,SR 2.11,2,0.492811,0.975009,Timestamps
shellcheck,SC2299,4,SR 2.11 RE 2,RE,SR 2.11,2,0.488672,0.930817,Protection of time source integrity
shellcheck,SC2299,5,SR 1.11,SR,SR 1.11,1,0.487513,0.918736,Unsuccessful login attempts
shellcheck,SC2299,6,SR 3.9 RE 1,RE,SR 3.9,3,0.481646,0.859549,Audit records on write-once media
shellcheck,SC2299,7,SR 5.4,SR,SR 5.4,5,0.481194,0.855127,Application partitioning
shellcheck,SC2299,8,SR 3.2 RE 1,RE,SR 3.2,3,0.479679,0.840417,Malicious code protection on entry and exit points
shellcheck,SC2299,9,SR 7.3,SR,SR 7.3,7,0.479658,0.840221,Control system backup
shellcheck,SC2299,10,SR 3.8 RE 3,RE,SR 3.8,3,0.477,0.814927,Randomness of session IDs
shellcheck,SC2300,1,SR 7.1 RE 1,RE,SR 7.1,7,0.49902,1.0,Manage communication loads
shellcheck,SC2300,2,SR 3.7,SR,SR 3.7,3,0.498034,0.98918,Error handling
shellcheck,SC2300,3,SR 2.11,SR,SR 2.11,2,0.497854,0.987223,Timestamps
shellcheck,SC2300,4,SR 5.2 RE 3,RE,SR 5.2,5,0.489995,0.904494,Fail close
shellcheck,SC2300,5,SR 7.1,SR,SR 7.1,7,0.486882,0.873344,Denial of service protection
shellcheck,SC2300,6,SR 1.7 RE 1,RE,SR 1.7,1,0.485992,0.864591,Password generation and lifetime restrictions for human users
shellcheck,SC2300,7,SR 3.5,SR,SR 3.5,3,0.481075,0.817566,Input validation
shellcheck,SC2300,8,SR 3.3 RE 2,RE,SR 3.3,3,0.480806,0.815054,Security functionality verification during normal operation
shellcheck,SC2300,9,SR 1.11,SR,SR 1.11,1,0.480454,0.811783,Unsuccessful login attempts
shellcheck,SC2300,10,SR 7.6 RE 1,RE,SR 7.6,7,0.478213,0.791169,Machine-readable reporting of current security settings
shellcheck,SC2301,1,SR 3.5,SR,SR 3.5,3,0.503784,1.0,Input validation
shellcheck,SC2301,2,SR 3.7,SR,SR 3.7,3,0.491275,0.870842,Error handling
shellcheck,SC2301,3,SR 1.11,SR,SR 1.11,1,0.489231,0.851107,Unsuccessful login attempts
shellcheck,SC2301,4,SR 5.2 RE 3,RE,SR 5.2,5,0.48469,0.80855,Fail close
shellcheck,SC2301,5,SR 1.7 RE 1,RE,SR 1.7,1,0.480817,0.773647,Password generation and lifetime restrictions for human users
shellcheck,SC2301,6,SR 7.1,SR,SR 7.1,7,0.480708,0.772684,Denial of service protection
shellcheck,SC2301,7,SR 3.2 RE 1,RE,SR 3.2,3,0.474986,0.723435,Malicious code protection on entry and exit points
shellcheck,SC2301,8,SR 1.5 RE 1,RE,SR 1.5,1,0.474801,0.721888,Hardware security for software process identity credentials
shellcheck,SC2301,9,SR 1.2 RE 1,RE,SR 1.2,1,0.474184,0.716742,Unique identification and authentication
shellcheck,SC2301,10,SR 7.1 RE 1,RE,SR 7.1,7,0.472226,0.700615,Manage communication loads
shellcheck,SC2302,1,SR 3.5,SR,SR 3.5,3,0.542175,1.0,Input validation
shellcheck,SC2302,2,SR 7.1 RE 1,RE,SR 7.1,7,0.521913,0.811006,Manage communication loads
shellcheck,SC2302,3,SR 2.11,SR,SR 2.11,2,0.518514,0.782378,Timestamps
shellcheck,SC2302,4,SR 1.4,SR,SR 1.4,1,0.515,0.753657,Identifier management
shellcheck,SC2302,5,SR 3.7,SR,SR 3.7,3,0.509003,0.706636,Error handling
shellcheck,SC2303,1,SR 3.5,SR,SR 3.5,3,0.491071,1.0,Input validation
shellcheck,SC2303,2,SR 3.8 RE 2,RE,SR 3.8,3,0.487301,0.958499,Unique session ID generation
shellcheck,SC2303,3,SR 1.4,SR,SR 1.4,1,0.482705,0.909824,Identifier management
shellcheck,SC2303,4,SR 3.8 RE 3,RE,SR 3.8,3,0.480298,0.885147,Randomness of session IDs
shellcheck,SC2303,5,SR 3.7,SR,SR 3.7,3,0.477226,0.854456,Error handling
shellcheck,SC2303,6,SR 1.5 RE 1,RE,SR 1.5,1,0.476655,0.848847,Hardware security for software process identity credentials
shellcheck,SC2303,7,SR 3.8 RE 1,RE,SR 3.8,3,0.474678,0.829663,Invalidation of session IDs after session termination
shellcheck,SC2303,8,SR 3.8,SR,SR 3.8,3,0.474202,0.825098,Session integrity
shellcheck,SC2303,9,SR 1.11,SR,SR 1.11,1,0.471441,0.799016,Unsuccessful login attempts
shellcheck,SC2303,10,SR 1.2 RE 1,RE,SR 1.2,1,0.467611,0.763965,Unique identification and authentication
shellcheck,SC2304,1,SR 5.2 RE 3,RE,SR 5.2,5,0.529922,1.0,Fail close
shellcheck,SC2304,2,SR 2.11 RE 2,RE,SR 2.11,2,0.52477,0.94769,Protection of time source integrity
shellcheck,SC2304,3,SR 3.2 RE 1,RE,SR 3.2,3,0.524214,0.942178,Malicious code protection on entry and exit points
shellcheck,SC2304,4,SR 3.7,SR,SR 3.7,3,0.513869,0.84435,Error handling
shellcheck,SC2304,5,SR 3.3,SR,SR 3.3,3,0.51103,0.819014,Security functionality verification
shellcheck,SC2304,6,SR 1.1 RE 2,RE,SR 1.1,1,0.510962,0.81841,Multifactor authentication for untrusted networks
shellcheck,SC2304,7,SR 4.1 RE 2,RE,SR 4.1,4,0.509299,0.80387,Protection of confidentiality across zone boundaries
shellcheck,SC2304,8,SR 1.7 RE 1,RE,SR 1.7,1,0.50821,0.794465,Password generation and lifetime restrictions for human users
shellcheck,SC2304,9,SR 3.5,SR,SR 3.5,3,0.507431,0.787788,Input validation
shellcheck,SC2304,10,SR 2.1 RE 4,RE,SR 2.1,2,0.503184,0.752198,Dual approval
shellcheck,SC2305,1,SR 3.5,SR,SR 3.5,3,0.564019,1.0,Input validation
shellcheck,SC2306,1,SR 3.2 RE 1,RE,SR 3.2,3,0.5254,1.0,Malicious code protection on entry and exit points
shellcheck,SC2306,2,SR 1.7 RE 1,RE,SR 1.7,1,0.515358,0.8993,Password generation and lifetime restrictions for human users
shellcheck,SC2306,3,SR 1.5 RE 1,RE,SR 1.5,1,0.511945,0.867021,Hardware security for software process identity credentials
shellcheck,SC2306,4,SR 2.11,SR,SR 2.11,2,0.506925,0.821284,Timestamps
shellcheck,SC2306,5,SR 3.7,SR,SR 3.7,3,0.49976,0.759436,Error handling
shellcheck,SC2306,6,SR 7.3,SR,SR 7.3,7,0.498934,0.752561,Control system backup
shellcheck,SC2306,7,SR 3.5,SR,SR 3.5,3,0.497866,0.74374,Input validation
shellcheck,SC2306,8,SR 2.11 RE 2,RE,SR 2.11,2,0.496999,0.736648,Protection of time source integrity
shellcheck,SC2306,9,SR 4.1 RE 2,RE,SR 4.1,4,0.494041,0.712857,Protection of confidentiality across zone boundaries
shellcheck,SC2306,10,SR 5.2 RE 3,RE,SR 5.2,5,0.493939,0.712045,Fail close
shellcheck,SC2307,1,SR 3.5,SR,SR 3.5,3,0.53508,1.0,Input validation
shellcheck,SC2307,2,SR 1.7 RE 1,RE,SR 1.7,1,0.519297,0.848171,Password generation and lifetime restrictions for human users
shellcheck,SC2307,3,SR 3.2 RE 1,RE,SR 3.2,3,0.518282,0.839099,Malicious code protection on entry and exit points
shellcheck,SC2307,4,SR 3.3,SR,SR 3.3,3,0.51395,0.801242,Security functionality verification
shellcheck,SC2307,5,SR 1.11,SR,SR 1.11,1,0.51226,0.786858,Unsuccessful login attempts
shellcheck,SC2307,6,SR 1.7 RE 2,RE,SR 1.7,1,0.50843,0.755036,Password lifetime restrictions for all users
shellcheck,SC2307,7,SR 3.7,SR,SR 3.7,3,0.504171,0.720905,Error handling
shellcheck,SC2308,1,SR 3.5,SR,SR 3.5,3,0.52319,1.0,Input validation
shellcheck,SC2308,2,SR 2.11,SR,SR 2.11,2,0.51822,0.948854,Timestamps
shellcheck,SC2308,3,SR 1.7,SR,SR 1.7,1,0.505858,0.830862,Strength of password-based authentication
shellcheck,SC2308,4,SR 1.7 RE 1,RE,SR 1.7,1,0.491604,0.709998,Password generation and lifetime restrictions for human users
shellcheck,SC2308,5,SR 1.7 RE 2,RE,SR 1.7,1,0.490926,0.70463,Password lifetime restrictions for all users
shellcheck,SC2308,6,SR 1.4,SR,SR 1.4,1,0.490531,0.701519,Identifier management
shellcheck,SC2309,1,SR 3.7,SR,SR 3.7,3,0.508254,1.0,Error handling
shellcheck,SC2309,2,SR 3.5,SR,SR 3.5,3,0.50104,0.924391,Input validation
shellcheck,SC2309,3,SR 1.4,SR,SR 1.4,1,0.500488,0.918801,Identifier management
shellcheck,SC2309,4,SR 1.11,SR,SR 1.11,1,0.500168,0.915573,Unsuccessful login attempts
shellcheck,SC2309,5,SR 3.6,SR,SR 3.6,3,0.497251,0.886591,Deterministic output
shellcheck,SC2309,6,SR 5.2 RE 3,RE,SR 5.2,5,0.495401,0.868594,Fail close
shellcheck,SC2309,7,SR 5.2 RE 1,RE,SR 5.2,5,0.488985,0.808501,"Deny by default, allow by exception"
shellcheck,SC2309,8,SR 2.12 RE 1,RE,SR 2.12,2,0.488013,0.799706,Non-repudiation for all users
shellcheck,SC2309,9,SR 7.1,SR,SR 7.1,7,0.486713,0.788057,Denial of service protection
shellcheck,SC2309,10,SR 7.5,SR,SR 7.5,7,0.485807,0.78002,Emergency power
shellcheck,SC2310,1,SR 7.3 RE 1,RE,SR 7.3,7,0.616884,1.0,Backup verification
shellcheck,SC2310,2,SR 5.2 RE 3,RE,SR 5.2,5,0.611627,0.954018,Fail close
shellcheck,SC2310,3,SR 7.3,SR,SR 7.3,7,0.611448,0.952478,Control system backup
shellcheck,SC2310,4,SR 7.3 RE 2,RE,SR 7.3,7,0.601259,0.868397,Backup automation
shellcheck,SC2310,5,SR 7.1,SR,SR 7.1,7,0.586649,0.758506,Denial of service protection
shellcheck,SC2310,6,SR 2.10,SR,SR 2.10,2,0.582323,0.728253,Response to audit processing failures
shellcheck,SC2310,7,SR 3.3,SR,SR 3.3,3,0.578208,0.700393,Security functionality verification
shellcheck,SC2310,8,SR 3.6,SR,SR 3.6,3,0.57719,0.69364,Deterministic output
shellcheck,SC2310,9,SR 7.5,SR,SR 7.5,7,0.576768,0.690851,Emergency power
shellcheck,SC2311,1,SR 1.11,SR,SR 1.11,1,0.533369,1.0,Unsuccessful login attempts
shellcheck,SC2311,2,SR 7.7,SR,SR 7.7,7,0.530544,0.971213,Least functionality
shellcheck,SC2311,3,SR 1.13 RE 1,RE,SR 1.13,1,0.529843,0.964172,Explicit access request approval
shellcheck,SC2311,4,SR 7.1,SR,SR 7.1,7,0.527168,0.937703,Denial of service protection
shellcheck,SC2311,5,SR 5.2 RE 1,RE,SR 5.2,5,0.5265,0.931185,"Deny by default, allow by exception"
shellcheck,SC2311,6,SR 3.5,SR,SR 3.5,3,0.519972,0.869431,Input validation
shellcheck,SC2311,7,SR 3.6,SR,SR 3.6,3,0.519064,0.861114,Deterministic output
shellcheck,SC2311,8,SR 3.7,SR,SR 3.7,3,0.517132,0.84363,Error handling
shellcheck,SC2311,9,SR 5.2 RE 3,RE,SR 5.2,5,0.516557,0.838487,Fail close
shellcheck,SC2311,10,SR 2.11 RE 2,RE,SR 2.11,2,0.510863,0.788901,Protection of time source integrity
shellcheck,SC2312,1,SR 3.2 RE 1,RE,SR 3.2,3,0.568971,1.0,Malicious code protection on entry and exit points
shellcheck,SC2312,2,SR 3.6,SR,SR 3.6,3,0.566563,0.976941,Deterministic output
shellcheck,SC2312,3,SR 3.7,SR,SR 3.7,3,0.558499,0.90287,Error handling
shellcheck,SC2312,4,SR 7.3,SR,SR 7.3,7,0.557311,0.892365,Control system backup
shellcheck,SC2312,5,SR 5.2 RE 3,RE,SR 5.2,5,0.545946,0.79676,Fail close
shellcheck,SC2312,6,SR 7.1,SR,SR 7.1,7,0.545025,0.789392,Denial of service protection
shellcheck,SC2312,7,SR 2.12 RE 1,RE,SR 2.12,2,0.540414,0.75336,Non-repudiation for all users
shellcheck,SC2312,8,SR 5.2 RE 2,RE,SR 5.2,5,0.53487,0.711819,Island mode
shellcheck,SC2312,9,SR 7.3 RE 1,RE,SR 7.3,7,0.534557,0.709534,Backup verification
shellcheck,SC2312,10,SR 3.2,SR,SR 3.2,3,0.53223,0.692712,Malicious code protection
shellcheck,SC2313,1,SR 2.9 RE 1,RE,SR 2.9,2,0.499662,1.0,Warn when audit record storage capacity threshold reached
shellcheck,SC2313,2,SR 3.5,SR,SR 3.5,3,0.495375,0.953716,Input validation
shellcheck,SC2313,3,SR 2.11,SR,SR 2.11,2,0.494681,0.946388,Timestamps
shellcheck,SC2313,4,SR 4.2,SR,SR 4.2,4,0.491993,0.918457,Information persistence
shellcheck,SC2313,5,SR 3.2 RE 1,RE,SR 3.2,3,0.490298,0.901184,Malicious code protection on entry and exit points
shellcheck,SC2313,6,SR 4.2 RE 1,RE,SR 4.2,4,0.488843,0.886568,Purging of shared memory resources
shellcheck,SC2313,7,SR 7.1 RE 1,RE,SR 7.1,7,0.48091,0.810278,Manage communication loads
shellcheck,SC2313,8,SR 3.7,SR,SR 3.7,3,0.480852,0.809735,Error handling
shellcheck,SC2313,9,SR 3.6,SR,SR 3.6,3,0.480431,0.805852,Deterministic output
shellcheck,SC2313,10,SR 2.11 RE 2,RE,SR 2.11,2,0.473822,0.746737,Protection of time source integrity
shellcheck,SC2314,1,SR 5.2 RE 3,RE,SR 5.2,5,0.564964,1.0,Fail close
shellcheck,SC2314,2,SR 3.7,SR,SR 3.7,3,0.563265,0.983566,Error handling
shellcheck,SC2314,3,SR 1.11,SR,SR 1.11,1,0.528536,0.693096,Unsuccessful login attempts
shellcheck,SC2315,1,SR 5.2 RE 3,RE,SR 5.2,5,0.596346,1.0,Fail close
shellcheck,SC2315,2,SR 3.7,SR,SR 3.7,3,0.59465,0.984458,Error handling
shellcheck,SC2316,1,SR 5.2 RE 2,RE,SR 5.2,5,0.591972,1.0,Island mode
shellcheck,SC2316,2,SR 4.2,SR,SR 4.2,4,0.584807,0.935225,Information persistence
shellcheck,SC2316,3,SR 5.2 RE 3,RE,SR 5.2,5,0.572428,0.831401,Fail close
shellcheck,SC2316,4,SR 3.6,SR,SR 3.6,3,0.572223,0.829766,Deterministic output
shellcheck,SC2316,5,SR 1.11,SR,SR 1.11,1,0.569629,0.809284,Unsuccessful login attempts
shellcheck,SC2316,6,SR 7.7,SR,SR 7.7,7,0.569058,0.80483,Least functionality
shellcheck,SC2316,7,SR 3.2 RE 1,RE,SR 3.2,3,0.566312,0.783708,Malicious code protection on entry and exit points
shellcheck,SC2316,8,SR 4.2 RE 1,RE,SR 4.2,4,0.562354,0.75405,Purging of shared memory resources
shellcheck,SC2316,9,SR 3.2 RE 2,RE,SR 3.2,3,0.557762,0.720798,Central management and reporting for malicious code protection
shellcheck,SC2316,10,SR 7.1 RE 1,RE,SR 7.1,7,0.557137,0.716367,Manage communication loads
shellcheck,SC2317,1,SR 1.11,SR,SR 1.11,1,0.56935,1.0,Unsuccessful login attempts
shellcheck,SC2317,2,SR 1.13 RE 1,RE,SR 1.13,1,0.562679,0.937231,Explicit access request approval
shellcheck,SC2317,3,SR 3.7,SR,SR 3.7,3,0.559465,0.908165,Error handling
shellcheck,SC2317,4,SR 7.6 RE 1,RE,SR 7.6,7,0.555595,0.874143,Machine-readable reporting of current security settings
shellcheck,SC2317,5,SR 1.12,SR,SR 1.12,1,0.555407,0.872523,System use notification
shellcheck,SC2317,6,SR 7.1 RE 1,RE,SR 7.1,7,0.555287,0.871481,Manage communication loads
shellcheck,SC2317,7,SR 7.7,SR,SR 7.7,7,0.554354,0.86346,Least functionality
shellcheck,SC2317,8,SR 1.7 RE 1,RE,SR 1.7,1,0.551811,0.841896,Password generation and lifetime restrictions for human users
shellcheck,SC2317,9,SR 4.2,SR,SR 4.2,4,0.546982,0.802167,Information persistence
shellcheck,SC2317,10,SR 5.2 RE 3,RE,SR 5.2,5,0.546004,0.794313,Fail close
shellcheck,SC2318,1,SR 2.4,SR,SR 2.4,2,0.520722,1.0,Mobile code
shellcheck,SC2318,2,SR 1.4,SR,SR 1.4,1,0.505434,0.848835,Identifier management
shellcheck,SC2318,3,SR 7.7,SR,SR 7.7,7,0.502225,0.819611,Least functionality
shellcheck,SC2318,4,SR 1.2 RE 1,RE,SR 1.2,1,0.501517,0.81328,Unique identification and authentication
shellcheck,SC2318,5,SR 3.2 RE 1,RE,SR 3.2,3,0.501215,0.810592,Malicious code protection on entry and exit points
shellcheck,SC2318,6,SR 1.11,SR,SR 1.11,1,0.499134,0.792247,Unsuccessful login attempts
shellcheck,SC2318,7,SR 1.7 RE 1,RE,SR 1.7,1,0.499085,0.791824,Password generation and lifetime restrictions for human users
shellcheck,SC2318,8,SR 3.6,SR,SR 3.6,3,0.49581,0.763666,Deterministic output
shellcheck,SC2318,9,SR 2.1 RE 4,RE,SR 2.1,2,0.494722,0.754494,Dual approval
shellcheck,SC2318,10,SR 7.8,SR,SR 7.8,7,0.494337,0.751272,Control system component inventory
shellcheck,SC2319,1,SR 5.2 RE 3,RE,SR 5.2,5,0.571706,1.0,Fail close
shellcheck,SC2319,2,SR 3.7,SR,SR 3.7,3,0.557194,0.868128,Error handling
shellcheck,SC2319,3,SR 3.6,SR,SR 3.6,3,0.551902,0.823734,Deterministic output
shellcheck,SC2319,4,SR 7.1,SR,SR 7.1,7,0.540112,0.731492,Denial of service protection
shellcheck,SC2319,5,SR 1.13 RE 1,RE,SR 1.13,1,0.534059,0.687526,Explicit access request approval
shellcheck,SC2320,1,SR 3.6,SR,SR 3.6,3,0.532979,1.0,Deterministic output
shellcheck,SC2320,2,SR 5.2 RE 3,RE,SR 5.2,5,0.532264,0.992641,Fail close
shellcheck,SC2320,3,SR 3.7,SR,SR 3.7,3,0.519178,0.865638,Error handling
shellcheck,SC2320,4,SR 2.10,SR,SR 2.10,2,0.514894,0.82707,Response to audit processing failures
shellcheck,SC2320,5,SR 7.1,SR,SR 7.1,7,0.509186,0.777887,Denial of service protection
shellcheck,SC2320,6,SR 1.2,SR,SR 1.2,1,0.502165,0.720697,Software process and device identification and authentication
shellcheck,SC2320,7,SR 7.1 RE 1,RE,SR 7.1,7,0.501572,0.716027,Manage communication loads
shellcheck,SC2320,8,SR 1.2 RE 1,RE,SR 1.2,1,0.499951,0.703392,Unique identification and authentication
shellcheck,SC2320,9,SR 7.6 RE 1,RE,SR 7.6,7,0.497384,0.683757,Machine-readable reporting of current security settings
shellcheck,SC2321,1,SR 3.5,SR,SR 3.5,3,0.544073,1.0,Input validation
shellcheck,SC2322,1,SR 3.5,SR,SR 3.5,3,0.530589,1.0,Input validation
shellcheck,SC2322,2,SR 3.7,SR,SR 3.7,3,0.514125,0.840831,Error handling
shellcheck,SC2322,3,SR 3.3,SR,SR 3.3,3,0.498035,0.705931,Security functionality verification
shellcheck,SC2322,4,SR 2.11,SR,SR 2.11,2,0.497803,0.704122,Timestamps
shellcheck,SC2322,5,SR 2.11 RE 2,RE,SR 2.11,2,0.497043,0.698232,Protection of time source integrity
shellcheck,SC2322,6,SR 3.6,SR,SR 3.6,3,0.495482,0.686258,Deterministic output
shellcheck,SC2323,1,SR 3.5,SR,SR 3.5,3,0.525513,1.0,Input validation
shellcheck,SC2324,1,SR 3.8 RE 2,RE,SR 3.8,3,0.484679,1.0,Unique session ID generation
shellcheck,SC2324,2,SR 1.4,SR,SR 1.4,1,0.483334,0.984823,Identifier management
shellcheck,SC2324,3,SR 3.5,SR,SR 3.5,3,0.483028,0.9814,Input validation
shellcheck,SC2324,4,SR 3.8,SR,SR 3.8,3,0.476091,0.906348,Session integrity
shellcheck,SC2324,5,SR 1.11,SR,SR 1.11,1,0.475951,0.90488,Unsuccessful login attempts
shellcheck,SC2324,6,SR 3.8 RE 1,RE,SR 3.8,3,0.468304,0.82776,Invalidation of session IDs after session termination
shellcheck,SC2324,7,SR 3.8 RE 3,RE,SR 3.8,3,0.467719,0.82209,Randomness of session IDs
shellcheck,SC2324,8,SR 3.3,SR,SR 3.3,3,0.464829,0.79453,Security functionality verification
shellcheck,SC2324,9,SR 3.6,SR,SR 3.6,3,0.464393,0.790444,Deterministic output
shellcheck,SC2324,10,SR 1.2 RE 1,RE,SR 1.2,1,0.46399,0.786682,Unique identification and authentication
shellcheck,SC2325,1,SR 2.1 RE 4,RE,SR 2.1,2,0.524067,1.0,Dual approval
shellcheck,SC2325,2,SR 3.2 RE 1,RE,SR 3.2,3,0.524012,0.999427,Malicious code protection on entry and exit points
shellcheck,SC2325,3,SR 5.2 RE 3,RE,SR 5.2,5,0.521608,0.974463,Fail close
shellcheck,SC2325,4,SR 7.1,SR,SR 7.1,7,0.518558,0.943535,Denial of service protection
shellcheck,SC2325,5,SR 5.4,SR,SR 5.4,5,0.517616,0.934151,Application partitioning
shellcheck,SC2325,6,SR 5.2 RE 2,RE,SR 5.2,5,0.513568,0.894666,Island mode
shellcheck,SC2325,7,SR 4.2 RE 1,RE,SR 4.2,4,0.511659,0.876536,Purging of shared memory resources
shellcheck,SC2325,8,SR 7.1 RE 1,RE,SR 7.1,7,0.51049,0.865573,Manage communication loads
shellcheck,SC2325,9,SR 1.5 RE 1,RE,SR 1.5,1,0.506893,0.832559,Hardware security for software process identity credentials
shellcheck,SC2325,10,SR 3.7,SR,SR 3.7,3,0.505838,0.823067,Error handling
shellcheck,SC2326,1,SR 5.2 RE 3,RE,SR 5.2,5,0.587138,1.0,Fail close
shellcheck,SC2326,2,SR 7.1,SR,SR 7.1,7,0.563939,0.801134,Denial of service protection
shellcheck,SC2326,3,SR 5.2 RE 2,RE,SR 5.2,5,0.560038,0.771123,Island mode
shellcheck,SC2326,4,SR 3.7,SR,SR 3.7,3,0.552865,0.718345,Error handling
shellcheck,SC2326,5,SR 3.6,SR,SR 3.6,3,0.550767,0.703483,Deterministic output
shellcheck,SC2326,6,SR 1.11,SR,SR 1.11,1,0.548002,0.684274,Unsuccessful login attempts
shellcheck,SC2327,1,SR 3.6,SR,SR 3.6,3,0.56383,1.0,Deterministic output
shellcheck,SC2327,2,SR 3.7,SR,SR 3.7,3,0.545189,0.831179,Error handling
shellcheck,SC2327,3,SR 5.2 RE 3,RE,SR 5.2,5,0.541928,0.804195,Fail close
shellcheck,SC2327,4,SR 7.1,SR,SR 7.1,7,0.533821,0.740221,Denial of service protection
shellcheck,SC2327,5,SR 7.7,SR,SR 7.7,7,0.533211,0.735576,Least functionality
shellcheck,SC2327,6,SR 7.3,SR,SR 7.3,7,0.533063,0.734457,Control system backup
shellcheck,SC2327,7,SR 3.3 RE 2,RE,SR 3.3,3,0.530915,0.718325,Security functionality verification during normal operation
shellcheck,SC2327,8,SR 4.2,SR,SR 4.2,4,0.529329,0.706603,Information persistence
shellcheck,SC2327,9,SR 7.3 RE 1,RE,SR 7.3,7,0.52844,0.700103,Backup verification
shellcheck,SC2328,1,SR 3.6,SR,SR 3.6,3,0.574927,1.0,Deterministic output
shellcheck,SC2328,2,SR 3.5,SR,SR 3.5,3,0.570294,0.956481,Input validation
shellcheck,SC2328,3,SR 3.7,SR,SR 3.7,3,0.567503,0.931015,Error handling
shellcheck,SC2329,1,SR 5.2 RE 3,RE,SR 5.2,5,0.5337,1.0,Fail close
shellcheck,SC2329,2,SR 7.7,SR,SR 7.7,7,0.515541,0.826638,Least functionality
shellcheck,SC2329,3,SR 2.12 RE 1,RE,SR 2.12,2,0.509847,0.777647,Non-repudiation for all users
shellcheck,SC2329,4,SR 3.3,SR,SR 3.3,3,0.505777,0.744115,Security functionality verification
shellcheck,SC2329,5,SR 3.2 RE 1,RE,SR 3.2,3,0.504761,0.735928,Malicious code protection on entry and exit points
shellcheck,SC2330,1,SR 3.2 RE 1,RE,SR 3.2,3,0.488106,1.0,Malicious code protection on entry and exit points
shellcheck,SC2330,2,SR 2.9 RE 1,RE,SR 2.9,2,0.484439,0.959371,Warn when audit record storage capacity threshold reached
shellcheck,SC2330,3,SR 3.8 RE 3,RE,SR 3.8,3,0.477211,0.883243,Randomness of session IDs
shellcheck,SC2330,4,SR 1.11,SR,SR 1.11,1,0.47702,0.881298,Unsuccessful login attempts
shellcheck,SC2330,5,SR 1.7 RE 1,RE,SR 1.7,1,0.47572,0.868165,Password generation and lifetime restrictions for human users
shellcheck,SC2330,6,SR 5.3 RE 1,RE,SR 5.3,5,0.475446,0.865418,Prohibit all general purpose person-to-person communications
shellcheck,SC2330,7,SR 3.3,SR,SR 3.3,3,0.472129,0.832729,Security functionality verification
shellcheck,SC2330,8,SR 2.3 RE 1,RE,SR 2.3,2,0.471028,0.822105,Enforcement of security status of portable and mobile devices
shellcheck,SC2330,9,SR 1.13 RE 1,RE,SR 1.13,1,0.470967,0.821525,Explicit access request approval
shellcheck,SC2330,10,SR 7.3 RE 1,RE,SR 7.3,7,0.470546,0.817491,Backup verification
shellcheck,SC2331,1,SR 3.7,SR,SR 3.7,3,0.53315,1.0,Error handling
shellcheck,SC2331,2,SR 3.5,SR,SR 3.5,3,0.533088,0.999368,Input validation
shellcheck,SC2331,3,SR 3.3,SR,SR 3.3,3,0.52409,0.910042,Security functionality verification
shellcheck,SC2331,4,SR 7.3 RE 1,RE,SR 7.3,7,0.518206,0.855253,Backup verification
shellcheck,SC2331,5,SR 7.3,SR,SR 7.3,7,0.514482,0.82199,Control system backup
shellcheck,SC2331,6,SR 3.2 RE 1,RE,SR 3.2,3,0.513043,0.809426,Malicious code protection on entry and exit points
shellcheck,SC2331,7,SR 7.1,SR,SR 7.1,7,0.512714,0.806569,Denial of service protection
shellcheck,SC2331,8,SR 2.11,SR,SR 2.11,2,0.508105,0.767489,Timestamps
shellcheck,SC2331,9,SR 1.2,SR,SR 1.2,1,0.504857,0.740893,Software process and device identification and authentication
shellcheck,SC2331,10,SR 1.5 RE 1,RE,SR 1.5,1,0.504315,0.736533,Hardware security for software process identity credentials
shellcheck,SC2332,1,SR 5.2 RE 3,RE,SR 5.2,5,0.56134,1.0,Fail close
shellcheck,SC2332,2,SR 3.5,SR,SR 3.5,3,0.5452,0.851756,Input validation
shellcheck,SC2332,3,SR 3.6,SR,SR 3.6,3,0.533678,0.75734,Deterministic output
shellcheck,SC2332,4,SR 3.7,SR,SR 3.7,3,0.524895,0.69128,Error handling
shellcheck,SC2332,5,SR 1.11,SR,SR 1.11,1,0.524443,0.688013,Unsuccessful login attempts
shellcheck,SC2333,1,SR 3.5,SR,SR 3.5,3,0.576874,1.0,Input validation
shellcheck,SC2333,2,SR 2.12 RE 1,RE,SR 2.12,2,0.559006,0.841097,Non-repudiation for all users
shellcheck,SC2333,3,SR 3.3 RE 1,RE,SR 3.3,3,0.556483,0.820431,Automated mechanisms for security functionality verification
shellcheck,SC2333,4,SR 2.4 RE 1,RE,SR 2.4,2,0.542326,0.712014,Mobile code integrity check
shellcheck,SC2333,5,SR 5.2 RE 2,RE,SR 5.2,5,0.541973,0.709464,Island mode
shellcheck,SC2333,6,SR 2.12,SR,SR 2.12,2,0.540135,0.696334,Non-repudiation
shellcheck,SC2333,7,SR 3.3,SR,SR 3.3,3,0.53935,0.690786,Security functionality verification
shellcheck,SC2334,1,SR 3.5,SR,SR 3.5,3,0.575217,1.0,Input validation
shellcheck,SC2334,2,SR 3.2 RE 1,RE,SR 3.2,3,0.5639,0.896474,Malicious code protection on entry and exit points
shellcheck,SC2334,3,SR 7.1,SR,SR 7.1,7,0.553211,0.806913,Denial of service protection
shellcheck,SC2334,4,SR 1.5 RE 1,RE,SR 1.5,1,0.551893,0.796392,Hardware security for software process identity credentials
shellcheck,SC2334,5,SR 3.6,SR,SR 3.6,3,0.550949,0.78893,Deterministic output
shellcheck,SC2334,6,SR 2.12 RE 1,RE,SR 2.12,2,0.548162,0.767229,Non-repudiation for all users
shellcheck,SC2334,7,SR 5.2 RE 3,RE,SR 5.2,5,0.545072,0.743743,Fail close
shellcheck,SC2334,8,SR 2.9 RE 1,RE,SR 2.9,2,0.544222,0.737385,Warn when audit record storage capacity threshold reached
shellcheck,SC2334,9,SR 1.11,SR,SR 1.11,1,0.543526,0.732211,Unsuccessful login attempts
shellcheck,SC2334,10,SR 2.4 RE 1,RE,SR 2.4,2,0.540077,0.707019,Mobile code integrity check
shellcheck,SC2335,1,SR 3.5,SR,SR 3.5,3,0.538031,1.0,Input validation
shellcheck,SC2335,2,SR 3.6,SR,SR 3.6,3,0.527618,0.898086,Deterministic output
shellcheck,SC2335,3,SR 3.7,SR,SR 3.7,3,0.513847,0.776504,Error handling
shellcheck,SC2335,4,SR 5.2 RE 3,RE,SR 5.2,5,0.501655,0.68044,Fail close
shellcheck,SC3001,1,SR 1.2,SR,SR 1.2,1,0.506691,1.0,Software process and device identification and authentication
shellcheck,SC3001,2,SR 1.5 RE 1,RE,SR 1.5,1,0.503813,0.969148,Hardware security for software process identity credentials
shellcheck,SC3001,3,SR 3.7,SR,SR 3.7,3,0.503303,0.963769,Error handling
shellcheck,SC3001,4,SR 3.6,SR,SR 3.6,3,0.502137,0.951551,Deterministic output
shellcheck,SC3001,5,SR 2.10,SR,SR 2.10,2,0.500923,0.938969,Response to audit processing failures
shellcheck,SC3001,6,SR 3.5,SR,SR 3.5,3,0.497234,0.901557,Input validation
shellcheck,SC3001,7,SR 4.2 RE 1,RE,SR 4.2,4,0.492004,0.850625,Purging of shared memory resources
shellcheck,SC3001,8,SR 7.3,SR,SR 7.3,7,0.487109,0.805109,Control system backup
shellcheck,SC3001,9,SR 3.3,SR,SR 3.3,3,0.484227,0.779256,Security functionality verification
shellcheck,SC3001,10,SR 1.2 RE 1,RE,SR 1.2,1,0.473182,0.686383,Unique identification and authentication
shellcheck,SC3002,1,SR 3.2 RE 1,RE,SR 3.2,3,0.477978,1.0,Malicious code protection on entry and exit points
shellcheck,SC3002,2,SR 2.12 RE 1,RE,SR 2.12,2,0.469809,0.909551,Non-repudiation for all users
shellcheck,SC3002,3,SR 5.2 RE 3,RE,SR 5.2,5,0.460948,0.819113,Fail close
shellcheck,SC3002,4,SR 3.7,SR,SR 3.7,3,0.460845,0.818109,Error handling
shellcheck,SC3002,5,SR 3.2,SR,SR 3.2,3,0.460387,0.813647,Malicious code protection
shellcheck,SC3002,6,SR 4.2 RE 1,RE,SR 4.2,4,0.457777,0.788599,Purging of shared memory resources
shellcheck,SC3002,7,SR 2.9 RE 1,RE,SR 2.9,2,0.456282,0.774532,Warn when audit record storage capacity threshold reached
shellcheck,SC3002,8,SR 2.11,SR,SR 2.11,2,0.453722,0.750933,Timestamps
shellcheck,SC3002,9,SR 3.3,SR,SR 3.3,3,0.449768,0.715644,Security functionality verification
shellcheck,SC3002,10,SR 7.3,SR,SR 7.3,7,0.447918,0.6996,Control system backup
shellcheck,SC3003,1,SR 3.5,SR,SR 3.5,3,0.527699,1.0,Input validation
shellcheck,SC3003,2,SR 5.2 RE 3,RE,SR 5.2,5,0.512062,0.847517,Fail close
shellcheck,SC3003,3,SR 3.7,SR,SR 3.7,3,0.506213,0.795622,Error handling
shellcheck,SC3003,4,SR 3.3,SR,SR 3.3,3,0.504823,0.783685,Security functionality verification
shellcheck,SC3003,5,SR 3.6,SR,SR 3.6,3,0.498166,0.728506,Deterministic output
shellcheck,SC3004,1,SR 3.5,SR,SR 3.5,3,0.527887,1.0,Input validation
shellcheck,SC3004,2,SR 2.12 RE 1,RE,SR 2.12,2,0.524259,0.962778,Non-repudiation for all users
shellcheck,SC3004,3,SR 3.7,SR,SR 3.7,3,0.523781,0.957954,Error handling
shellcheck,SC3004,4,SR 1.4,SR,SR 1.4,1,0.521821,0.938412,Identifier management
shellcheck,SC3004,5,SR 3.3,SR,SR 3.3,3,0.518136,0.902533,Security functionality verification
shellcheck,SC3004,6,SR 4.2 RE 1,RE,SR 4.2,4,0.502314,0.761007,Purging of shared memory resources
shellcheck,SC3004,7,SR 1.5 RE 1,RE,SR 1.5,1,0.50069,0.747568,Hardware security for software process identity credentials
shellcheck,SC3004,8,SR 7.6 RE 1,RE,SR 7.6,7,0.497842,0.72448,Machine-readable reporting of current security settings
shellcheck,SC3004,9,SR 1.7 RE 1,RE,SR 1.7,1,0.492915,0.685915,Password generation and lifetime restrictions for human users
shellcheck,SC3004,10,SR 5.2 RE 3,RE,SR 5.2,5,0.49273,0.684502,Fail close
shellcheck,SC3005,1,SR 3.5,SR,SR 3.5,3,0.496879,1.0,Input validation
shellcheck,SC3005,2,SR 3.7,SR,SR 3.7,3,0.496086,0.991258,Error handling
shellcheck,SC3005,3,SR 3.6,SR,SR 3.6,3,0.466358,0.705632,Deterministic output
shellcheck,SC3005,4,SR 1.11,SR,SR 1.11,1,0.465166,0.69577,Unsuccessful login attempts
shellcheck,SC3005,5,SR 3.2 RE 1,RE,SR 3.2,3,0.465032,0.694665,Malicious code protection on entry and exit points
shellcheck,SC3006,1,SR 3.6,SR,SR 3.6,3,0.518204,1.0,Deterministic output
shellcheck,SC3006,2,SR 3.5,SR,SR 3.5,3,0.508499,0.901244,Input validation
shellcheck,SC3006,3,SR 3.7,SR,SR 3.7,3,0.497847,0.802184,Error handling
shellcheck,SC3006,4,SR 2.12 RE 1,RE,SR 2.12,2,0.496881,0.793658,Non-repudiation for all users
shellcheck,SC3006,5,SR 1.4,SR,SR 1.4,1,0.488433,0.722229,Identifier management
shellcheck,SC3006,6,SR 4.2,SR,SR 4.2,4,0.488217,0.72047,Information persistence
shellcheck,SC3006,7,SR 1.2 RE 1,RE,SR 1.2,1,0.487376,0.713676,Unique identification and authentication
shellcheck,SC3006,8,SR 5.2 RE 2,RE,SR 5.2,5,0.486007,0.702719,Island mode
shellcheck,SC3006,9,SR 5.2 RE 3,RE,SR 5.2,5,0.485095,0.695493,Fail close
shellcheck,SC3006,10,SR 7.1,SR,SR 7.1,7,0.483534,0.683274,Denial of service protection
shellcheck,SC3007,1,SR 3.7,SR,SR 3.7,3,0.502998,1.0,Error handling
shellcheck,SC3007,2,SR 3.5,SR,SR 3.5,3,0.498405,0.950799,Input validation
shellcheck,SC3007,3,SR 4.2 RE 1,RE,SR 4.2,4,0.486795,0.835198,Purging of shared memory resources
shellcheck,SC3007,4,SR 3.3,SR,SR 3.3,3,0.483136,0.801243,Security functionality verification
shellcheck,SC3007,5,SR 7.7,SR,SR 7.7,7,0.482362,0.794209,Least functionality
shellcheck,SC3007,6,SR 5.2 RE 3,RE,SR 5.2,5,0.475639,0.735206,Fail close
shellcheck,SC3007,7,SR 7.1,SR,SR 7.1,7,0.474188,0.722957,Denial of service protection
shellcheck,SC3007,8,SR 7.1 RE 1,RE,SR 7.1,7,0.473535,0.717498,Manage communication loads
shellcheck,SC3007,9,SR 4.2,SR,SR 4.2,4,0.471052,0.697046,Information persistence
shellcheck,SC3007,10,SR 3.2 RE 1,RE,SR 3.2,3,0.469176,0.681919,Malicious code protection on entry and exit points
shellcheck,SC3008,1,SR 3.5,SR,SR 3.5,3,0.53049,1.0,Input validation
shellcheck,SC3008,2,SR 3.7,SR,SR 3.7,3,0.507166,0.780909,Error handling
shellcheck,SC3009,1,SR 1.11,SR,SR 1.11,1,0.496413,1.0,Unsuccessful login attempts
shellcheck,SC3009,2,SR 3.5,SR,SR 3.5,3,0.480223,0.833296,Input validation
shellcheck,SC3009,3,SR 5.2 RE 3,RE,SR 5.2,5,0.479885,0.830082,Fail close
shellcheck,SC3010,1,SR 3.6,SR,SR 3.6,3,0.486586,1.0,Deterministic output
shellcheck,SC3010,2,SR 3.7,SR,SR 3.7,3,0.477504,0.901563,Error handling
shellcheck,SC3010,3,SR 4.2 RE 1,RE,SR 4.2,4,0.474728,0.873106,Purging of shared memory resources
shellcheck,SC3010,4,SR 5.2 RE 3,RE,SR 5.2,5,0.461381,0.746365,Fail close
shellcheck,SC3010,5,SR 4.2,SR,SR 4.2,4,0.459417,0.72906,Information persistence
shellcheck,SC3010,6,SR 3.3,SR,SR 3.3,3,0.458781,0.723523,Security functionality verification
shellcheck,SC3010,7,SR 3.2 RE 1,RE,SR 3.2,3,0.458571,0.721702,Malicious code protection on entry and exit points
shellcheck,SC3010,8,SR 7.1,SR,SR 7.1,7,0.458374,0.720004,Denial of service protection
shellcheck,SC3010,9,SR 3.5,SR,SR 3.5,3,0.456557,0.704442,Input validation
shellcheck,SC3010,10,SR 7.7,SR,SR 7.7,7,0.455676,0.697002,Least functionality
shellcheck,SC3011,1,SR 3.5,SR,SR 3.5,3,0.48985,1.0,Input validation
shellcheck,SC3011,2,SR 3.7,SR,SR 3.7,3,0.487719,0.976297,Error handling
shellcheck,SC3011,3,SR 5.2 RE 3,RE,SR 5.2,5,0.480726,0.901751,Fail close
shellcheck,SC3011,4,SR 2.11,SR,SR 2.11,2,0.471808,0.813504,Timestamps
shellcheck,SC3011,5,SR 4.2 RE 1,RE,SR 4.2,4,0.469306,0.790057,Purging of shared memory resources
shellcheck,SC3011,6,SR 7.1,SR,SR 7.1,7,0.469244,0.789483,Denial of service protection
shellcheck,SC3011,7,SR 7.3,SR,SR 7.3,7,0.467939,0.777482,Control system backup
shellcheck,SC3011,8,SR 3.2 RE 1,RE,SR 3.2,3,0.461486,0.720312,Malicious code protection on entry and exit points
shellcheck,SC3011,9,SR 2.12 RE 1,RE,SR 2.12,2,0.460764,0.714141,Non-repudiation for all users
shellcheck,SC3011,10,SR 4.2,SR,SR 4.2,4,0.460256,0.709819,Information persistence
shellcheck,SC3012,1,SR 3.5,SR,SR 3.5,3,0.509044,1.0,Input validation
shellcheck,SC3012,2,SR 3.7,SR,SR 3.7,3,0.502201,0.928273,Error handling
shellcheck,SC3012,3,SR 3.6,SR,SR 3.6,3,0.495569,0.862817,Deterministic output
shellcheck,SC3012,4,SR 2.12 RE 1,RE,SR 2.12,2,0.494299,0.85073,Non-repudiation for all users
shellcheck,SC3012,5,SR 2.4 RE 1,RE,SR 2.4,2,0.49382,0.846201,Mobile code integrity check
shellcheck,SC3012,6,SR 5.2 RE 3,RE,SR 5.2,5,0.487729,0.790373,Fail close
shellcheck,SC3012,7,SR 1.4,SR,SR 1.4,1,0.483205,0.750879,Identifier management
shellcheck,SC3012,8,SR 3.2 RE 1,RE,SR 3.2,3,0.483108,0.750052,Malicious code protection on entry and exit points
shellcheck,SC3012,9,SR 1.11,SR,SR 1.11,1,0.481427,0.735808,Unsuccessful login attempts
shellcheck,SC3012,10,SR 2.9 RE 1,RE,SR 2.9,2,0.475076,0.683979,Warn when audit record storage capacity threshold reached
shellcheck,SC3013,1,SR 3.7,SR,SR 3.7,3,0.487374,1.0,Error handling
shellcheck,SC3013,2,SR 2.12 RE 1,RE,SR 2.12,2,0.48335,0.955427,Non-repudiation for all users
shellcheck,SC3013,3,SR 3.5,SR,SR 3.5,3,0.476955,0.887939,Input validation
shellcheck,SC3013,4,SR 3.6,SR,SR 3.6,3,0.4751,0.869106,Deterministic output
shellcheck,SC3013,5,SR 3.3,SR,SR 3.3,3,0.470687,0.825628,Security functionality verification
shellcheck,SC3013,6,SR 1.5 RE 1,RE,SR 1.5,1,0.464006,0.763192,Hardware security for software process identity credentials
shellcheck,SC3013,7,SR 3.2,SR,SR 3.2,3,0.463553,0.759103,Malicious code protection
shellcheck,SC3013,8,SR 1.11,SR,SR 1.11,1,0.46039,0.731051,Unsuccessful login attempts
shellcheck,SC3013,9,SR 3.2 RE 1,RE,SR 3.2,3,0.46003,0.727917,Malicious code protection on entry and exit points
shellcheck,SC3013,10,SR 5.2 RE 3,RE,SR 5.2,5,0.459985,0.727525,Fail close
shellcheck,SC3014,1,SR 3.7,SR,SR 3.7,3,0.471792,1.0,Error handling
shellcheck,SC3014,2,SR 3.6,SR,SR 3.6,3,0.467387,0.949717,Deterministic output
shellcheck,SC3014,3,SR 3.5,SR,SR 3.5,3,0.46553,0.929145,Input validation
shellcheck,SC3014,4,SR 5.2 RE 3,RE,SR 5.2,5,0.461756,0.88847,Fail close
shellcheck,SC3014,5,SR 3.3,SR,SR 3.3,3,0.455502,0.824269,Security functionality verification
shellcheck,SC3014,6,SR 1.4,SR,SR 1.4,1,0.443281,0.709752,Identifier management
shellcheck,SC3014,7,SR 2.12 RE 1,RE,SR 2.12,2,0.44324,0.709393,Non-repudiation for all users
shellcheck,SC3014,8,SR 7.3,SR,SR 7.3,7,0.443209,0.709122,Control system backup
shellcheck,SC3014,9,SR 1.11,SR,SR 1.11,1,0.442405,0.702075,Unsuccessful login attempts
shellcheck,SC3014,10,SR 7.1,SR,SR 7.1,7,0.441347,0.692892,Denial of service protection
shellcheck,SC3015,1,SR 3.5,SR,SR 3.5,3,0.508628,1.0,Input validation
shellcheck,SC3015,2,SR 3.2 RE 1,RE,SR 3.2,3,0.501473,0.925038,Malicious code protection on entry and exit points
shellcheck,SC3015,3,SR 3.7,SR,SR 3.7,3,0.497749,0.887886,Error handling
shellcheck,SC3015,4,SR 3.3,SR,SR 3.3,3,0.494408,0.855592,Security functionality verification
shellcheck,SC3015,5,SR 3.2,SR,SR 3.2,3,0.491636,0.829541,Malicious code protection
shellcheck,SC3015,6,SR 1.5 RE 1,RE,SR 1.5,1,0.489727,0.811979,Hardware security for software process identity credentials
shellcheck,SC3015,7,SR 2.12 RE 1,RE,SR 2.12,2,0.483038,0.752832,Non-repudiation for all users
shellcheck,SC3015,8,SR 1.2,SR,SR 1.2,1,0.478851,0.717635,Software process and device identification and authentication
shellcheck,SC3015,9,SR 1.4,SR,SR 1.4,1,0.477753,0.708623,Identifier management
shellcheck,SC3016,1,SR 2.12 RE 1,RE,SR 2.12,2,0.519833,1.0,Non-repudiation for all users
shellcheck,SC3016,2,SR 3.6,SR,SR 3.6,3,0.51163,0.916238,Deterministic output
shellcheck,SC3016,3,SR 4.2 RE 1,RE,SR 4.2,4,0.506649,0.868236,Purging of shared memory resources
shellcheck,SC3016,4,SR 1.13,SR,SR 1.13,1,0.504888,0.851768,Access via untrusted networks
shellcheck,SC3016,5,SR 3.7,SR,SR 3.7,3,0.50267,0.831393,Error handling
shellcheck,SC3016,6,SR 2.12,SR,SR 2.12,2,0.495471,0.767976,Non-repudiation
shellcheck,SC3016,7,SR 7.1,SR,SR 7.1,7,0.488264,0.708519,Denial of service protection
shellcheck,SC3016,8,SR 1.1 RE 2,RE,SR 1.1,1,0.486952,0.698108,Multifactor authentication for untrusted networks
shellcheck,SC3016,9,SR 4.1 RE 1,RE,SR 4.1,4,0.484779,0.681143,Protection of confidentiality at rest or in transit via untrusted networks
shellcheck,SC3017,1,SR 3.7,SR,SR 3.7,3,0.498623,1.0,Error handling
shellcheck,SC3017,2,SR 3.6,SR,SR 3.6,3,0.49604,0.971843,Deterministic output
shellcheck,SC3017,3,SR 2.12 RE 1,RE,SR 2.12,2,0.489712,0.905582,Non-repudiation for all users
shellcheck,SC3017,4,SR 7.1,SR,SR 7.1,7,0.475883,0.773579,Denial of service protection
shellcheck,SC3017,5,SR 3.2 RE 1,RE,SR 3.2,3,0.475521,0.770345,Malicious code protection on entry and exit points
shellcheck,SC3017,6,SR 7.3,SR,SR 7.3,7,0.470293,0.724902,Control system backup
shellcheck,SC3017,7,SR 7.3 RE 1,RE,SR 7.3,7,0.468723,0.711693,Backup verification
shellcheck,SC3017,8,SR 7.5,SR,SR 7.5,7,0.46512,0.682122,Emergency power
shellcheck,SC3018,1,SR 3.5,SR,SR 3.5,3,0.471127,1.0,Input validation
shellcheck,SC3018,2,SR 1.4,SR,SR 1.4,1,0.470133,0.988446,Identifier management
shellcheck,SC3018,3,SR 3.7,SR,SR 3.7,3,0.468322,0.967686,Error handling
shellcheck,SC3018,4,SR 7.1 RE 1,RE,SR 7.1,7,0.461942,0.897375,Manage communication loads
shellcheck,SC3018,5,SR 4.2 RE 1,RE,SR 4.2,4,0.460914,0.886438,Purging of shared memory resources
shellcheck,SC3018,6,SR 5.2 RE 3,RE,SR 5.2,5,0.457306,0.848943,Fail close
shellcheck,SC3018,7,SR 4.2,SR,SR 4.2,4,0.454747,0.823145,Information persistence
shellcheck,SC3018,8,SR 1.5 RE 1,RE,SR 1.5,1,0.449118,0.768643,Hardware security for software process identity credentials
shellcheck,SC3018,9,SR 3.3,SR,SR 3.3,3,0.446127,0.740906,Security functionality verification
shellcheck,SC3018,10,SR 2.12 RE 1,RE,SR 2.12,2,0.445447,0.734713,Non-repudiation for all users
shellcheck,SC3019,1,SR 3.7,SR,SR 3.7,3,0.482814,1.0,Error handling
shellcheck,SC3020,1,SR 5.2 RE 3,RE,SR 5.2,5,0.50461,1.0,Fail close
shellcheck,SC3020,2,SR 3.7,SR,SR 3.7,3,0.492659,0.876492,Error handling
shellcheck,SC3020,3,SR 3.3,SR,SR 3.3,3,0.487181,0.824208,Security functionality verification
shellcheck,SC3020,4,SR 5.2 RE 2,RE,SR 5.2,5,0.48704,0.8229,Island mode
shellcheck,SC3020,5,SR 3.2 RE 1,RE,SR 3.2,3,0.483849,0.793678,Malicious code protection on entry and exit points
shellcheck,SC3020,6,SR 7.1,SR,SR 7.1,7,0.47536,0.72005,Denial of service protection
shellcheck,SC3020,7,SR 7.7,SR,SR 7.7,7,0.474501,0.712929,Least functionality
shellcheck,SC3020,8,SR 7.6 RE 1,RE,SR 7.6,7,0.473398,0.703861,Machine-readable reporting of current security settings
shellcheck,SC3020,9,SR 7.1 RE 1,RE,SR 7.1,7,0.471484,0.688347,Manage communication loads
shellcheck,SC3021,1,SR 7.3,SR,SR 7.3,7,0.50939,1.0,Control system backup
shellcheck,SC3021,2,SR 5.2 RE 3,RE,SR 5.2,5,0.507099,0.975512,Fail close
shellcheck,SC3021,3,SR 1.4,SR,SR 1.4,1,0.5011,0.913711,Identifier management
shellcheck,SC3021,4,SR 3.7,SR,SR 3.7,3,0.486607,0.777503,Error handling
shellcheck,SC3021,5,SR 3.6,SR,SR 3.6,3,0.482382,0.741095,Deterministic output
shellcheck,SC3022,1,SR 1.4,SR,SR 1.4,1,0.51272,1.0,Identifier management
shellcheck,SC3022,2,SR 7.3,SR,SR 7.3,7,0.501676,0.88713,Control system backup
shellcheck,SC3022,3,SR 3.7,SR,SR 3.7,3,0.497937,0.851372,Error handling
shellcheck,SC3022,4,SR 3.6,SR,SR 3.6,3,0.494225,0.817045,Deterministic output
shellcheck,SC3022,5,SR 3.2 RE 1,RE,SR 3.2,3,0.489831,0.777884,Malicious code protection on entry and exit points
shellcheck,SC3022,6,SR 1.2,SR,SR 1.2,1,0.489531,0.775268,Software process and device identification and authentication
shellcheck,SC3022,7,SR 5.2 RE 3,RE,SR 5.2,5,0.489475,0.774774,Fail close
shellcheck,SC3022,8,SR 1.5 RE 1,RE,SR 1.5,1,0.488461,0.765992,Hardware security for software process identity credentials
shellcheck,SC3022,9,SR 7.6 RE 1,RE,SR 7.6,7,0.484914,0.735888,Machine-readable reporting of current security settings
shellcheck,SC3022,10,SR 3.2,SR,SR 3.2,3,0.48239,0.715074,Malicious code protection
shellcheck,SC3023,1,SR 3.7,SR,SR 3.7,3,0.513062,1.0,Error handling
shellcheck,SC3023,2,SR 5.2 RE 3,RE,SR 5.2,5,0.512725,0.996392,Fail close
shellcheck,SC3023,3,SR 3.3,SR,SR 3.3,3,0.506291,0.929531,Security functionality verification
shellcheck,SC3023,4,SR 1.11,SR,SR 1.11,1,0.499583,0.86379,Unsuccessful login attempts
shellcheck,SC3023,5,SR 3.6,SR,SR 3.6,3,0.490322,0.779312,Deterministic output
shellcheck,SC3023,6,SR 3.5,SR,SR 3.5,3,0.489852,0.775208,Input validation
shellcheck,SC3023,7,SR 7.7,SR,SR 7.7,7,0.485012,0.734012,Least functionality
shellcheck,SC3023,8,SR 7.1,SR,SR 7.1,7,0.482888,0.716503,Denial of service protection
shellcheck,SC3023,9,SR 7.3,SR,SR 7.3,7,0.481282,0.703493,Control system backup
shellcheck,SC3023,10,SR 2.9 RE 1,RE,SR 2.9,2,0.480048,0.693629,Warn when audit record storage capacity threshold reached
shellcheck,SC3024,1,SR 3.7,SR,SR 3.7,3,0.490557,1.0,Error handling
shellcheck,SC3024,2,SR 3.5,SR,SR 3.5,3,0.489022,0.982912,Input validation
shellcheck,SC3024,3,SR 1.4,SR,SR 1.4,1,0.469885,0.789155,Identifier management
shellcheck,SC3024,4,SR 3.3,SR,SR 3.3,3,0.46959,0.78643,Security functionality verification
shellcheck,SC3024,5,SR 5.2 RE 3,RE,SR 5.2,5,0.469189,0.782745,Fail close
shellcheck,SC3024,6,SR 3.2 RE 1,RE,SR 3.2,3,0.465415,0.748733,Malicious code protection on entry and exit points
shellcheck,SC3024,7,SR 2.12 RE 1,RE,SR 2.12,2,0.462115,0.719995,Non-repudiation for all users
shellcheck,SC3024,8,SR 3.2,SR,SR 3.2,3,0.458755,0.691674,Malicious code protection
shellcheck,SC3025,1,SR 7.1 RE 1,RE,SR 7.1,7,0.530801,1.0,Manage communication loads
shellcheck,SC3025,2,SR 7.1,SR,SR 7.1,7,0.530397,0.995817,Denial of service protection
shellcheck,SC3025,3,SR 3.7,SR,SR 3.7,3,0.530062,0.992361,Error handling
shellcheck,SC3025,4,SR 7.7,SR,SR 7.7,7,0.514152,0.839224,Least functionality
shellcheck,SC3025,5,SR 7.1 RE 2,RE,SR 7.1,7,0.513623,0.834487,Limit DoS effects to other systems or networks
shellcheck,SC3025,6,SR 5.2 RE 1,RE,SR 5.2,5,0.513099,0.829815,"Deny by default, allow by exception"
shellcheck,SC3025,7,SR 5.2 RE 3,RE,SR 5.2,5,0.507252,0.779123,Fail close
shellcheck,SC3025,8,SR 3.6,SR,SR 3.6,3,0.50475,0.758215,Deterministic output
shellcheck,SC3025,9,SR 5.2 RE 2,RE,SR 5.2,5,0.500096,0.720558,Island mode
shellcheck,SC3025,10,SR 7.6,SR,SR 7.6,7,0.498646,0.709139,Network and security configuration settings
shellcheck,SC3026,1,SR 3.5,SR,SR 3.5,3,0.479344,1.0,Input validation
shellcheck,SC3026,2,SR 2.11,SR,SR 2.11,2,0.478942,0.995391,Timestamps
shellcheck,SC3026,3,SR 2.9 RE 1,RE,SR 2.9,2,0.474738,0.948275,Warn when audit record storage capacity threshold reached
shellcheck,SC3026,4,SR 3.2 RE 1,RE,SR 3.2,3,0.459614,0.793599,Malicious code protection on entry and exit points
shellcheck,SC3026,5,SR 5.2 RE 3,RE,SR 5.2,5,0.45873,0.785244,Fail close
shellcheck,SC3026,6,SR 7.3,SR,SR 7.3,7,0.452579,0.729051,Control system backup
shellcheck,SC3026,7,SR 3.7,SR,SR 3.7,3,0.451786,0.722056,Error handling
shellcheck,SC3026,8,SR 1.4,SR,SR 1.4,1,0.449554,0.702648,Identifier management
shellcheck,SC3026,9,SR 3.2,SR,SR 3.2,3,0.449452,0.701777,Malicious code protection
shellcheck,SC3028,1,SR 3.8 RE 3,RE,SR 3.8,3,0.519111,1.0,Randomness of session IDs
shellcheck,SC3028,2,SR 3.7,SR,SR 3.7,3,0.498058,0.796357,Error handling
shellcheck,SC3028,3,SR 3.6,SR,SR 3.6,3,0.489497,0.723924,Deterministic output
shellcheck,SC3029,1,SR 3.5,SR,SR 3.5,3,0.475011,1.0,Input validation
shellcheck,SC3029,2,SR 5.2 RE 3,RE,SR 5.2,5,0.472384,0.969953,Fail close
shellcheck,SC3029,3,SR 2.1 RE 4,RE,SR 2.1,2,0.471077,0.955292,Dual approval
shellcheck,SC3029,4,SR 3.2 RE 1,RE,SR 3.2,3,0.46119,0.850098,Malicious code protection on entry and exit points
shellcheck,SC3029,5,SR 2.11 RE 1,RE,SR 2.11,2,0.461099,0.849173,Internal time synchronization
shellcheck,SC3029,6,SR 3.6,SR,SR 3.6,3,0.455995,0.798752,Deterministic output
shellcheck,SC3029,7,SR 3.3,SR,SR 3.3,3,0.452299,0.763782,Security functionality verification
shellcheck,SC3029,8,SR 5.2 RE 2,RE,SR 5.2,5,0.446604,0.712366,Island mode
shellcheck,SC3029,9,SR 2.11,SR,SR 2.11,2,0.443808,0.688178,Timestamps
shellcheck,SC3029,10,SR 2.12 RE 1,RE,SR 2.12,2,0.443548,0.685966,Non-repudiation for all users
shellcheck,SC3030,1,SR 3.5,SR,SR 3.5,3,0.514245,1.0,Input validation
shellcheck,SC3030,2,SR 3.6,SR,SR 3.6,3,0.507005,0.924981,Deterministic output
shellcheck,SC3030,3,SR 7.1 RE 1,RE,SR 7.1,7,0.495366,0.814062,Manage communication loads
shellcheck,SC3030,4,SR 1.4,SR,SR 1.4,1,0.494793,0.808899,Identifier management
shellcheck,SC3030,5,SR 3.7,SR,SR 3.7,3,0.494061,0.80234,Error handling
shellcheck,SC3030,6,SR 4.2 RE 1,RE,SR 4.2,4,0.481293,0.694735,Purging of shared memory resources
shellcheck,SC3031,1,SR 3.2 RE 1,RE,SR 3.2,3,0.51448,1.0,Malicious code protection on entry and exit points
shellcheck,SC3031,2,SR 2.11,SR,SR 2.11,2,0.512282,0.976726,Timestamps
shellcheck,SC3031,3,SR 2.9 RE 1,RE,SR 2.9,2,0.497605,0.832415,Warn when audit record storage capacity threshold reached
shellcheck,SC3031,4,SR 7.3,SR,SR 7.3,7,0.495757,0.815553,Control system backup
shellcheck,SC3031,5,SR 5.2 RE 3,RE,SR 5.2,5,0.49572,0.815213,Fail close
shellcheck,SC3031,6,SR 1.11,SR,SR 1.11,1,0.494507,0.804309,Unsuccessful login attempts
shellcheck,SC3031,7,SR 2.11 RE 2,RE,SR 2.11,2,0.493903,0.798917,Protection of time source integrity
shellcheck,SC3031,8,SR 3.7,SR,SR 3.7,3,0.485792,0.729376,Error handling
shellcheck,SC3031,9,SR 2.8 RE 1,RE,SR 2.8,2,0.485605,0.727831,"Centrally managed, system-wide audit trail"
shellcheck,SC3031,10,SR 2.9,SR,SR 2.9,2,0.481621,0.69559,Audit storage capacity
shellcheck,SC3032,1,SR 3.7,SR,SR 3.7,3,0.50809,1.0,Error handling
shellcheck,SC3033,1,SR 5.2 RE 3,RE,SR 5.2,5,0.533791,1.0,Fail close
shellcheck,SC3033,2,SR 3.3,SR,SR 3.3,3,0.524798,0.910785,Security functionality verification
shellcheck,SC3033,3,SR 3.2 RE 1,RE,SR 3.2,3,0.501074,0.706185,Malicious code protection on entry and exit points
shellcheck,SC3033,4,SR 3.7,SR,SR 3.7,3,0.49954,0.694374,Error handling
shellcheck,SC3033,5,SR 7.7,SR,SR 7.7,7,0.499094,0.690974,Least functionality
shellcheck,SC3034,1,SR 3.5,SR,SR 3.5,3,0.503162,1.0,Input validation
shellcheck,SC3034,2,SR 3.7,SR,SR 3.7,3,0.500382,0.969986,Error handling
shellcheck,SC3034,3,SR 7.3,SR,SR 7.3,7,0.492882,0.892672,Control system backup
shellcheck,SC3034,4,SR 4.2,SR,SR 4.2,4,0.482484,0.793894,Information persistence
shellcheck,SC3034,5,SR 4.2 RE 1,RE,SR 4.2,4,0.477795,0.752377,Purging of shared memory resources
shellcheck,SC3034,6,SR 2.11,SR,SR 2.11,2,0.475873,0.735884,Timestamps
shellcheck,SC3034,7,SR 3.4,SR,SR 3.4,3,0.472445,0.707195,Software and information integrity
shellcheck,SC3034,8,SR 2.9 RE 1,RE,SR 2.9,2,0.470513,0.691437,Warn when audit record storage capacity threshold reached
shellcheck,SC3034,9,SR 5.2 RE 3,RE,SR 5.2,5,0.46994,0.686811,Fail close
shellcheck,SC3035,1,SR 3.7,SR,SR 3.7,3,0.469833,1.0,Error handling
shellcheck,SC3035,2,SR 7.3,SR,SR 7.3,7,0.469204,0.99266,Control system backup
shellcheck,SC3035,3,SR 3.6,SR,SR 3.6,3,0.454078,0.82895,Deterministic output
shellcheck,SC3035,4,SR 5.2 RE 3,RE,SR 5.2,5,0.452505,0.813274,Fail close
shellcheck,SC3035,5,SR 3.3,SR,SR 3.3,3,0.449269,0.781803,Security functionality verification
shellcheck,SC3035,6,SR 3.2 RE 1,RE,SR 3.2,3,0.446215,0.753014,Malicious code protection on entry and exit points
shellcheck,SC3035,7,SR 3.5,SR,SR 3.5,3,0.443771,0.730606,Input validation
shellcheck,SC3035,8,SR 2.9 RE 1,RE,SR 2.9,2,0.441127,0.706983,Warn when audit record storage capacity threshold reached
shellcheck,SC3035,9,SR 2.11,SR,SR 2.11,2,0.439753,0.694956,Timestamps
shellcheck,SC3035,10,SR 4.2,SR,SR 4.2,4,0.439207,0.690227,Information persistence
shellcheck,SC3036,1,SR 1.4,SR,SR 1.4,1,0.510937,1.0,Identifier management
shellcheck,SC3036,2,SR 1.11,SR,SR 1.11,1,0.497187,0.860676,Unsuccessful login attempts
shellcheck,SC3036,3,SR 2.12 RE 1,RE,SR 2.12,2,0.496077,0.85016,Non-repudiation for all users
shellcheck,SC3036,4,SR 7.3,SR,SR 7.3,7,0.483572,0.73878,Control system backup
shellcheck,SC3036,5,SR 3.7,SR,SR 3.7,3,0.480574,0.713939,Error handling
shellcheck,SC3036,6,SR 1.7 RE 1,RE,SR 1.7,1,0.480569,0.713896,Password generation and lifetime restrictions for human users
shellcheck,SC3036,7,SR 1.5 RE 1,RE,SR 1.5,1,0.477234,0.687074,Hardware security for software process identity credentials
shellcheck,SC3037,1,SR 3.7,SR,SR 3.7,3,0.490314,1.0,Error handling
shellcheck,SC3037,2,SR 3.6,SR,SR 3.6,3,0.465249,0.749311,Deterministic output
shellcheck,SC3037,3,SR 3.2 RE 1,RE,SR 3.2,3,0.461987,0.720863,Malicious code protection on entry and exit points
shellcheck,SC3037,4,SR 5.2 RE 3,RE,SR 5.2,5,0.461877,0.719923,Fail close
shellcheck,SC3037,5,SR 7.7,SR,SR 7.7,7,0.45763,0.684257,Least functionality
shellcheck,SC3038,1,SR 3.7,SR,SR 3.7,3,0.513096,1.0,Error handling
shellcheck,SC3038,2,SR 7.3,SR,SR 7.3,7,0.48002,0.69316,Control system backup
shellcheck,SC3038,3,SR 4.2,SR,SR 4.2,4,0.479711,0.690707,Information persistence
shellcheck,SC3038,4,SR 3.2 RE 1,RE,SR 3.2,3,0.479392,0.688181,Malicious code protection on entry and exit points
shellcheck,SC3039,1,SR 3.5,SR,SR 3.5,3,0.47008,1.0,Input validation
shellcheck,SC3039,2,SR 2.12 RE 1,RE,SR 2.12,2,0.4531,0.81682,Non-repudiation for all users
shellcheck,SC3039,3,SR 3.3,SR,SR 3.3,3,0.44774,0.765069,Security functionality verification
shellcheck,SC3039,4,SR 3.7,SR,SR 3.7,3,0.446092,0.749704,Error handling
shellcheck,SC3039,5,SR 3.6,SR,SR 3.6,3,0.44279,0.719691,Deterministic output
shellcheck,SC3039,6,SR 7.7,SR,SR 7.7,7,0.441746,0.710403,Least functionality
shellcheck,SC3040,1,SR 5.2 RE 3,RE,SR 5.2,5,0.6066,1.0,Fail close
shellcheck,SC3041,1,SR 3.7,SR,SR 3.7,3,0.489514,1.0,Error handling
shellcheck,SC3041,2,SR 3.6,SR,SR 3.6,3,0.487043,0.972544,Deterministic output
shellcheck,SC3041,3,SR 3.2 RE 1,RE,SR 3.2,3,0.473345,0.831315,Malicious code protection on entry and exit points
shellcheck,SC3041,4,SR 1.11,SR,SR 1.11,1,0.472091,0.819277,Unsuccessful login attempts
shellcheck,SC3041,5,SR 2.12 RE 1,RE,SR 2.12,2,0.468709,0.787511,Non-repudiation for all users
shellcheck,SC3041,6,SR 7.5,SR,SR 7.5,7,0.468172,0.782563,Emergency power
shellcheck,SC3041,7,SR 1.5 RE 1,RE,SR 1.5,1,0.464529,0.74965,Hardware security for software process identity credentials
shellcheck,SC3041,8,SR 7.7,SR,SR 7.7,7,0.463455,0.74017,Least functionality
shellcheck,SC3041,9,SR 5.2 RE 2,RE,SR 5.2,5,0.461893,0.726551,Island mode
shellcheck,SC3041,10,SR 7.1,SR,SR 7.1,7,0.461453,0.722759,Denial of service protection
shellcheck,SC3042,1,SR 3.6,SR,SR 3.6,3,0.482972,1.0,Deterministic output
shellcheck,SC3042,2,SR 7.5,SR,SR 7.5,7,0.479989,0.966501,Emergency power
shellcheck,SC3042,3,SR 5.2 RE 1,RE,SR 5.2,5,0.478448,0.949552,"Deny by default, allow by exception"
shellcheck,SC3042,4,SR 7.6,SR,SR 7.6,7,0.476921,0.933006,Network and security configuration settings
shellcheck,SC3042,5,SR 1.11,SR,SR 1.11,1,0.475916,0.922243,Unsuccessful login attempts
shellcheck,SC3042,6,SR 7.7,SR,SR 7.7,7,0.473669,0.898543,Least functionality
shellcheck,SC3042,7,SR 3.7,SR,SR 3.7,3,0.473503,0.896815,Error handling
shellcheck,SC3042,8,SR 7.1,SR,SR 7.1,7,0.473319,0.894908,Denial of service protection
shellcheck,SC3042,9,SR 2.11 RE 1,RE,SR 2.11,2,0.469808,0.858996,Internal time synchronization
shellcheck,SC3042,10,SR 3.2 RE 1,RE,SR 3.2,3,0.46777,0.838704,Malicious code protection on entry and exit points
shellcheck,SC3043,1,SR 5.2 RE 3,RE,SR 5.2,5,0.489128,1.0,Fail close
shellcheck,SC3043,2,SR 3.5,SR,SR 3.5,3,0.485867,0.963885,Input validation
shellcheck,SC3043,3,SR 7.3,SR,SR 7.3,7,0.48413,0.945078,Control system backup
shellcheck,SC3043,4,SR 3.7,SR,SR 3.7,3,0.475402,0.855096,Error handling
shellcheck,SC3043,5,SR 3.3,SR,SR 3.3,3,0.4739,0.840341,Security functionality verification
shellcheck,SC3043,6,SR 1.4,SR,SR 1.4,1,0.471733,0.819425,Identifier management
shellcheck,SC3043,7,SR 4.2 RE 1,RE,SR 4.2,4,0.470419,0.80695,Purging of shared memory resources
shellcheck,SC3043,8,SR 2.11 RE 1,RE,SR 2.11,2,0.469706,0.800239,Internal time synchronization
shellcheck,SC3043,9,SR 7.7,SR,SR 7.7,7,0.466382,0.769587,Least functionality
shellcheck,SC3043,10,SR 3.2 RE 1,RE,SR 3.2,3,0.464515,0.752795,Malicious code protection on entry and exit points
shellcheck,SC3044,1,SR 7.7,SR,SR 7.7,7,0.50414,1.0,Least functionality
shellcheck,SC3044,2,SR 3.5,SR,SR 3.5,3,0.497182,0.926409,Input validation
shellcheck,SC3044,3,SR 4.2,SR,SR 4.2,4,0.4937,0.891291,Information persistence
shellcheck,SC3044,4,SR 1.13 RE 1,RE,SR 1.13,1,0.493044,0.884791,Explicit access request approval
shellcheck,SC3044,5,SR 3.6,SR,SR 3.6,3,0.492185,0.876344,Deterministic output
shellcheck,SC3044,6,SR 5.2 RE 3,RE,SR 5.2,5,0.490162,0.856721,Fail close
shellcheck,SC3044,7,SR 5.2 RE 2,RE,SR 5.2,5,0.487742,0.83371,Island mode
shellcheck,SC3044,8,SR 3.7,SR,SR 3.7,3,0.484748,0.805951,Error handling
shellcheck,SC3044,9,SR 1.4,SR,SR 1.4,1,0.481581,0.777412,Identifier management
shellcheck,SC3044,10,SR 2.3,SR,SR 2.3,2,0.480502,0.767884,Use control for portable and mobile devices
shellcheck,SC3045,1,SR 7.7,SR,SR 7.7,7,0.52056,1.0,Least functionality
shellcheck,SC3045,2,SR 3.7,SR,SR 3.7,3,0.512532,0.91807,Error handling
shellcheck,SC3045,3,SR 2.12 RE 1,RE,SR 2.12,2,0.508005,0.874352,Non-repudiation for all users
shellcheck,SC3045,4,SR 1.11,SR,SR 1.11,1,0.507808,0.872493,Unsuccessful login attempts
shellcheck,SC3045,5,SR 5.2 RE 3,RE,SR 5.2,5,0.500635,0.806825,Fail close
shellcheck,SC3045,6,SR 3.3,SR,SR 3.3,3,0.498154,0.78508,Security functionality verification
shellcheck,SC3045,7,SR 4.2 RE 1,RE,SR 4.2,4,0.497107,0.776049,Purging of shared memory resources
shellcheck,SC3045,8,SR 3.2 RE 1,RE,SR 3.2,3,0.489754,0.714978,Malicious code protection on entry and exit points
shellcheck,SC3045,9,SR 3.5,SR,SR 3.5,3,0.489558,0.713404,Input validation
shellcheck,SC3046,1,SR 2.11 RE 2,RE,SR 2.11,2,0.454103,1.0,Protection of time source integrity
shellcheck,SC3046,2,SR 3.7,SR,SR 3.7,3,0.448776,0.937159,Error handling
shellcheck,SC3046,3,SR 3.5,SR,SR 3.5,3,0.447813,0.926153,Input validation
shellcheck,SC3046,4,SR 3.2 RE 1,RE,SR 3.2,3,0.447303,0.920368,Malicious code protection on entry and exit points
shellcheck,SC3046,5,SR 7.3,SR,SR 7.3,7,0.435578,0.795268,Control system backup
shellcheck,SC3046,6,SR 4.2 RE 1,RE,SR 4.2,4,0.433764,0.777228,Purging of shared memory resources
shellcheck,SC3046,7,SR 1.5 RE 1,RE,SR 1.5,1,0.428837,0.729892,Hardware security for software process identity credentials
shellcheck,SC3046,8,SR 2.11,SR,SR 2.11,2,0.428819,0.729725,Timestamps
shellcheck,SC3046,9,SR 3.2,SR,SR 3.2,3,0.426665,0.709791,Malicious code protection
shellcheck,SC3046,10,SR 3.3,SR,SR 3.3,3,0.425039,0.695039,Security functionality verification
shellcheck,SC3047,1,SR 5.2 RE 3,RE,SR 5.2,5,0.571374,1.0,Fail close
shellcheck,SC3047,2,SR 3.7,SR,SR 3.7,3,0.562472,0.917266,Error handling
shellcheck,SC3048,1,SR 3.7,SR,SR 3.7,3,0.552144,1.0,Error handling
shellcheck,SC3048,2,SR 5.2 RE 3,RE,SR 5.2,5,0.546226,0.942454,Fail close
shellcheck,SC3048,3,SR 3.3,SR,SR 3.3,3,0.524118,0.750879,Security functionality verification
shellcheck,SC3048,4,SR 1.4,SR,SR 1.4,1,0.516944,0.696069,Identifier management
shellcheck,SC3049,1,SR 3.7,SR,SR 3.7,3,0.567859,1.0,Error handling
shellcheck,SC3049,2,SR 5.2 RE 3,RE,SR 5.2,5,0.545123,0.798725,Fail close
shellcheck,SC3049,3,SR 7.7,SR,SR 7.7,7,0.535954,0.727575,Least functionality
shellcheck,SC3049,4,SR 3.2 RE 1,RE,SR 3.2,3,0.530229,0.68584,Malicious code protection on entry and exit points
shellcheck,SC3050,1,SR 7.6 RE 1,RE,SR 7.6,7,0.494463,1.0,Machine-readable reporting of current security settings
shellcheck,SC3050,2,SR 5.2 RE 3,RE,SR 5.2,5,0.492838,0.982061,Fail close
shellcheck,SC3050,3,SR 3.6,SR,SR 3.6,3,0.491407,0.966478,Deterministic output
shellcheck,SC3050,4,SR 4.1 RE 1,RE,SR 4.1,4,0.490678,0.958627,Protection of confidentiality at rest or in transit via untrusted networks
shellcheck,SC3050,5,SR 3.2 RE 1,RE,SR 3.2,3,0.488932,0.940014,Malicious code protection on entry and exit points
shellcheck,SC3050,6,SR 2.6,SR,SR 2.6,2,0.488132,0.931586,Remote session termination
shellcheck,SC3050,7,SR 1.7 RE 1,RE,SR 1.7,1,0.486357,0.913104,Password generation and lifetime restrictions for human users
shellcheck,SC3050,8,SR 1.5 RE 1,RE,SR 1.5,1,0.485889,0.908279,Hardware security for software process identity credentials
shellcheck,SC3050,9,SR 3.7,SR,SR 3.7,3,0.480689,0.856088,Error handling
shellcheck,SC3050,10,SR 7.1,SR,SR 7.1,7,0.47777,0.827886,Denial of service protection
shellcheck,SC3051,1,SR 3.7,SR,SR 3.7,3,0.465571,1.0,Error handling
shellcheck,SC3051,2,SR 3.2 RE 1,RE,SR 3.2,3,0.459305,0.928182,Malicious code protection on entry and exit points
shellcheck,SC3051,3,SR 2.11 RE 2,RE,SR 2.11,2,0.456567,0.898148,Protection of time source integrity
shellcheck,SC3051,4,SR 4.2 RE 1,RE,SR 4.2,4,0.451863,0.848425,Purging of shared memory resources
shellcheck,SC3051,5,SR 7.3,SR,SR 7.3,7,0.447492,0.804259,Control system backup
shellcheck,SC3051,6,SR 3.5,SR,SR 3.5,3,0.445062,0.78053,Input validation
shellcheck,SC3051,7,SR 3.2,SR,SR 3.2,3,0.444685,0.776895,Malicious code protection
shellcheck,SC3051,8,SR 3.6,SR,SR 3.6,3,0.443098,0.76177,Deterministic output
shellcheck,SC3051,9,SR 3.3,SR,SR 3.3,3,0.441787,0.749456,Security functionality verification
shellcheck,SC3051,10,SR 2.11,SR,SR 2.11,2,0.440411,0.736709,Timestamps
shellcheck,SC3052,1,SR 3.7,SR,SR 3.7,3,0.485951,1.0,Error handling
shellcheck,SC3052,2,SR 3.3,SR,SR 3.3,3,0.472781,0.859744,Security functionality verification
shellcheck,SC3052,3,SR 3.5,SR,SR 3.5,3,0.471445,0.846466,Input validation
shellcheck,SC3052,4,SR 1.5 RE 1,RE,SR 1.5,1,0.459495,0.734993,Hardware security for software process identity credentials
shellcheck,SC3052,5,SR 2.11 RE 1,RE,SR 2.11,2,0.453152,0.680895,Internal time synchronization
shellcheck,SC3053,1,SR 3.7,SR,SR 3.7,3,0.459807,1.0,Error handling
shellcheck,SC3053,2,SR 5.2 RE 3,RE,SR 5.2,5,0.458471,0.984125,Fail close
shellcheck,SC3053,3,SR 3.5,SR,SR 3.5,3,0.45278,0.918784,Input validation
shellcheck,SC3053,4,SR 1.4,SR,SR 1.4,1,0.443957,0.824535,Identifier management
shellcheck,SC3053,5,SR 5.2 RE 2,RE,SR 5.2,5,0.443809,0.823025,Island mode
shellcheck,SC3053,6,SR 1.13 RE 1,RE,SR 1.13,1,0.440802,0.792817,Explicit access request approval
shellcheck,SC3053,7,SR 5.2 RE 1,RE,SR 5.2,5,0.439161,0.776718,"Deny by default, allow by exception"
shellcheck,SC3053,8,SR 3.2 RE 1,RE,SR 3.2,3,0.437935,0.764871,Malicious code protection on entry and exit points
shellcheck,SC3053,9,SR 3.6,SR,SR 3.6,3,0.437911,0.764639,Deterministic output
shellcheck,SC3053,10,SR 7.3,SR,SR 7.3,7,0.434904,0.736208,Control system backup
shellcheck,SC3054,1,SR 3.6,SR,SR 3.6,3,0.480315,1.0,Deterministic output
shellcheck,SC3054,2,SR 3.5,SR,SR 3.5,3,0.478953,0.984505,Input validation
shellcheck,SC3054,3,SR 1.4,SR,SR 1.4,1,0.475082,0.941533,Identifier management
shellcheck,SC3054,4,SR 4.2 RE 1,RE,SR 4.2,4,0.474445,0.934604,Purging of shared memory resources
shellcheck,SC3054,5,SR 3.7,SR,SR 3.7,3,0.461831,0.805871,Error handling
shellcheck,SC3054,6,SR 5.2 RE 3,RE,SR 5.2,5,0.450029,0.698925,Fail close
shellcheck,SC3054,7,SR 7.1 RE 1,RE,SR 7.1,7,0.448677,0.687452,Manage communication loads
shellcheck,SC3055,1,SR 3.6,SR,SR 3.6,3,0.475225,1.0,Deterministic output
shellcheck,SC3055,2,SR 3.3,SR,SR 3.3,3,0.468422,0.923755,Security functionality verification
shellcheck,SC3055,3,SR 2.9 RE 1,RE,SR 2.9,2,0.467949,0.918638,Warn when audit record storage capacity threshold reached
shellcheck,SC3055,4,SR 1.5 RE 1,RE,SR 1.5,1,0.466793,0.906227,Hardware security for software process identity credentials
shellcheck,SC3055,5,SR 3.2 RE 1,RE,SR 3.2,3,0.466723,0.905481,Malicious code protection on entry and exit points
shellcheck,SC3055,6,SR 1.7 RE 1,RE,SR 1.7,1,0.465203,0.889386,Password generation and lifetime restrictions for human users
shellcheck,SC3055,7,SR 1.11,SR,SR 1.11,1,0.459692,0.832955,Unsuccessful login attempts
shellcheck,SC3055,8,SR 2.11,SR,SR 2.11,2,0.459502,0.831059,Timestamps
shellcheck,SC3055,9,SR 4.2 RE 1,RE,SR 4.2,4,0.458055,0.816776,Purging of shared memory resources
shellcheck,SC3055,10,SR 3.7,SR,SR 3.7,3,0.455137,0.788558,Error handling
shellcheck,SC3056,1,SR 1.5 RE 1,RE,SR 1.5,1,0.503526,1.0,Hardware security for software process identity credentials
shellcheck,SC3056,2,SR 1.4,SR,SR 1.4,1,0.498926,0.950773,Identifier management
shellcheck,SC3056,3,SR 3.7,SR,SR 3.7,3,0.493152,0.89181,Error handling
shellcheck,SC3056,4,SR 2.4 RE 1,RE,SR 2.4,2,0.490179,0.862638,Mobile code integrity check
shellcheck,SC3056,5,SR 5.2 RE 3,RE,SR 5.2,5,0.489755,0.858549,Fail close
shellcheck,SC3056,6,SR 2.3 RE 1,RE,SR 2.3,2,0.484295,0.807209,Enforcement of security status of portable and mobile devices
shellcheck,SC3056,7,SR 3.5,SR,SR 3.5,3,0.483268,0.797836,Input validation
shellcheck,SC3056,8,SR 1.2,SR,SR 1.2,1,0.477543,0.74722,Software process and device identification and authentication
shellcheck,SC3056,9,SR 3.3,SR,SR 3.3,3,0.476901,0.74171,Security functionality verification
shellcheck,SC3056,10,SR 1.2 RE 1,RE,SR 1.2,1,0.475853,0.732793,Unique identification and authentication
shellcheck,SC3057,1,SR 1.4,SR,SR 1.4,1,0.499124,1.0,Identifier management
shellcheck,SC3057,2,SR 3.2 RE 1,RE,SR 3.2,3,0.486716,0.870708,Malicious code protection on entry and exit points
shellcheck,SC3057,3,SR 3.5,SR,SR 3.5,3,0.484823,0.852237,Input validation
shellcheck,SC3057,4,SR 2.11 RE 2,RE,SR 2.11,2,0.482473,0.829762,Protection of time source integrity
shellcheck,SC3057,5,SR 1.11,SR,SR 1.11,1,0.481643,0.821945,Unsuccessful login attempts
shellcheck,SC3057,6,SR 2.11,SR,SR 2.11,2,0.476337,0.773365,Timestamps
shellcheck,SC3057,7,SR 1.5 RE 1,RE,SR 1.5,1,0.476236,0.772463,Hardware security for software process identity credentials
shellcheck,SC3057,8,SR 5.2 RE 3,RE,SR 5.2,5,0.475912,0.769574,Fail close
shellcheck,SC3057,9,SR 1.7 RE 1,RE,SR 1.7,1,0.47471,0.758944,Password generation and lifetime restrictions for human users
shellcheck,SC3057,10,SR 2.9 RE 1,RE,SR 2.9,2,0.473256,0.746247,Warn when audit record storage capacity threshold reached
shellcheck,SC3059,1,SR 2.11 RE 2,RE,SR 2.11,2,0.488488,1.0,Protection of time source integrity
shellcheck,SC3059,2,SR 1.5 RE 1,RE,SR 1.5,1,0.48473,0.95841,Hardware security for software process identity credentials
shellcheck,SC3059,3,SR 1.4,SR,SR 1.4,1,0.479924,0.907304,Identifier management
shellcheck,SC3059,4,SR 3.5,SR,SR 3.5,3,0.479902,0.907069,Input validation
shellcheck,SC3059,5,SR 2.12 RE 1,RE,SR 2.12,2,0.47843,0.891871,Non-repudiation for all users
shellcheck,SC3059,6,SR 3.7,SR,SR 3.7,3,0.477343,0.880784,Error handling
shellcheck,SC3059,7,SR 2.11,SR,SR 2.11,2,0.466443,0.775701,Timestamps
shellcheck,SC3059,8,SR 5.2 RE 1,RE,SR 5.2,5,0.46362,0.750234,"Deny by default, allow by exception"
shellcheck,SC3059,9,SR 1.2,SR,SR 1.2,1,0.461589,0.732332,Software process and device identification and authentication
shellcheck,SC3059,10,SR 5.3,SR,SR 5.3,5,0.460087,0.719323,General purpose person-to-person communication restrictions
shellcheck,SC3060,1,SR 3.5,SR,SR 3.5,3,0.486568,1.0,Input validation
shellcheck,SC3060,2,SR 3.7,SR,SR 3.7,3,0.481405,0.943009,Error handling
shellcheck,SC3060,3,SR 3.3,SR,SR 3.3,3,0.475401,0.880117,Security functionality verification
shellcheck,SC3060,4,SR 4.2 RE 1,RE,SR 4.2,4,0.467846,0.805885,Purging of shared memory resources
shellcheck,SC3060,5,SR 3.6,SR,SR 3.6,3,0.46748,0.802428,Deterministic output
shellcheck,SC3060,6,SR 3.2 RE 1,RE,SR 3.2,3,0.46527,0.781784,Malicious code protection on entry and exit points
shellcheck,SC3060,7,SR 7.1,SR,SR 7.1,7,0.464153,0.771512,Denial of service protection
shellcheck,SC3060,8,SR 2.11,SR,SR 2.11,2,0.46406,0.770666,Timestamps
shellcheck,SC3060,9,SR 7.3,SR,SR 7.3,7,0.46146,0.747214,Control system backup
shellcheck,SC3060,10,SR 5.2 RE 3,RE,SR 5.2,5,0.460697,0.740447,Fail close
shellcheck,SC3061,1,SR 4.2,SR,SR 4.2,4,0.511953,1.0,Information persistence
shellcheck,SC3061,2,SR 3.7,SR,SR 3.7,3,0.507021,0.948144,Error handling
shellcheck,SC3061,3,SR 3.6,SR,SR 3.6,3,0.498056,0.859533,Deterministic output
shellcheck,SC3061,4,SR 4.1,SR,SR 4.1,4,0.480164,0.702869,Information confidentiality
shellcheck,SC3061,5,SR 2.12 RE 1,RE,SR 2.12,2,0.479414,0.696855,Non-repudiation for all users
shellcheck,SC3061,6,SR 3.5,SR,SR 3.5,3,0.477526,0.681892,Input validation
shellcheck,SC3062,1,SR 5.2 RE 3,RE,SR 5.2,5,0.535239,1.0,Fail close
shellcheck,SC3062,2,SR 3.3,SR,SR 3.3,3,0.529586,0.943277,Security functionality verification
shellcheck,SC3062,3,SR 2.12 RE 1,RE,SR 2.12,2,0.529364,0.941108,Non-repudiation for all users
shellcheck,SC3062,4,SR 1.11,SR,SR 1.11,1,0.521507,0.866803,Unsuccessful login attempts
shellcheck,SC3062,5,SR 3.7,SR,SR 3.7,3,0.518984,0.84399,Error handling
shellcheck,SC3062,6,SR 5.2 RE 2,RE,SR 5.2,5,0.515354,0.812022,Island mode
shellcheck,SC3062,7,SR 7.1,SR,SR 7.1,7,0.514287,0.802821,Denial of service protection
shellcheck,SC3062,8,SR 3.3 RE 2,RE,SR 3.3,3,0.513804,0.798688,Security functionality verification during normal operation
shellcheck,SC3062,9,SR 3.6,SR,SR 3.6,3,0.513332,0.794657,Deterministic output
shellcheck,SC3062,10,SR 2.12,SR,SR 2.12,2,0.509787,0.76494,Non-repudiation
shellcheck,SC3063,1,SR 2.12 RE 1,RE,SR 2.12,2,0.474995,1.0,Non-repudiation for all users
shellcheck,SC3063,2,SR 3.3,SR,SR 3.3,3,0.473646,0.984479,Security functionality verification
shellcheck,SC3063,3,SR 7.3 RE 1,RE,SR 7.3,7,0.473528,0.98314,Backup verification
shellcheck,SC3063,4,SR 1.5 RE 1,RE,SR 1.5,1,0.473206,0.979466,Hardware security for software process identity credentials
shellcheck,SC3063,5,SR 5.2 RE 3,RE,SR 5.2,5,0.472014,0.965974,Fail close
shellcheck,SC3063,6,SR 2.4 RE 1,RE,SR 2.4,2,0.471903,0.964726,Mobile code integrity check
shellcheck,SC3063,7,SR 1.4,SR,SR 1.4,1,0.467917,0.920746,Identifier management
shellcheck,SC3063,8,SR 3.5,SR,SR 3.5,3,0.465086,0.890519,Input validation
shellcheck,SC3063,9,SR 3.7,SR,SR 3.7,3,0.464297,0.882249,Error handling
shellcheck,SC3063,10,SR 1.13 RE 1,RE,SR 1.13,1,0.458094,0.819334,Explicit access request approval
shellcheck,SC3064,1,SR 3.5,SR,SR 3.5,3,0.501341,1.0,Input validation
shellcheck,SC3064,2,SR 2.9 RE 1,RE,SR 2.9,2,0.492038,0.902111,Warn when audit record storage capacity threshold reached
shellcheck,SC3064,3,SR 3.6,SR,SR 3.6,3,0.490241,0.88413,Deterministic output
shellcheck,SC3064,4,SR 2.12 RE 1,RE,SR 2.12,2,0.488276,0.864819,Non-repudiation for all users
shellcheck,SC3064,5,SR 3.7,SR,SR 3.7,3,0.483927,0.823292,Error handling
shellcheck,SC3064,6,SR 7.1,SR,SR 7.1,7,0.483501,0.819316,Denial of service protection
shellcheck,SC3064,7,SR 1.11,SR,SR 1.11,1,0.472819,0.724581,Unsuccessful login attempts
shellcheck,SC3064,8,SR 2.12,SR,SR 2.12,2,0.470274,0.703389,Non-repudiation
shellcheck,SC3065,1,SR 3.7,SR,SR 3.7,3,0.510666,1.0,Error handling
shellcheck,SC3065,2,SR 4.2 RE 1,RE,SR 4.2,4,0.490441,0.800714,Purging of shared memory resources
shellcheck,SC3065,3,SR 2.12 RE 1,RE,SR 2.12,2,0.488532,0.783723,Non-repudiation for all users
shellcheck,SC3065,4,SR 2.9 RE 1,RE,SR 2.9,2,0.484218,0.746405,Warn when audit record storage capacity threshold reached
shellcheck,SC3065,5,SR 2.4 RE 1,RE,SR 2.4,2,0.483736,0.742326,Mobile code integrity check
shellcheck,SC3065,6,SR 7.7,SR,SR 7.7,7,0.481889,0.726869,Least functionality
shellcheck,SC3065,7,SR 3.6,SR,SR 3.6,3,0.481489,0.723562,Deterministic output
shellcheck,SC3065,8,SR 3.5,SR,SR 3.5,3,0.481002,0.719541,Input validation
shellcheck,SC3065,9,SR 4.2,SR,SR 4.2,4,0.479782,0.709563,Information persistence
shellcheck,SC3066,1,SR 2.12 RE 1,RE,SR 2.12,2,0.501465,1.0,Non-repudiation for all users
shellcheck,SC3066,2,SR 4.2 RE 1,RE,SR 4.2,4,0.496863,0.950556,Purging of shared memory resources
shellcheck,SC3066,3,SR 3.7,SR,SR 3.7,3,0.494465,0.92559,Error handling
shellcheck,SC3066,4,SR 2.9 RE 1,RE,SR 2.9,2,0.490008,0.88063,Warn when audit record storage capacity threshold reached
shellcheck,SC3066,5,SR 2.11,SR,SR 2.11,2,0.47951,0.781736,Timestamps
shellcheck,SC3066,6,SR 4.2,SR,SR 4.2,4,0.476054,0.751249,Information persistence
shellcheck,SC3066,7,SR 2.12,SR,SR 2.12,2,0.475791,0.748973,Non-repudiation
shellcheck,SC3066,8,SR 3.5,SR,SR 3.5,3,0.475765,0.748743,Input validation
shellcheck,SC3066,9,SR 7.1,SR,SR 7.1,7,0.470783,0.706626,Denial of service protection
shellcheck,SC3066,10,SR 2.4 RE 1,RE,SR 2.4,2,0.469219,0.693809,Mobile code integrity check
shellcheck,SC3067,1,SR 2.12 RE 1,RE,SR 2.12,2,0.527235,1.0,Non-repudiation for all users
shellcheck,SC3067,2,SR 7.3,SR,SR 7.3,7,0.493977,0.698815,Control system backup
shellcheck,SC3067,3,SR 2.12,SR,SR 2.12,2,0.492108,0.684397,Non-repudiation
