source,source_id,title,security_relevance,security_category,confidence,security_rationale,caveat,gemini_yes,gemini_maybe,gemini_no,gemini_yes_or_maybe
hadolint,DL1001,Please refrain from using inline ignore pragmas # hadolint ignore=DLxxxx.,non_security,,4,"The rule is primarily focused on code quality and maintenance by preventing the suppression of linting rules, rather than directly addressing a specific security vulnerability.","While suppressing security rules is a security risk, the rule itself is a general-purpose linting enforcement mechanism.",0,3,7,3
hadolint,DL3000,Use absolute WORKDIR.,non_security,,5,"The rule is about path resolution and preventing build-time errors caused by relative path ambiguity, which is a maintenance and reliability concern.",,0,1,9,1
hadolint,DL3001,Command does not make sense in a container.,security_related,secure_configuration,4,"The rule explicitly identifies commands that are dangerous or inappropriate for a container environment, which helps prevent unauthorized host interaction or resource exhaustion.",,1,1,8,2
hadolint,DL3002,Last user should not be root.,security_related,least_privilege,5,"The rule directly enforces the principle of least privilege by requiring that the container process does not run as root, mitigating the impact of potential container escapes or compromises.",,1,0,9,1
hadolint,DL3003,"Use absolute paths, or use WORKDIR to switch to a directory.",non_security,,5,"The rule is focused on best practices for directory navigation and avoiding side effects in Dockerfile instructions, which is a matter of build reliability and maintainability.",,0,0,3,0
hadolint,DL3004,Do not use sudo.,security_related,least_privilege,5,"The use of sudo inside a container often implies running processes with elevated privileges unnecessarily or bypassing the intended container security model, which contradicts the principle of least privilege.",,0,1,3,1
hadolint,DL3005,Do not use apt-get dist-upgrade.,non_security,,4,"The rule focuses on image consistency, reproducibility, and avoiding unpredictable behavior during build time rather than a direct security vulnerability.",,0,2,8,2
hadolint,DL3006,Always tag the version of an image explicitly.,security_related,dependency_supply_chain,4,"Using untagged images (latest) introduces supply chain risks where the underlying image content can change unexpectedly, potentially introducing vulnerabilities or malicious code.",,0,0,10,0
hadolint,DL3007,Using latest is prone to errors if the image will ever update. Pin the version explicitly to a release tag.,security_related,dependency_supply_chain,4,"Pinning versions prevents the silent introduction of vulnerabilities or breaking changes that occur when the 'latest' tag is updated to a new, potentially insecure version.",,0,0,9,0
hadolint,DL3008,Pin versions in apt-get install.,security_related,dependency_supply_chain,4,Pinning package versions ensures that the software stack remains predictable and prevents the accidental installation of vulnerable or untested package versions during the build process.,,0,2,8,2
hadolint,DL3009,Delete the apt-get lists after installing something.,non_security,,5,"The primary objective is to reduce image size by cleaning up temporary package manager files. While smaller images have a minor benefit in reducing attack surface, the intent is optimization and maintenance.",,0,1,1,1
hadolint,DL3010,Use ADD for extracting archives into an image.,non_security,,5,"The rule focuses on transparency and predictability of build instructions (COPY vs ADD). It is a best practice for maintainability and clarity, not a direct security control.",,0,0,1,0
hadolint,DL3011,Valid UNIX ports range from 0 to 65535.,security_related,secure_configuration,4,"Ensuring valid port ranges prevents misconfiguration that could lead to unexpected service behavior or failure to bind to intended network interfaces, which is a component of secure configuration.",,1,0,4,1
hadolint,DL3012,Multiple HEALTHCHECK instructions,non_security,,5,"The rule prevents configuration ambiguity regarding health checks. While health checks are related to availability, this specific rule is about syntax/configuration clarity rather than the security of the health check mechanism itself.",,0,4,5,4
hadolint,DL3013,Pin versions in pip.,security_related,dependency_supply_chain,5,"Pinning versions is a critical security practice to ensure the integrity of the software supply chain, preventing the accidental inclusion of malicious or vulnerable code updates during build time.",,0,1,9,1
hadolint,DL3014,Use the -y switch.,non_security,,5,"The rule is primarily concerned with build automation reliability and preventing build failures due to interactive prompts, rather than security.",,0,0,7,0
hadolint,DL3015,Avoid additional packages by specifying --no-install-recommends.,security_related,secure_configuration,4,"Reducing the number of installed packages minimizes the attack surface of the container image, which is a fundamental secure configuration practice.",,1,1,2,2
hadolint,DL3016,Pin versions in npm.,security_related,dependency_supply_chain,5,Pinning versions is a critical practice for supply chain security to ensure build reproducibility and prevent the accidental introduction of malicious or vulnerable code updates.,,0,1,9,1
hadolint,DL3017,Do not use apk upgrade,security_related,secure_configuration,4,Avoiding unnecessary upgrades in containers prevents unexpected changes to the environment and maintains the integrity of the image configuration as intended by the maintainer.,,0,1,9,1
hadolint,DL3018,Pin versions in apk add,security_related,dependency_supply_chain,5,Pinning versions in package managers is essential for supply chain security to prevent the automatic installation of unverified or potentially compromised package versions.,,0,1,5,1
hadolint,DL3019,Use the --no-cache switch,non_security,,5,"The rule is primarily about optimizing image size and build efficiency by avoiding unnecessary cache files, which is a maintenance and performance concern rather than a security control.",,0,1,9,1
hadolint,DL3020,Use COPY instead of ADD for files and folders,security_related,secure_configuration,3,"ADD has features like automatic tar extraction and remote URL fetching which can introduce security risks (e.g., decompression bombs or unexpected remote content). Using COPY is a safer, more predictable configuration practice.","While primarily a best practice for predictability, it is widely considered a security hardening measure to avoid the side effects of ADD.",0,2,1,2
hadolint,DL3021,COPY with more than 2 arguments requires the last argument to end with /,non_security,,5,"This is a syntax and functional requirement for the Docker COPY command to ensure files are placed in the intended directory, preventing build errors.",,0,0,10,0
hadolint,DL3022,COPY --from should reference a previously defined FROM alias,non_security,,5,This rule enforces correct syntax for multi-stage builds to prevent build-time errors. It does not directly address a security property.,,0,0,10,0
hadolint,DL3023,COPY --from cannot reference its own FROM alias,non_security,,5,This rule prevents a logical error in the Dockerfile syntax during multi-stage builds. It is a functional/syntax check.,,0,0,10,0
hadolint,DL3024,FROM aliases (stage names) must be unique,non_security,,5,"This rule enforces syntax correctness regarding Docker stage names. It is a build-time validation to prevent configuration errors, not a security control.",,0,0,7,0
hadolint,DL3025,Use arguments JSON notation for CMD and ENTRYPOINT arguments,security_related,availability,4,"Using the exec form ensures the application runs as PID 1 and correctly receives Unix signals (like SIGTERM). This is critical for graceful shutdowns and service availability, preventing zombie processes or hung containers.",,1,2,4,3
hadolint,DL3026,Use only an allowed registry in the FROM image,security_related,dependency_supply_chain,5,"This rule enforces the use of trusted registries, which is a fundamental control for supply chain security to prevent the execution of malicious or untrusted container images.",,0,1,1,1
hadolint,DL3027,"Do not use apt as it is meant to be an end-user tool, use apt-get or apt-cache instead.",non_security,,5,"The rule addresses the stability of the interface for package management tools. It is a best practice for build reliability and maintenance, not a security requirement.",,0,0,5,0
hadolint,DL3028,Pin versions in gem install,security_related,dependency_supply_chain,4,"Pinning versions is a standard security practice to ensure the integrity of the software supply chain, preventing the accidental inclusion of compromised or untested package updates.",,0,1,4,1
hadolint,DL3029,Problematic code:,non_security,,5,"The rule addresses build portability and multi-platform image support, which are operational concerns rather than security controls.",,0,0,10,0
hadolint,DL3030,Use the -y switch to avoid manual input yum install -y <package>,non_security,,5,"The rule is intended to prevent build failures caused by interactive prompts in an automated environment, which is a functional/automation concern.",,0,0,4,0
hadolint,DL3031,Do not use yum update,non_security,,4,"The rule focuses on build consistency and avoiding failures in unprivileged containers. While package updates are security-relevant, the rule itself is framed around build stability and reproducibility.","While updating packages is a security best practice, this rule specifically discourages the 'yum update' command during build time to prevent build instability.",0,1,7,1
hadolint,DL3032,yum clean all missing after yum command.,non_security,,5,"The rule is explicitly aimed at reducing image size by cleaning up cache files, which is an optimization concern.",,0,0,10,0
hadolint,DL3033,Specify version with yum install -y <package>-<version>,security_related,integrity,4,Version pinning is a critical security practice to ensure the integrity of the software supply chain by preventing the accidental installation of unverified or malicious package updates.,,0,1,1,1
hadolint,DL3034,Non-interactive switch missing from zypper command: zypper install -y,non_security,,5,"The rule is focused on build automation and preventing process failure due to missing interactive flags, not on security.",,0,1,9,1
hadolint,DL3035,Do not use zypper update,security_related,secure_configuration,4,"The rule discourages blanket updates to ensure build reproducibility and stability, and explicitly references patching vulnerabilities, which relates to secure configuration management.",,1,0,2,1
hadolint,DL3036,zypper clean missing after zypper use,non_security,,5,"The rule is explicitly aimed at reducing image size and cleaning caches, which is a maintenance and optimization concern.",,0,0,4,0
hadolint,DL3037,Specify version with zypper install -y <package>[=]<version>,security_related,dependency_supply_chain,4,"Version pinning is a critical practice for supply chain security to ensure that only known, audited versions of software are deployed, preventing the accidental inclusion of malicious or vulnerable updates.",,0,3,7,3
hadolint,DL3038,Use the -y switch to avoid manual input dnf install -y <package>,non_security,,5,"The rule is focused on build automation and preventing process failure due to missing interactive flags, not on security.",,0,0,10,0
hadolint,DL3039,Do not use dnf update,non_security,,5,"The rule focuses on build reproducibility and preventing build failures, which are maintenance and quality concerns rather than direct security controls.",,0,1,3,1
hadolint,DL3040,dnf clean all missing after dnf command.,non_security,,5,"The rule is explicitly aimed at reducing image size by cleaning up cached package data, which is an optimization concern.",,0,1,9,1
hadolint,DL3041,Specify version with dnf install -y <package>-<version>,security_related,integrity,4,"Version pinning is a critical practice for supply chain integrity, ensuring that the software environment remains consistent and preventing the accidental introduction of malicious or unstable package updates.",,0,3,7,3
hadolint,DL3042,Avoid cache directory with pip install --no-cache-dir <package>,non_security,,5,"The rule is explicitly aimed at reducing image size by disabling the pip cache, which is an optimization concern.",,0,0,10,0
hadolint,DL3043,DL3043,non_security,,5,"The rule addresses syntax errors and invalid usage of the ONBUILD instruction, which is a functional/sintax concern.",,0,1,9,1
hadolint,DL3044,DL3044,non_security,,5,"This rule addresses a technical limitation in Docker's ENV variable expansion, which is a functional/correctness issue rather than a security vulnerability.",,0,1,0,1
hadolint,DL3045,DL3045,non_security,,5,"This rule is intended to prevent accidental file placement errors due to implicit WORKDIR behavior, which is a functional correctness issue.",,0,0,10,0
hadolint,DL3046,DL3046,non_security,,5,"The rule is explicitly focused on preventing image size inflation caused by sparse files in log databases, which is an optimization/maintenance concern.",,0,0,1,0
hadolint,DL3047,Use wget --progress to avoid excessively bloated build logs,non_security,,5,"This rule aims to reduce log verbosity to improve build log readability and management, which is a convenience/maintenance issue.",,0,0,10,0
hadolint,DL3048,Invalid Label Key,non_security,,5,"This rule enforces syntax compliance for Docker labels, which is a functional/configuration validity issue.",,0,1,5,1
hadolint,DL3049,Label <label> is missing,non_security,,5,"This rule enforces schema compliance for metadata labels, which is primarily a matter of data quality and standardization rather than security.",,0,0,1,0
hadolint,DL3050,Superfluous label(s) present.,security_related,information_exposure,4,The rationale explicitly mentions avoiding information leakage as a primary driver for restricting superfluous labels.,,0,2,2,2
hadolint,DL3051,Label <label> is empty.,non_security,,5,"This rule ensures that required metadata fields are populated, which is a data integrity/quality concern rather than a security control.",,0,0,3,0
hadolint,DL3052,Label <label> is not a valid URL.,non_security,,5,"Validating URL formats in labels is a matter of schema compliance and data consistency, not a security mechanism.",,0,0,10,0
hadolint,DL3053,Label <label> is not a valid time format - must be conform to RFC3339.,non_security,,5,"Enforcing RFC3339 time formats for labels is a data standardization requirement, not a security requirement.",,0,1,0,1
hadolint,DL3054,Label <label> is not a valid SPDX license identifier.,non_security,,5,"The rule enforces license metadata compliance for automated tooling and release processes, which is a matter of legal/compliance metadata rather than technical security controls.",,0,2,8,2
hadolint,DL3055,Label <label> is not a valid git hash.,non_security,,5,"The rule enforces metadata standards for traceability. While traceability is useful for security auditing, the rule itself is a metadata formatting requirement.",,0,3,7,3
hadolint,DL3056,Label <label> does not conform to semantic versioning.,non_security,,5,"The rule enforces semantic versioning for release engineering and maintenance, which is not a security control.",,0,1,4,1
hadolint,DL3057,HEALTHCHECK instruction missing.,security_related,availability,4,"Health checks are a fundamental mechanism for ensuring service availability and detecting failed or unresponsive containers, which is a core component of system availability.","The rule is disabled by default because it is context-dependent (e.g., Kubernetes handles this externally).",0,5,5,5
hadolint,DL3058,Label <label> is not a valid email format - must be conform to RFC5322.,non_security,,5,"The rule enforces email format validation for metadata labels. This is a data quality/formatting requirement, not a security control.",,0,0,2,0
hadolint,DL3059,Multiple consecutive RUN instructions. Consider consolidation.,non_security,,5,"The rule focuses on image layer optimization and build performance, not security.",,0,1,4,1
hadolint,DL3060,yarn cache clean missing after yarn install was run.,non_security,,5,"The rule focuses on reducing image size by cleaning up temporary cache files, which is a maintenance/optimization task.",,0,1,9,1
hadolint,DL3061,"Invalid instruction order. Dockerfile must begin with FROM, ARG or comment.",non_security,,5,"This is a syntax/build requirement for Dockerfiles to function correctly, not a security control.",,0,0,10,0
hadolint,DL3062,Problematic code:,security_related,dependency_supply_chain,4,Pinning dependencies is a critical practice for supply chain security to prevent the accidental inclusion of malicious or compromised code updates.,,1,3,3,4
hadolint,DL3063,Stage name should not be a reserved word,non_security,,5,"This rule prevents build errors caused by using reserved keywords for stage names, which is a functional/syntax constraint.",,0,1,9,1
hadolint,DL3064,Potentially sensitive data should not be used in the ARG or ENV commands,security_related,secrets_credentials,5,"Prevents the accidental exposure of sensitive credentials in container image layers, which are immutable and accessible to anyone with image access.",,1,0,9,1
hadolint,DL3065,Setting FROM --platform to predefined $TARGETPLATFORM in is redundant as this is the default behavior,non_security,,5,"This rule addresses redundancy and code cleanliness regarding build platform defaults, with no direct impact on security posture.",,0,0,10,0
hadolint,DL3066,Non-numeric user-id may not be resolvable by host system,security_related,least_privilege,5,"Ensures that non-root execution can be enforced and verified by orchestration systems like Kubernetes, preventing accidental execution with root privileges.",,0,0,9,0
hadolint,DL3067,Do not copy an entire filesystem from another stage,non_security,,4,"The primary objective is efficiency, image size reduction, and avoiding potential functional issues. While including unnecessary files could theoretically increase the attack surface, the rule's intent is optimization.","Could be argued as minor security hygiene, but primarily an optimization rule.",0,0,1,0
hadolint,DL4000,MAINTAINER is deprecated,non_security,,5,"This is a deprecation warning for a specific Dockerfile instruction, relating to syntax and standard compliance rather than security.",,0,1,8,1
hadolint,DL4001,Either use Wget or Curl but not both.,non_security,,5,The rule is focused on image size optimization and reducing unnecessary dependencies by avoiding redundant tools.,,0,0,7,0
hadolint,DL4003,Multiple CMD instructions found. If you list more than one CMD then only the last CMD will take effect.,non_security,,5,"This is a functional correctness rule regarding Dockerfile syntax and instruction precedence, not a security control.",,0,0,10,0
hadolint,DL4004,Multiple ENTRYPOINT instructions found. If you list more than one ENTRYPOINT then only the last ENTRYPOINT will take effect.,non_security,,5,"This is a functional correctness rule regarding Dockerfile syntax and instruction precedence, not a security control.",,0,0,1,0
hadolint,DL4005,Use SHELL to change the default shell,non_security,,5,"The rule promotes the use of the native Docker SHELL instruction over symlinking /bin/sh, which is a best practice for maintainability and image integrity, but not a direct security requirement.",,0,0,6,0
hadolint,DL4006,Set the SHELL option -o pipefail before RUN with a pipe in,security_related,integrity,4,"Ensuring that pipe failures are detected prevents the build process from proceeding with a corrupted or incomplete state, which is critical for maintaining the integrity of the container image build process.",,0,1,5,1
shellcheck,SC1000,SC1000,non_security,,5,"This rule addresses shell syntax and quoting behavior to ensure literal interpretation of characters, which is a matter of correctness and syntax rather than security.",,0,1,3,1
shellcheck,SC1001,This \o will be a regular 'o' in this context.,non_security,,5,"This rule identifies unnecessary backslash escapes, which is a matter of code cleanliness and syntax correctness.",,0,1,5,1
shellcheck,SC1003,Want to escape a single quote? echo 'This is how it'\''s done'.,non_security,,5,"This rule addresses POSIX shell syntax regarding single-quote escaping, which is a matter of language specification and syntax correctness.",,0,1,9,1
shellcheck,SC1004,This backslash+linefeed is literal. Break outside single quotes if you just want to break the line.,non_security,,5,"This rule addresses how line breaks are handled within single-quoted strings, which is a matter of syntax and formatting.",,0,1,0,1
shellcheck,SC1007,SC1007,non_security,,5,"This rule addresses a common syntax error where a space between an assignment and a command causes unintended behavior. While it affects command execution, it is a functional/syntax error rather than a security vulnerability.",,0,0,7,0
shellcheck,SC1008,This shebang was unrecognized. ShellCheck only supports sh/bash/dash/ksh. Add a 'shell' directive to specify.,non_security,,5,"This rule is related to script interpretation and tool configuration, which is a matter of syntax and tool usage rather than security.",None,0,1,9,1
shellcheck,SC1009,SC1009,uncertain,,1,The rule definition is empty and provides no context to determine its purpose or security relevance.,Rule is undefined.,0,0,10,0
shellcheck,SC1011,This apostrophe terminated the single quoted string!,non_security,,5,"This is a syntax error related to string quoting and character escaping, which is a matter of language correctness.",None,0,1,1,1
shellcheck,SC1012,"\t is just literal t here. For tab, use ""$(printf '\t')"" instead.",non_security,,5,"This rule addresses literal character interpretation and formatting, which is a matter of syntax and language behavior.",None,0,1,2,1
shellcheck,SC1014,"Use if cmd; then .. to check exit code, or if [ ""$(cmd)"" = .. ] to check output.",non_security,,4,"This rule addresses the correct usage of shell conditional syntax and command execution, which is a matter of language correctness and logic, not security.","While incorrect logic can lead to security vulnerabilities, the rule itself is focused on syntax and proper command usage.",0,2,8,2
shellcheck,SC1015,This is a Unicode double quote. Delete and retype it.,non_security,,5,"This rule addresses syntax errors caused by incorrect character encoding (Unicode quotes instead of ASCII), which is a matter of language syntax and script execution correctness, not security.",None,0,1,1,1
shellcheck,SC1016,This is a Unicode single quote. Delete and retype it.,non_security,,5,"Similar to SC1015, this rule addresses syntax errors caused by incorrect character encoding (Unicode quotes), which is a matter of language syntax and script execution correctness.",None,0,1,3,1
shellcheck,SC1017,Literal carriage return. Run script through tr -d '\r' .,non_security,,4,"This rule addresses line ending compatibility (CRLF vs LF). While unexpected behavior in scripts can lead to bugs, the primary objective is ensuring the script executes as intended by the developer, which is a functional/portability concern.",None,0,1,1,1
shellcheck,SC1018,SC1018,uncertain,,5,"The rule definition is empty/missing, making it impossible to determine its purpose or security relevance.",Rule definition is missing.,0,0,10,0
shellcheck,SC1019,Expected this to be an argument to the unary condition.,non_security,,5,"This rule addresses a syntax error in a test condition. It is a matter of language correctness and script functionality, not security.",None,0,0,7,0
shellcheck,SC1020,You need a space before the ] or ]],non_security,,5,"This rule addresses syntax and whitespace sensitivity in shell scripts, which is a matter of language correctness rather than security.",None,0,1,2,1
shellcheck,SC1026,"If grouping expressions inside [[..]], use ( .. ).",non_security,,5,"This rule concerns the correct syntax for grouping expressions in conditional statements, which is a matter of language usage and maintenance.",None,0,1,4,1
shellcheck,SC1027,Expected another argument for this operator.,non_security,,5,"This rule identifies syntax errors where an operator is missing an operand, which is a functional correctness issue.",None,0,2,4,2
shellcheck,SC1028,In [..] you have to escape \( \) or preferably combine [..] expressions.,non_security,,5,"This rule addresses the use of obsolete or non-portable syntax for grouping expressions in test commands, which is a matter of portability and syntax.",None,0,1,5,1
shellcheck,SC1029,In [[..]] you shouldn't escape ( or ).,non_security,,5,"This rule addresses incorrect syntax (unnecessary escaping) within conditional expressions, which is a matter of language syntax.",None,0,0,7,0
shellcheck,SC1033,Test expression was opened with double [[ but closed with single ]. Make sure they match.,non_security,,5,"This rule addresses a syntax error regarding mismatched test expression brackets. It is a matter of language syntax and correctness, not security.",None,0,2,6,2
shellcheck,SC1034,Test expression was opened with single [ but closed with double ]]. Make sure they match.,non_security,,5,"This rule addresses a syntax error regarding mismatched test expression brackets. It is a matter of language syntax and correctness, not security.",None,0,1,9,1
shellcheck,SC1035,You need a space here,non_security,,5,"This rule addresses a syntax error caused by missing whitespace. It is a matter of language syntax and correctness, not security.",None,0,1,1,1
shellcheck,SC1036,( is invalid here. Did you forget to escape it?,non_security,,5,"This rule addresses a syntax error regarding the use of parentheses. It is a matter of language syntax and correctness, not security.",None,0,1,2,1
shellcheck,SC1037,"Braces are required for positionals over 9, e.g. ${10}.",non_security,,5,"This rule addresses a language-specific behavior regarding positional parameter expansion. It is a matter of language syntax and correctness, not security.",None,0,2,8,2
shellcheck,SC1038,"Shells are space sensitive. Use < <(cmd), not <<(cmd).",non_security,,5,"This rule addresses a syntax error regarding process substitution and redirection. It is a matter of language correctness, not security.",None,0,1,4,1
shellcheck,SC1039,Remove indentation before end token (or use <<- and indent with tabs).,non_security,,5,"This rule addresses syntax and formatting requirements for here-documents. It is a matter of language correctness, not security.",None,0,1,4,1
shellcheck,SC1040,"When using <<-, you can only indent with tabs.",non_security,,5,"This rule addresses whitespace handling in here-documents. It is a matter of language correctness, not security.",None,0,1,3,1
shellcheck,SC1041,"Found eof further down, but not on a separate line.",non_security,,5,"This rule addresses syntax errors related to here-document termination. It is a matter of language correctness, not security.",None,0,0,4,0
shellcheck,SC1043,"Found EOF further down, but with wrong casing.",non_security,,5,"This rule addresses syntax errors related to here-document termination casing. It is a matter of language correctness, not security.",None,0,0,3,0
shellcheck,SC1044,Couldn't find end token EOF in the here document.,non_security,,5,"This is a syntax error related to the termination of a heredoc, which is a language parsing issue rather than a security concern.",None,0,0,5,0
shellcheck,SC1045,SC1045,non_security,,5,"This is a syntax error regarding command termination operators, which does not impact security.",None,0,0,10,0
shellcheck,SC1046,Couldn't find fi for this if.,non_security,,5,"This is a syntax error regarding missing control structure termination, which is a code correctness issue.",None,0,1,5,1
shellcheck,SC1047,Expected fi matching previously mentioned if.,non_security,,5,"This is a syntax error regarding missing control structure termination, which is a code correctness issue.",None,0,0,3,0
shellcheck,SC1048,Can't have empty then clauses (use true as a no-op).,non_security,,5,"This is a syntax error regarding empty blocks, which is a code correctness issue.",None,0,0,10,0
shellcheck,SC1049,Did you forget the then for this if?,non_security,,5,"This rule addresses a syntax error related to missing keywords in an if-statement, which is a matter of code correctness and language structure, not security.",None,0,0,5,0
shellcheck,SC1050,Expected then.,non_security,,5,"This rule addresses a syntax error related to missing keywords in an if-statement, which is a matter of code correctness and language structure, not security.",None,0,0,6,0
shellcheck,SC1051,Semicolons directly after then are not allowed. Just remove it.,non_security,,5,"This rule addresses a syntax error regarding the placement of semicolons, which is a matter of code correctness and language structure, not security.",None,0,1,1,1
shellcheck,SC1052,Semicolons directly after then are not allowed. Just remove it.,non_security,,5,"This rule addresses a syntax error regarding the placement of semicolons, which is a matter of code correctness and language structure, not security.",None,0,0,2,0
shellcheck,SC1053,Semicolons directly after else are not allowed. Just remove it.,non_security,,5,"This rule addresses a syntax error regarding the placement of semicolons, which is a matter of code correctness and language structure, not security.",None,0,0,2,0
shellcheck,SC1054,You need a space after the {.,non_security,,5,This rule is purely related to shell syntax and tokenization requirements.,None,0,0,2,0
shellcheck,SC1055,You need at least one command here. Use true; as a no-op.,non_security,,5,"This rule addresses syntax errors regarding empty code blocks, which is a language constraint rather than a security control.",None,0,1,9,1
shellcheck,SC1056,"Expected a }. If you have one, try a ; or \n in front of it.",non_security,,5,This rule is purely related to shell syntax and tokenization requirements.,None,0,2,2,2
shellcheck,SC1057,Did you forget the do for this loop?,non_security,,5,"This rule addresses syntax errors regarding missing loop keywords, which is a language constraint rather than a security control.",None,0,0,10,0
shellcheck,SC1058,Expected do.,non_security,,5,"This rule addresses syntax errors regarding missing loop keywords, which is a language constraint rather than a security control.",None,0,0,10,0
shellcheck,SC1059,Semicolon is not allowed directly after do. You can just delete it.,non_security,,5,This rule is purely related to shell syntax and language parsing requirements.,None,0,0,1,0
shellcheck,SC1060,Can't have empty do clauses (use true as a no-op),non_security,,5,"This rule addresses syntax errors regarding empty loop blocks, which is a matter of code correctness, not security.",None,0,0,10,0
shellcheck,SC1061,Couldn't find done for this do.,non_security,,5,This rule identifies a syntax error where a loop block is not properly terminated.,None,0,0,4,0
shellcheck,SC1062,Expected done matching previously mentioned do.,non_security,,5,"This rule is a companion to SC1061, identifying a syntax error related to missing loop termination.",None,0,0,10,0
shellcheck,SC1063,You need a line feed or semicolon before the do.,non_security,,5,This rule enforces correct shell syntax for loop structures.,None,0,0,4,0
shellcheck,SC1064,Expected a { to open the function definition.,non_security,,5,This rule is purely related to shell syntax and function definition structure.,None,0,0,5,0
shellcheck,SC1065,"Trying to declare parameters? Don't. Use () and refer to params as $1, $2, …",non_security,,5,This rule addresses syntax errors regarding function parameter declaration in shell scripts.,None,0,0,9,0
shellcheck,SC1066,Don't use $ on the left side of assignments.,non_security,,5,"This rule is a syntax correction for variable assignment, preventing runtime errors.",None,0,1,3,1
shellcheck,SC1067,"For indirection, use arrays, declare ""var$n=value"", or (for sh) read/eval",non_security,,5,This rule addresses syntax and language-specific mechanisms for variable indirection.,None,0,1,6,1
shellcheck,SC1068,SC1068,non_security,,5,This rule is a syntax correction regarding whitespace in variable assignments.,None,0,0,9,0
shellcheck,SC1069,You need a space before the [.,non_security,,5,"This is a syntax error related to formatting and language parsing, not a security vulnerability.",None,0,0,10,0
shellcheck,SC1070,Parsing stopped here. Mismatched keywords or invalid parentheses?,non_security,,5,"This rule identifies syntax errors that prevent script execution. While execution failure affects availability, the rule itself is a fundamental syntax check, not a security control.",None,0,1,0,1
shellcheck,SC1071,ShellCheck only supports sh/bash/dash/ksh scripts. Sorry!,non_security,,5,"This is a tool-limitation check regarding supported languages, not a security-related rule.",None,0,0,10,0
shellcheck,SC1072,SC1072,non_security,,5,"This rule relates to the correct usage of ShellCheck directives (comments), which is a tool-configuration issue, not a security requirement.",None,0,0,10,0
shellcheck,SC1073,SC1073,non_security,,5,"This is a generic syntax error indicator, which is a matter of code correctness rather than security.",None,0,0,3,0
shellcheck,SC1074,Did you forget the ;; after the previous case item?,non_security,,5,This rule is purely related to syntax correctness and preventing syntax errors in case statements.,None,0,2,8,2
shellcheck,SC1075,Use elif instead of else if.,non_security,,5,"This rule enforces correct shell syntax for conditional branches, which is a matter of language compliance and readability.",None,0,2,1,2
shellcheck,SC1076,Trying to do math? Use e.g. [ $((i/2+7)) -ge 18 ].,non_security,,5,"This rule addresses syntax errors related to arithmetic expansion in test conditions, not security logic.",None,0,1,6,1
shellcheck,SC1077,SC1077,non_security,,5,"This rule is about character encoding and syntax confusion regarding backticks versus forward ticks, which is a language usage issue.",None,0,0,10,0
shellcheck,SC1078,SC1078,non_security,,5,"This rule identifies missing closing quotes, which is a syntax and parsing error.",None,0,1,9,1
shellcheck,SC1079,"This is actually an end quote, but due to next char it looks suspect.",non_security,,5,This rule is a syntax/parsing warning related to character interpretation and does not impact security properties.,None,0,0,6,0
shellcheck,SC1080,You need \ before line feeds to break lines in [ ].,non_security,,5,"This rule addresses syntax requirements for line breaks in shell test expressions, which is a functional/syntactic issue.",None,0,1,5,1
shellcheck,SC1081,"Scripts are case-sensitive. Use if, not If.",non_security,,5,"This rule addresses case-sensitivity in shell keywords, which is a language syntax requirement.",None,0,0,4,0
shellcheck,SC1082,This file has a UTF-8 BOM. Remove it with: LC_CTYPE=C sed '1s/^...//' < yourscript.,non_security,,5,"This rule addresses file encoding issues (UTF-8 BOM) that prevent script execution, which is a functional/compatibility issue.",None,0,1,3,1
shellcheck,SC1083,This {/} is literal. Check if ; is missing or quote the expression.,non_security,,5,"This rule identifies potential syntax errors or unintended literal interpretations of curly brackets, which is a code correctness/syntax issue.",None,0,1,4,1
shellcheck,SC1084,"Use #!, not !#, for the shebang.",non_security,,5,"This is a syntax error regarding the shebang line. While a missing shebang can cause a script to run with the wrong interpreter, the rule itself is about correcting a typo in the syntax, not a security policy.",,0,0,8,0
shellcheck,SC1085,Did you forget to move the ;; after extending this case item?,non_security,,5,This is a syntax/logic error regarding the structure of a case statement. It does not have a primary security objective.,,0,0,10,0
shellcheck,SC1086,Don't use $ on the iterator name in for loops.,non_security,,5,"This is a syntax error regarding variable naming in loops. It is a matter of language correctness, not security.",,0,0,4,0
shellcheck,SC1087,"Use braces when expanding arrays, e.g. ${array[idx]} (or ${var}[.. to quiet).",non_security,,5,"This is a syntax rule for array expansion. It is intended to ensure the shell interprets the variable correctly, not to prevent a security vulnerability.",,0,1,7,1
shellcheck,SC1088,Parsing stopped here. Invalid use of parentheses?,non_security,,5,"This is a syntax error regarding the use of parentheses. It is a language usage issue, not a security-related rule.",,0,1,0,1
shellcheck,SC1089,Parsing stopped here. Is this keyword correctly matched up?,non_security,,5,"This rule identifies syntax errors related to mismatched control structures (if/fi, etc.), which is a matter of code correctness and syntax, not security.",None,0,1,0,1
shellcheck,SC1090,Can't follow non-constant source. Use a directive to specify location,non_security,,4,"This rule is a diagnostic aid for ShellCheck's static analysis capabilities. While sourcing files can have security implications, the rule itself is about the tool's inability to resolve paths for analysis, not a vulnerability in the code.",None,0,3,6,3
shellcheck,SC1091,Not following: (error message here),non_security,,5,This is a tool-specific warning about the inability to locate or access a file for analysis. It does not represent a security flaw in the script itself.,None,0,0,10,0
shellcheck,SC1092,Stopping at 100 source frames :O,non_security,,5,"This is a resource limit/recursion depth check for the static analysis tool, not a security-related code pattern.",None,0,1,9,1
shellcheck,SC1094,Parsing of sourced file failed. Ignoring it.,non_security,,5,This rule reports that the static analysis tool failed to parse a sourced file. It is a tool-internal error reporting mechanism.,None,0,2,8,2
shellcheck,SC1095,You need a space or linefeed between the function name and body.,non_security,,5,This rule is strictly related to shell syntax and language specification compliance.,None,0,0,3,0
shellcheck,SC1097,"Unexpected ==. For assignment, use =. For comparison, use [/[[.",non_security,,5,This rule addresses syntax errors regarding assignment versus comparison operators.,None,0,1,9,1
shellcheck,SC1098,"Quote/escape special characters when using eval, e.g. eval ""a=(b)"".",security_related,injection_command_execution,4,The use of 'eval' is a high-risk operation that can lead to command injection. Ensuring proper quoting and escaping is a fundamental security practice to prevent unintended code execution.,"While the rule focuses on syntax/parsing, the context of 'eval' makes it inherently security-sensitive.",1,3,5,4
shellcheck,SC1099,You need a space before the #.,non_security,,5,This rule is purely about syntax and comment formatting.,None,0,0,5,0
shellcheck,SC1100,This is a Unicode dash. Delete and retype as ASCII minus.,non_security,,5,This rule addresses character encoding issues that prevent code from executing correctly due to invalid syntax.,None,0,1,7,1
shellcheck,SC1101,Delete trailing spaces after \ to break line (or use quotes for literal space).,non_security,,5,"This rule addresses syntax and formatting issues related to line continuation characters and trailing whitespace, which do not impact security.",,0,1,1,1
shellcheck,SC1102,"Shells disambiguate $(( differently or not at all. For $(command substitution), add space after $( . For $((arithmetics)), fix parsing errors.",non_security,,5,"This rule addresses shell parsing ambiguity and syntax consistency across different shell implementations, which is a matter of code correctness and portability, not security.",,0,1,6,1
shellcheck,SC1103,This shell type is unknown. Use e.g. sh or bash.,non_security,,5,This rule is a tool-specific configuration check to ensure the static analysis tool understands the target shell dialect. It does not relate to the security of the code itself.,,0,2,8,2
shellcheck,SC1104,"Use #!, not just !, for the shebang.",non_security,,5,"This rule addresses a syntax error in the shebang line. While shebangs are important for execution, this specific rule is about the correct syntax of the interpreter declaration, not a security vulnerability.",,0,0,9,0
shellcheck,SC1105,"Shells disambiguate (( differently or not at all. If the first ( should start a subshell, add a space after it.",non_security,,5,"This rule addresses shell parsing ambiguity regarding subshells and arithmetic expressions, which is a matter of syntax and code correctness.",,0,1,9,1
shellcheck,SC1106,"In arithmetic contexts, use < instead of -lt",non_security,,5,This rule addresses a syntax and logic error in arithmetic expressions. It is a matter of code correctness rather than security.,,1,1,1,2
shellcheck,SC1107,This directive is unknown. It will be ignored.,non_security,,5,"This rule warns about an unrecognized directive in a comment. It is a configuration/usability issue for the linter itself, not a security vulnerability.",,0,1,7,1
shellcheck,SC1108,You need a space before and after the = .,non_security,,5,This rule addresses shell syntax sensitivity regarding spaces around operators. It is a syntax/formatting issue.,,0,1,5,1
shellcheck,SC1109,This is an unquoted HTML entity. Replace with corresponding character.,non_security,,5,This rule identifies syntax errors caused by copy-pasting HTML entities into shell scripts. It is a code correctness/syntax issue.,,0,1,5,1
shellcheck,SC1110,This is a Unicode quote. Delete and retype it (or quote to make literal).,non_security,,5,This rule addresses the use of non-standard Unicode quotes which cause syntax errors. It is a syntax/formatting issue.,,0,1,1,1
shellcheck,SC1111,This is a Unicode quote. Delete and retype it (or ignore/singlequote for literal).,non_security,,5,"This rule addresses syntax errors caused by incorrect character encoding (smart quotes), which is a matter of language parsing and syntax rather than security.",None,0,1,1,1
shellcheck,SC1112,This is a Unicode quote. Delete and retype it (or ignore/doublequote for literal).,non_security,,5,"This rule addresses syntax errors caused by incorrect character encoding (smart quotes), which is a matter of language parsing and syntax rather than security.",None,0,1,1,1
shellcheck,SC1113,"Use #!, not just #, for the shebang.",non_security,,5,"This rule ensures the correct syntax for a shebang line to ensure the script executes with the intended interpreter, which is a functional requirement rather than a security control.",None,0,0,7,0
shellcheck,SC1114,Remove leading spaces before the shebang.,non_security,,5,"This rule addresses file format and syntax requirements for the OS to identify a script, which is a functional requirement for execution.",None,0,1,5,1
shellcheck,SC1115,Remove spaces between # and ! in the shebang.,non_security,,5,"This rule addresses syntax requirements for the shebang line to ensure the OS correctly identifies the script interpreter, which is a functional requirement.",None,0,0,6,0
shellcheck,SC1116,Missing $ on a $((..)) expression? (or use ( ( for arrays).,non_security,,5,"This rule addresses a syntax error related to arithmetic expansion and array assignment. It is a matter of language correctness and syntax, not security.",,0,1,2,1
shellcheck,SC1117,"Backslash is literal in ""\n"". Prefer explicit escaping: ""\\n"".",non_security,,5,This rule is explicitly described as a stylistic issue regarding how backslashes are handled in double-quoted strings. It does not impact security.,,0,1,9,1
shellcheck,SC1118,Delete whitespace after the here-doc end token.,non_security,,5,"This rule addresses a syntax requirement for here-document delimiters. It is a functional requirement for the shell to parse the script correctly, not a security control.",,0,0,7,0
shellcheck,SC1119,Add a linefeed between end token and terminating ).,non_security,,5,This rule addresses a syntax requirement for formatting here-documents within command substitutions. It is a matter of language syntax and portability.,,0,0,3,0
shellcheck,SC1120,No comments allowed after here-doc token. Comment the next line instead.,non_security,,5,This rule enforces a syntax constraint regarding the placement of comments relative to here-document terminators. It is a matter of language syntax.,,0,0,10,0
shellcheck,SC1121,"Add ;/& terminators (and other syntax) on the line with the <<, not here.",non_security,,5,This rule is strictly related to shell syntax and the correct parsing of here-documents. It does not address any security properties.,None,0,0,7,0
shellcheck,SC1122,"Nothing allowed after end token. To continue a command, put it on the line with the <<.",non_security,,5,This rule is strictly related to shell syntax and the correct parsing of here-documents. It does not address any security properties.,None,0,0,2,0
shellcheck,SC1123,"ShellCheck directives are only valid in front of complete compound commands, like if, not e.g. individual elif branches.",non_security,,5,"This rule concerns the correct placement of linter directives for the ShellCheck tool itself, which is a matter of tool configuration and syntax, not application security.",None,0,0,5,0
shellcheck,SC1124,"ShellCheck directives are only valid in front of complete commands like case statements, not individual case branches.",non_security,,5,"This rule concerns the correct placement of linter directives for the ShellCheck tool itself, which is a matter of tool configuration and syntax, not application security.",None,0,0,7,0
shellcheck,SC1125,Invalid key=value pair in directive,non_security,,5,"This rule concerns the correct syntax for linter directives, which is a matter of tool configuration and syntax, not application security.",None,0,1,5,1
shellcheck,SC1126,"Place shellcheck directives before commands, not after.",non_security,,5,"This rule is purely related to the syntax and parsing requirements of the ShellCheck tool itself, not the security of the script.",,0,0,10,0
shellcheck,SC1127,Was this intended as a comment? Use # in sh.,non_security,,5,This rule addresses syntax errors regarding comment styles in shell scripts.,,0,0,4,0
shellcheck,SC1128,The shebang must be on the first line. Delete blanks and move comments.,non_security,,4,"While the rationale mentions that an incorrect shebang might cause the script to run in an unintended interpreter, the primary issue is a syntax/configuration error regarding script execution, not a direct security vulnerability.","Could be argued as secure_configuration in specific environments where interpreter choice is a security control, but primarily a functional/syntax issue.",0,2,5,2
shellcheck,SC1129,You need a space before the !.,non_security,,5,This is a syntax error rule requiring a space for proper command parsing.,,0,0,7,0
shellcheck,SC1130,You need a space before the :.,non_security,,5,This is a syntax error rule regarding command separation.,,0,1,9,1
shellcheck,SC1131,Use elif to start another branch.,non_security,,5,"This rule is purely syntactic, addressing a keyword error in shell scripting.",None,0,0,10,0
shellcheck,SC1132,This & terminates the command. Escape it or add space after & to silence.,non_security,,4,"This rule addresses command parsing and syntax errors related to unquoted special characters in URLs. While it prevents command termination errors, it is primarily a syntax/usability issue rather than a security control.",None,0,1,9,1
shellcheck,SC1133,"Unexpected start of line. If breaking lines, |/||/&& should be at the end of the previous one.",non_security,,5,This rule is related to code formatting and shell syntax for line continuation.,None,0,0,5,0
shellcheck,SC1134,SC1134,uncertain,,5,"The rule definition is empty/missing, making it impossible to determine security relevance.",Rule definition is missing.,0,0,10,0
shellcheck,SC1135,"Prefer escape over ending quote to make $ literal. Instead of ""It costs $""5, use ""It costs \$5""",non_security,,5,This rule is a stylistic recommendation for cleaner code and proper escaping of literals within strings.,None,0,1,2,1
shellcheck,SC1136,Unexpected characters after terminating ]. Missing semicolon/linefeed?,non_security,,5,"This rule is a syntax error check related to shell script parsing and command structure, not security.",,0,1,6,1
shellcheck,SC1137,Missing second ( to start arithmetic for ((;;)) loop,non_security,,5,"This rule addresses a syntax error in arithmetic loop declarations, which is a matter of language correctness.",,0,1,9,1
shellcheck,SC1138,Remove spaces between (( in arithmetic for loop.,non_security,,5,"This rule enforces syntax formatting for arithmetic loops, which is a matter of language style and parser requirements.",,0,0,4,0
shellcheck,SC1139,Use || instead of -o between test commands.,non_security,,5,"This rule corrects the usage of logical operators between test commands to ensure the script executes as intended by the developer, which is a functional correctness issue.",,0,1,5,1
shellcheck,SC1140,"Unexpected parameters after condition. Missing &&/||, or bad expression?",non_security,,5,"This rule identifies syntax errors where commands are incorrectly placed after a test condition, which is a functional parsing issue.",,0,1,1,1
shellcheck,SC1141,Unexpected tokens after compound command. Bad redirection or missing ;/&&/||/|?,non_security,,5,"This rule addresses syntax errors related to command separators and redirection, which are matters of language correctness rather than security.",None,0,2,5,2
shellcheck,SC1142,Use done < <(cmd) to redirect from process substitution (currently missing one <).,non_security,,5,"This rule addresses a syntax error regarding process substitution redirection, which is a matter of language correctness.",None,0,0,10,0
shellcheck,SC1143,This backslash is part of a comment and does not continue the line.,non_security,,5,"This rule addresses how comments interact with line continuation characters, which is a matter of syntax and code readability.",None,0,0,6,0
shellcheck,SC1144,"external-sources can only be enabled in .shellcheckrc, not in individual files.",security_related,secure_configuration,4,"This rule enforces a sandbox configuration constraint to prevent scripts from overriding security-relevant analysis settings, which is a form of secure configuration for the analysis tool itself.",The security relevance is specific to the security of the analysis tool's sandbox environment.,0,2,8,2
shellcheck,SC1145,Unknown external-sources value. Expected true/false.,non_security,,5,"This rule validates the configuration value for a tool directive, which is a matter of configuration syntax rather than a security property of the code being analyzed.",None,0,1,9,1
shellcheck,SC2000,example code,non_security,,5,This is a placeholder rule with no defined behavior or objective.,Rule is empty.,0,0,10,0
shellcheck,SC2001,See if you can use ${variable//search/replace} instead.,non_security,,5,The rule focuses on performance and syntax optimization by replacing external process calls (sed) with built-in shell parameter expansion.,None.,0,1,3,1
shellcheck,SC2002,SC2002,non_security,,5,"The rule addresses 'Useless Use of Cat' (UUOC), which is a matter of code efficiency and style, not security.",None.,0,1,2,1
shellcheck,SC2003,SC2003,non_security,,5,The rule encourages using modern shell arithmetic features instead of the deprecated 'expr' utility for better syntax and performance.,None.,0,0,10,0
shellcheck,SC2004,SC2004,non_security,,4,"The rule aims to prevent logic errors in arithmetic expansion by avoiding unnecessary variable expansion. While logic errors can sometimes lead to security issues, the primary intent here is code correctness and avoiding unintended string evaluation.",None.,0,1,9,1
shellcheck,SC2005,SC2005,non_security,,5,"The rule addresses code efficiency, pipeline behavior, and potential logic errors (like suppressing exit codes), but its primary objective is code correctness and performance rather than security.","While suppressing exit codes can lead to logic errors that might have security implications in specific scripts, the rule itself is focused on general shell best practices.",0,1,3,1
shellcheck,SC2006,SC2006,non_security,,5,This is a syntax and portability improvement rule. It replaces legacy backtick syntax with modern POSIX-compliant command substitution.,None.,0,1,9,1
shellcheck,SC2007,Use $((..)) instead of deprecated $[..].,non_security,,5,This rule enforces the use of standard arithmetic expansion syntax over deprecated syntax.,None.,0,1,9,1
shellcheck,SC2008,"echo doesn't read from stdin, are you sure you should be piping to it?",non_security,,5,"This rule identifies a misunderstanding of how pipes and the echo command work, focusing on code correctness.",None.,0,1,0,1
shellcheck,SC2009,Consider using pgrep instead of grepping ps output.,security_related,secure_configuration,4,"Using pgrep is more robust and prevents common pitfalls associated with parsing process lists (e.g., matching incorrect processes or being vulnerable to process name spoofing), which is a form of secure configuration for system monitoring scripts.","While primarily a robustness improvement, it prevents logic errors in process management that can lead to security vulnerabilities.",0,2,8,2
shellcheck,SC2010,Don't use ls | grep. Use a glob or a for loop with a condition to allow non-alphanumeric filenames.,security_related,injection_command_execution,4,"Parsing ls output is a common source of command injection and logic errors when filenames contain spaces, newlines, or special characters. Using globbing or loops prevents unintended command execution or file manipulation.","While primarily a robustness issue, the failure to handle arbitrary filenames in scripts often leads to security vulnerabilities in automated systems.",0,0,5,0
shellcheck,SC2011,Use find -print0 or find -exec to better handle non-alphanumeric filenames.,security_related,injection_command_execution,4,Improper handling of filenames in pipes (especially with xargs) can lead to command injection or unexpected behavior when filenames contain whitespace or special characters. Using -print0 or -exec ensures safe handling of file paths.,"Similar to SC2010, this is a robustness issue that directly impacts the security of scripts processing external or untrusted file lists.",0,0,5,0
shellcheck,SC2012,Use find instead of ls to better handle non-alphanumeric filenames.,security_related,injection_command_execution,4,Using ls for programmatic processing is inherently unsafe due to non-standardized output formats. This can lead to logic errors and command injection vulnerabilities when filenames are manipulated or passed to other commands.,"The rule is primarily about robustness, but the security implications of parsing ls output are well-documented in shell security best practices.",0,0,3,0
shellcheck,SC2013,"To read lines rather than words, pipe/redirect to a while read loop.",non_security,,5,"This rule addresses how shell loops handle input (word-splitting vs. line-reading). While it affects script correctness, it does not have a direct security objective.",None.,0,2,6,2
shellcheck,SC2014,"This will expand once before find runs, not per file found.",non_security,,5,"This rule addresses the timing of command substitution expansion in shell scripts. It is a functional correctness issue regarding how arguments are passed to commands, not a security vulnerability.",None.,0,0,10,0
shellcheck,SC2015,SC2015,security_related,other_security,4,"The rule prevents unintended execution of commands (like 'rm') due to logical errors in shell operator precedence, which can lead to unauthorized or accidental deletion of files.","The primary intent is logical correctness, but the side effect of preventing accidental file deletion has direct security implications for availability and integrity.",0,1,6,1
shellcheck,SC2016,SC2016,non_security,,5,This is a syntax and usability warning regarding shell expansion behavior within single quotes.,,0,1,9,1
shellcheck,SC2017,Increase precision by replacing a/bc with ac/b.,non_security,,5,This is a mathematical precision and logic optimization rule.,,0,1,6,1
shellcheck,SC2018,Use [:lower:] to support accents and foreign alphabets.,non_security,,5,This is a character encoding and internationalization (i18n) best practice rule.,,0,2,8,2
shellcheck,SC2019,Use [:upper:] to support accents and foreign alphabets.,non_security,,5,This is a character encoding and internationalization (i18n) best practice rule.,,0,2,8,2
shellcheck,SC2020,"tr replaces sets of chars, not words (mentioned due to duplicates).",non_security,,5,"This rule addresses a functional misunderstanding of how the 'tr' command processes input, focusing on correctness of string manipulation rather than security.",None,0,1,6,1
shellcheck,SC2021,"Don't use [] around ranges in tr, it replaces literal square brackets.",non_security,,5,"This rule addresses syntax and portability issues regarding how 'tr' interprets character ranges, which is a functional correctness issue.",None,1,2,7,3
shellcheck,SC2022,"Note that unlike globs, o* here matches ooo but not oscar.",non_security,,5,"This rule warns about the difference between globbing and regular expression syntax, which is a functional logic issue.",None,0,1,8,1
shellcheck,SC2023,The shell may override time as seen in man time(1). Use command time .. for that one.,non_security,,5,"This rule addresses command resolution ambiguity between shell built-ins and external binaries, which is a functional correctness issue.",None,0,0,3,0
shellcheck,SC2024,sudo doesn't affect redirects. Use ..| sudo tee file,security_related,authorization_access_control,5,"This rule addresses a common misconfiguration where shell redirections fail to respect elevated privileges, leading to permission denied errors or incorrect file access, which directly impacts authorization and secure configuration.",None,1,2,7,3
shellcheck,SC2025,Make sure all escape sequences are enclosed in \[..\] to prevent line wrapping issues.,non_security,,5,"This rule addresses terminal display issues and prompt formatting, which are related to user interface usability rather than security.",None,0,0,6,0
shellcheck,SC2026,"This word is outside of quotes. Did you intend to 'nest '""'single quotes'""' instead?",non_security,,5,"This rule is a syntax correction for shell quoting, ensuring the command is interpreted as intended by the developer, not a security control.",None,0,2,8,2
shellcheck,SC2027,The surrounding quotes actually unquote this. Remove or escape them.,non_security,,5,"This rule addresses syntax and quoting errors that lead to unintended string concatenation, which is a matter of code correctness.",None,0,0,10,0
shellcheck,SC2028,echo won't expand escape sequences. Consider printf.,non_security,,5,"This rule concerns the behavior of echo versus printf regarding escape sequences, which is a matter of functional correctness and portability.",None,0,1,9,1
shellcheck,SC2029,"Note that, unescaped, this expands on the client side.",security_related,injection_command_execution,4,This rule prevents unintended command expansion on the client side before execution on a remote server. Improper handling of such expansions can lead to command injection or the execution of commands with unintended context/privileges on the remote host.,"While primarily about command correctness, the mechanism of unintended expansion is a common vector for command injection vulnerabilities.",0,0,10,0
shellcheck,SC2030,SC2030,non_security,,5,"This rule relates to variable scope and subshell behavior, which is a language-specific functional correctness issue rather than a security vulnerability.",,0,1,4,1
shellcheck,SC2031,SC2031,non_security,,5,"This rule addresses variable scope limitations in subshells. While incorrect variable state can lead to logic bugs, the rule itself is focused on shell execution semantics and functional correctness.",,0,1,9,1
shellcheck,SC2032,SC2032,non_security,,5,"This rule is a placeholder/empty entry in the provided context, but generally relates to shell syntax or functional behavior.",,0,0,10,0
shellcheck,SC2033,SC2033,non_security,,5,"This rule addresses the inability of external commands to invoke shell functions. This is a functional limitation of the shell environment, not a security control.",,0,0,6,0
shellcheck,SC2034,Problematic code:,non_security,,5,"This rule identifies unused variables. While unused variables can sometimes indicate logic errors, the primary purpose is code quality and maintenance.",,0,0,10,0
shellcheck,SC2035,Use ./glob or -- glob so names with dashes won't become options.,security_related,injection_command_execution,4,"Prevents command injection via filename manipulation where a file named with a dash can be interpreted as a command-line flag, potentially altering the intended behavior of security-sensitive commands like rm.","Primarily a robustness issue, but has clear security implications for command execution integrity.",0,1,6,1
shellcheck,SC2036,"If you wanted to assign the output of the pipeline, use a=$(b | c) .",non_security,,5,This is a syntax and logic error regarding shell pipeline precedence and variable assignment. It does not directly impact security properties.,,0,0,3,0
shellcheck,SC2037,"To assign the output of a command, use var=$(cmd) .",non_security,,5,"This is a syntax error regarding command substitution. It is a functional correctness issue, not a security issue.",,0,0,7,0
shellcheck,SC2038,Use -print0/-0 or find -exec + to allow for non-alphanumeric filenames.,security_related,injection_command_execution,4,"Prevents command injection and logic errors caused by improper handling of filenames containing spaces or special characters when passed to xargs, which could lead to executing unintended files or failing to process security-critical files.","While primarily about robustness, the failure to correctly process filenames in security-sensitive contexts (like integrity checks) is a security risk.",0,1,2,1
shellcheck,SC2039,"In POSIX sh, something is undefined.",non_security,,4,"This rule relates to POSIX portability. While using non-portable features can lead to unexpected behavior, the rule itself is about standard compliance rather than a specific security vulnerability.","Portability issues can sometimes lead to security vulnerabilities if a script behaves differently on different systems, but this rule is too broad to be classified as security-related by default.",0,1,9,1
shellcheck,SC2040,"#!/bin/sh was specified, so  is not supported, even when sh is actually bash.",non_security,,5,"This rule addresses shell compatibility and syntax limitations regarding the use of bash-specific features in a script declared as sh. It is a matter of language specification and portability, not security.",None,0,0,10,0
shellcheck,SC2041,"This is a literal string. To run as a command, use $(..) instead of '..' .",non_security,,5,"This rule addresses a syntax error where a command is treated as a literal string due to incorrect quoting. While it affects program logic, it is a functional correctness issue rather than a security vulnerability.",None,0,1,4,1
shellcheck,SC2042,"Use spaces, not commas, to separate loop elements.",non_security,,5,"This rule addresses syntax and formatting for loop delimiters. It is a matter of language syntax and code correctness, not security.",None,0,1,2,1
shellcheck,SC2043,"This loop will only ever run once for a constant value. Did you perhaps mean to loop over dir/*, $var or $(cmd)?",non_security,,5,"This rule identifies a logical error where a loop iterates over a single constant value. This is a code quality and logic issue, not a security concern.",None,0,1,9,1
shellcheck,SC2044,For loops over find output are fragile. Use find -exec or a while read loop.,security_related,injection_command_execution,4,"The rule warns against using command substitution for file iteration because it is vulnerable to word splitting and globbing issues. In security contexts, this pattern can lead to arbitrary command execution or unintended file processing if filenames contain malicious characters or spaces.","While primarily a robustness issue, the potential for unintended file handling or command injection via crafted filenames makes it security-relevant.",0,2,3,2
shellcheck,SC2045,Iterating over ls output is fragile. Use globs.,non_security,,5,"The rule addresses shell script robustness and file handling correctness. While improper file handling can lead to bugs, the primary objective is functional correctness and preventing unexpected behavior with filenames, not security.",None,0,1,9,1
shellcheck,SC2046,Quote this to prevent word splitting.,security_related,injection_command_execution,4,"Unquoted command substitution is a classic vector for shell injection and argument injection. If the output of a command contains malicious characters or unexpected arguments, it can lead to unintended command execution or privilege escalation.","While primarily a robustness issue, it is a fundamental prerequisite for preventing shell injection vulnerabilities.",1,0,9,1
shellcheck,SC2048,"Use ""$@"" (with quotes) to prevent whitespace problems.",security_related,injection_command_execution,4,"Similar to SC2046, failing to quote array expansions or positional parameters allows for word splitting and globbing. This can be exploited to inject unintended arguments into commands, potentially leading to command injection or unauthorized file access.",None,1,2,6,3
shellcheck,SC2049,"=~ is for regex, but this looks like a glob. Use = instead.",non_security,,5,"This rule is a syntax and logic check to ensure the user is using the correct operator (regex vs glob) for string matching. It is intended to prevent logic errors in script flow, not to address security vulnerabilities.",None,1,0,6,1
shellcheck,SC2050,This expression is constant. Did you forget the $ on a variable?,non_security,,5,"This rule identifies constant expressions in conditional statements, which are almost certainly logic bugs. It does not relate to security properties.",None,0,1,0,1
shellcheck,SC2051,Bash doesn't support variables in brace range expansions.,non_security,,5,"This rule addresses a syntax limitation in Bash regarding variable expansion within brace ranges. It is a matter of language syntax and correct implementation of loops, not a security vulnerability.",None,0,1,5,1
shellcheck,SC2053,Quote the rhs of = in [[ ]] to prevent glob matching.,security_related,input_validation,4,"Unquoted variables in conditional expressions can lead to unexpected glob matching. If the variable contains user-controlled input, this can lead to logic bypasses or unintended behavior, which is a form of improper input handling.","While primarily a logic error, it has security implications when variables contain untrusted input.",1,2,7,3
shellcheck,SC2054,"Use spaces, not commas, to separate array elements.",non_security,,5,"This rule corrects a syntax error where commas are incorrectly used to separate array elements in Bash. It is a functional correctness issue, not a security issue.",None,0,1,9,1
shellcheck,SC2055,"You probably wanted && here, otherwise it's always true.",non_security,,4,"This rule identifies a common logical error in conditional statements. While logic errors can lead to security vulnerabilities, this specific rule is a general programming correctness check for boolean logic.",None,1,0,2,1
shellcheck,SC2056,You probably wanted && here,non_security,,4,"Similar to SC2055, this rule identifies a logical error in arithmetic conditional expressions. It is a general programming correctness check.",None,1,1,7,2
shellcheck,SC2057,Unknown binary operator.,non_security,,5,"This rule identifies a syntax error in a test expression. It is a matter of code correctness and syntax, not a security vulnerability.",None,0,1,4,1
shellcheck,SC2058,Unknown unary operator.,non_security,,5,This rule identifies a syntax error regarding an unknown unary operator. It is a matter of code correctness and syntax.,None,0,1,7,1
shellcheck,SC2059,SC2059,security_related,injection_command_execution,4,"Using variables directly in format strings for printf can lead to format string injection vulnerabilities if the variable content is attacker-controlled, potentially allowing arbitrary data interpretation or crashes.","While primarily a bug, it is a classic vector for format string injection.",1,2,5,3
shellcheck,SC2060,SC2060,non_security,,5,"This rule addresses shell globbing behavior. While it prevents unintended behavior, it is primarily a functional correctness issue related to how the shell expands arguments.",None,0,1,4,1
shellcheck,SC2061,Quote the parameter to -name so the shell won't interpret it.,non_security,,5,"This rule prevents shell globbing from interfering with find command arguments. It is a functional correctness issue regarding shell expansion, not a security vulnerability.",None,1,0,9,1
shellcheck,SC2062,SC2062,non_security,,5,"This rule addresses shell globbing behavior and regex syntax, which is a functional correctness and portability issue rather than a security vulnerability.",,0,2,8,2
shellcheck,SC2063,"Grep uses regex, but this looks like a glob.",non_security,,5,"This rule identifies confusion between globbing and regex syntax, which is a functional correctness issue.",,1,1,3,2
shellcheck,SC2064,"Use single quotes, otherwise this expands now rather than when signalled.",security_related,injection_command_execution,3,"Improper quoting in traps can lead to unintended command execution or expansion of variables at the wrong time, which can be exploited if the variables contain malicious input.","While primarily a functional bug, it has security implications regarding command injection if the trap content is influenced by external input.",0,0,4,0
shellcheck,SC2065,"This is interpreted as a shell file redirection, not a comparison.",non_security,,5,"This rule identifies syntax errors where shell redirections are confused with comparison operators, which is a functional correctness issue.",,0,0,2,0
shellcheck,SC2066,"Since you double-quoted this, it will not word split, and the loop will only run once.",non_security,,5,"This rule addresses loop iteration logic and word splitting behavior, which is a functional correctness issue.",,1,0,0,1
shellcheck,SC2067,"Missing ; or + terminating -exec. You can't use |/||/&&, and ; has to be a separate, quoted argument.",non_security,,5,"This rule addresses syntax and command structure for the find command, specifically how shell operators interact with -exec. It is a functional correctness issue, not a security vulnerability.",,0,0,5,0
shellcheck,SC2068,Double quote array expansions to avoid re-splitting elements.,security_related,injection_command_execution,4,"Unquoted array expansions or $@ can lead to word splitting and globbing, which can be exploited for command injection or unintended file access if the input contains malicious characters or patterns.",,1,1,5,2
shellcheck,SC2069,"To redirect stdout+stderr, 2>&1 must be last (or use { cmd > file; } 2>&1 to clarify).",non_security,,5,"This rule concerns the order of file descriptor redirection. While it affects how logs or errors are captured, it is primarily a functional correctness issue regarding shell redirection logic.",,0,1,6,1
shellcheck,SC2070,-n doesn't work with unquoted arguments. Quote or use [[ ]].,security_related,input_validation,4,Unquoted variables in test conditions can lead to logic errors where empty inputs are incorrectly evaluated. This can bypass security checks or lead to unexpected program flow.,,1,0,2,1
shellcheck,SC2071,> is for string comparisons. Use -gt instead.,non_security,,5,"This rule addresses the misuse of string comparison operators for numerical values. It is a logic error related to data type handling, not a security vulnerability.",,1,1,0,2
shellcheck,SC2072,"Decimals are not supported. Either use integers only, or use bc or awk to compare.",non_security,,5,"This rule addresses a language limitation regarding data types and arithmetic operations, which is a matter of syntax and correct program logic rather than security.",None,1,1,3,2
shellcheck,SC2073,Escape \< to prevent it redirecting (or switch to [[ .. ]]).,non_security,,5,"This rule addresses a syntax error where a comparison operator is misinterpreted as a file redirection operator. While unintended file redirection can have security implications, the rule itself is focused on correcting syntax to achieve the intended logical comparison.",None,0,0,3,0
shellcheck,SC2074,Can't use =~ in [ ]. Use [[..]] instead.,non_security,,5,This rule is purely about shell syntax and the correct usage of test constructs.,None,0,1,0,1
shellcheck,SC2075,"Escaping \< is required in [..], but invalid in [[..]]",non_security,,5,"This rule addresses syntax differences between test constructs, which is a matter of language usage and correctness.",None,0,1,6,1
shellcheck,SC2076,"Don't quote rhs of =~, it'll match literally rather than as a regex.",non_security,,4,"This rule addresses the correct application of regular expression syntax in Bash. While regex usage is often security-sensitive (e.g., input validation), this rule specifically targets the technical behavior of quoting in Bash regex matching, which is a language-specific implementation detail.",None,1,2,5,3
shellcheck,SC2077,You need spaces around the comparison operator.,non_security,,5,This rule addresses a syntax error regarding operator spacing in shell conditionals. It is a matter of language correctness and does not inherently impact security.,None,0,1,9,1
shellcheck,SC2078,This expression is constant. Did you forget a $ somewhere?,non_security,,4,"This rule identifies logic errors where a constant string is evaluated instead of a variable. While logic errors can lead to security vulnerabilities, the rule itself is focused on code correctness and preventing unintended behavior in conditional logic.",None,0,1,3,1
shellcheck,SC2079,(( )) doesn't support decimals. Use bc or awk.,non_security,,5,"This rule addresses a limitation in shell arithmetic regarding floating-point support. It is a functional limitation of the language, not a security control.",None,0,0,2,0
shellcheck,SC2080,Numbers with leading 0 are considered octal.,non_security,,5,This rule addresses how the shell interprets numeric literals (octal vs decimal). It is a language specification issue related to arithmetic correctness.,None,1,0,9,1
shellcheck,SC2081,[ .. ] can't match globs. Use [[ .. ]] or grep.,non_security,,4,"This rule addresses the functional difference between test [ ] and [[ ]] regarding glob pattern matching. While input validation often uses patterns, this rule is about the syntax and capabilities of the shell's conditional operators.",None,1,1,7,2
shellcheck,SC2082,"To expand via indirection, use name=""foo$n""; echo ""${!name}"".",security_related,injection_command_execution,4,The rationale explicitly warns that using eval for dynamic variable expansion requires careful sanitization to avoid arbitrary code execution.,"The rule itself is primarily about syntax/best practice for variable indirection, but the rationale highlights a critical security risk when using eval.",1,1,4,2
shellcheck,SC2083,Don't add spaces after the slash in ./file.,non_security,,5,This is a syntax and command usage rule regarding how to execute files in the current directory.,None,0,0,8,0
shellcheck,SC2084,Remove $ or use _=$((expr)) to avoid executing output.,non_security,,5,"This rule addresses a shell behavior where the result of an arithmetic expansion is incorrectly interpreted as a command name, causing execution errors.",None,1,3,6,4
shellcheck,SC2086,Double quote to prevent globbing and word splitting.,security_related,injection_command_execution,5,"Unquoted variables in shell scripts are a primary vector for shell injection and globbing attacks, where malicious input can be interpreted as command arguments or flags.","While often treated as a code quality issue, the security implications of word splitting and globbing on untrusted input are significant.",1,2,3,3
shellcheck,SC2087,Quote EOF to make here document expansions happen on the server side rather than on the client.,security_related,injection_command_execution,5,"Unquoted here-documents lead to unintended local expansion of variables before they are sent to a remote host via SSH, which can lead to command injection or logic errors in remote execution.",None,0,1,8,1
shellcheck,SC2088,Tilde does not expand in quotes. Use $HOME.,non_security,,5,This rule addresses a shell syntax behavior regarding tilde expansion within quotes. It is a functional correctness issue rather than a security vulnerability.,,0,0,10,0
shellcheck,SC2089,SC2089,security_related,injection_command_execution,5,"The rule explicitly warns against the misuse of variables containing command arguments, which can lead to command injection vulnerabilities if improperly handled with eval.",,1,3,5,4
shellcheck,SC2090,SC2090,uncertain,,1,"The provided rule definition is empty, making it impossible to determine its intent or security relevance.",Rule definition is missing.,0,0,10,0
shellcheck,SC2091,Remove surrounding $() to avoid executing output (or use eval if intentional).,security_related,injection_command_execution,4,"This rule prevents unintended command execution by warning against wrapping commands in subshells when the intent is direct execution, which is a common vector for accidental code execution.",,0,1,9,1
shellcheck,SC2092,Remove backticks to avoid executing output.,security_related,injection_command_execution,4,"Similar to SC2091, this rule warns against the use of backticks for command execution, which can lead to unintended execution of output strings as commands.","Rule definition is empty, but the title and context imply the same security concern as SC2091.",0,1,3,1
shellcheck,SC2093,Remove exec  if script should continue after this command.,non_security,,5,"This rule addresses a logic error regarding process execution flow and script continuation. It is a matter of script correctness and control flow, not security.",,0,1,9,1
shellcheck,SC2094,Make sure not to read and write the same file in the same pipeline.,non_security,,4,"This rule prevents data loss due to race conditions in file I/O. While data integrity is a security property, this rule is primarily concerned with preventing accidental file truncation during standard shell pipeline operations, which is a functional reliability issue.","Could be argued as integrity, but in the context of shell scripting, it is typically classified as a functional bug.",0,1,9,1
shellcheck,SC2095,Use ssh -n to prevent ssh from swallowing stdin.,non_security,,5,"This rule addresses a functional issue where a command consumes stdin intended for a loop. It is a matter of script logic and input handling, not a security vulnerability.",,0,3,7,3
shellcheck,SC2096,"On most OS, shebangs can only specify a single parameter.",non_security,,5,This rule addresses portability and syntax limitations regarding shebang interpretation on different operating systems.,,0,0,10,0
shellcheck,SC2097,This assignment is only seen by the forked process.,non_security,,5,This rule addresses a misunderstanding of shell variable scoping and environment variable passing. It is a matter of language semantics and script correctness.,,0,1,9,1
shellcheck,SC2098,This expansion will not see the mentioned assignment.,non_security,,5,"This rule addresses a shell expansion behavior issue related to variable scope and command execution order, which is a functional/logic concern rather than a security vulnerability.",,0,0,8,0
shellcheck,SC2099,"Use $((..)) for arithmetics, e.g. i=$((i + 2))",non_security,,5,This rule is about correct syntax for arithmetic operations in shell scripts to avoid command execution errors. It is a functional correctness issue.,,0,1,2,1
shellcheck,SC2100,"Use $((..)) for arithmetics, e.g. i=$((i + 2))",non_security,,5,"This rule addresses incorrect variable assignment syntax for arithmetic operations, which is a functional correctness issue.",,0,1,2,1
shellcheck,SC2101,"Named class needs outer [], e.g. [[:digit:]].",non_security,,5,This rule concerns the correct syntax for globbing character classes. It is a functional/syntax issue related to how the shell interprets file patterns.,,0,0,10,0
shellcheck,SC2102,Ranges can only match single chars (mentioned due to duplicates).,non_security,,5,"This rule addresses the misuse of glob range expressions, which is a functional issue regarding how files are matched. It does not inherently impact security properties.",,0,0,10,0
shellcheck,SC2103,Use a ( subshell ) to avoid having to cd back.,security_related,secure_configuration,4,"The rule addresses improper directory navigation and failure to handle errors in file system operations. If a 'cd' command fails due to permissions or missing files, subsequent commands may execute in an unintended directory, potentially leading to unauthorized file modification or data corruption.","The primary intent is robustness, but it directly mitigates risks associated with executing commands in incorrect contexts due to failed path resolution.",0,1,7,1
shellcheck,SC2104,"In functions, use return instead of break.",non_security,,5,"This is a syntax and control flow correction. Using 'break' instead of 'return' in a function is a logic error regarding shell semantics, not a security vulnerability.",,0,0,1,0
shellcheck,SC2105,break is only valid in loops,non_security,,5,This rule identifies invalid syntax where a control flow statement is used outside of its permitted scope. It is a matter of language correctness.,,0,0,6,0
shellcheck,SC2106,This only exits the subshell caused by the pipeline.,non_security,,4,"This rule addresses a misunderstanding of how subshells work in pipelines. While it prevents logic errors where a loop might not terminate as expected, it does not inherently address a security threat.",,0,1,2,1
shellcheck,SC2107,"Instead of [ a && b ], use [ a ] && [ b ].",non_security,,5,"This is a syntax correction for the 'test' command. Using '&&' inside a single bracket is syntactically incorrect in POSIX-compliant shells, and fixing it is a matter of code correctness.",,0,2,8,2
shellcheck,SC2108,"In [[..]], use && instead of -a.",non_security,,5,This rule is purely about syntax correctness for logical operators within shell test expressions.,None,0,0,10,0
shellcheck,SC2109,"Instead of [ a || b ], use [ a ] || [ b ].",non_security,,5,"This rule addresses syntax limitations of the [ ] test command, not security.",None,0,1,9,1
shellcheck,SC2110,"In [[..]], use || instead of -o.",non_security,,5,This rule is about syntax correctness for logical operators within shell test expressions.,None,0,1,9,1
shellcheck,SC2111,ksh does not allow function keyword and () at the same time.,non_security,,5,This rule concerns shell-specific syntax and portability between different shell implementations (ksh vs bash).,None,0,0,7,0
shellcheck,SC2112,function keyword is non-standard. Delete it.,non_security,,5,This rule is about POSIX compliance and portability of function definitions.,None,0,0,4,0
shellcheck,SC2113,function keyword is non-standard. Use foo() instead of function foo.,non_security,,5,"This rule is purely about shell portability and syntax standards, not security.",None,0,0,3,0
shellcheck,SC2114,Warning: deletes a system directory.,security_related,availability,5,"Prevents accidental deletion of critical system directories, which directly impacts system availability and integrity.",None,0,2,0,2
shellcheck,SC2115,"Use ""${var:?}"" to ensure this never expands to /* .",security_related,availability,5,"Prevents accidental recursive deletion of the entire filesystem due to empty variable expansion, which is a critical availability risk.",None,0,0,9,0
shellcheck,SC2116,"Useless echo? Instead of cmd $(echo foo), just use cmd foo.",non_security,,5,"This rule addresses code efficiency and unnecessary command execution, which is a matter of code quality rather than security.",None,0,1,5,1
shellcheck,SC2117,"To run commands as another user, use su -c or sudo.",security_related,authorization_access_control,5,"Addresses incorrect usage of privilege escalation commands, ensuring that commands are executed with the intended authorization context.",None,2,4,4,6
shellcheck,SC2118,Ksh does not support |&. Use 2>&1 |,non_security,,5,This rule is strictly about shell compatibility and syntax portability between Bash and Ksh.,None,0,0,10,0
shellcheck,SC2119,"Use foo ""$@"" if function's $1 should mean script's $1.",non_security,,5,"This rule addresses parameter passing logic and function scope, which is a matter of code correctness and functionality, not security.",None,0,0,8,0
shellcheck,SC2120,SC2120,non_security,,5,"This rule addresses parameter passing logic and function scope, which is a matter of code correctness and functionality, not security.",None,0,1,9,1
shellcheck,SC2121,"To assign a variable, use just var=value, not set ...",non_security,,5,This rule is about correct syntax for variable assignment in shell scripts.,None,0,0,10,0
shellcheck,SC2122,>= is not a valid operator. Use ! a < b instead.,non_security,,5,This rule is about syntax and operator support in shell scripts.,None,0,1,9,1
shellcheck,SC2123,PATH is the shell search path. Use another name.,non_security,,5,"This rule is about preventing accidental overwriting of the PATH environment variable, which is a functional and maintenance issue rather than a security control.","While PATH manipulation can be a security risk, this rule specifically targets accidental variable shadowing due to naming conventions.",0,0,6,0
shellcheck,SC2124,"Assigning an array to a string! Assign as array, or use * instead of @ to concatenate.",non_security,,5,This rule addresses data structure handling and shell syntax correctness regarding array assignment versus string assignment.,None.,0,1,6,1
shellcheck,SC2125,Brace expansions and globs are literal in assignments. Quote it or use an array.,non_security,,5,"This rule is about shell expansion behavior and ensuring the developer correctly assigns values to variables, which is a functional correctness issue.",None.,0,1,8,1
shellcheck,SC2126,Consider using grep -c instead of grep | wc,non_security,,5,The rule explicitly states it is a stylistic issue and suggests performance/clarity improvements for counting lines.,None.,0,1,9,1
shellcheck,SC2127,"To use ${ ..; }, specify #!/usr/bin/env ksh.",non_security,,5,This rule is about shell compatibility and ensuring the script uses the correct interpreter for the syntax features employed.,None.,0,1,9,1
shellcheck,SC2128,Expanding an array without an index only gives the element in the index 0.,non_security,,5,"This rule addresses a logic error in array expansion syntax. While incorrect array handling can lead to bugs, the primary objective is functional correctness rather than security.",,0,0,10,0
shellcheck,SC2129,Consider using { cmd1; cmd2; } >> file instead of individual redirects.,non_security,,5,This rule is primarily focused on performance optimization and code style by grouping redirects.,,0,0,10,0
shellcheck,SC2130,-eq is for integer comparisons. Use = instead.,non_security,,4,"This rule addresses a syntax/type mismatch error (using integer comparison operators for strings). While type confusion can sometimes lead to security issues, this specific rule is a standard programming correctness check.",,0,2,8,2
shellcheck,SC2139,"This expands when defined, not when used. Consider escaping.",security_related,injection_command_execution,3,Improper quoting in aliases or traps can lead to unexpected command execution or shell injection vulnerabilities if the variables contain malicious input.,"While often a functional issue, the rationale explicitly mentions preventing unintended evaluation which is a common vector for command injection.",0,1,9,1
shellcheck,SC2140,"Word is of the form ""A""B""C"" (B indicated). Did you mean ""ABC"" or ""A\""B\""C""?",non_security,,5,This rule identifies redundant or malformed quoting syntax. It is primarily concerned with code style and syntax correctness.,,0,2,8,2
shellcheck,SC2141,Did you mean IFS=$'\t' ?,non_security,,5,"This rule addresses a syntax/logic error regarding the Internal Field Separator (IFS) variable, which affects how the shell splits strings. It is a matter of correct script execution logic rather than a security control.",,0,1,8,1
shellcheck,SC2142,Aliases can't use positional parameters. Use a function.,non_security,,5,"This rule concerns the technical limitations of shell aliases versus functions. It is a matter of language syntax and best practices for script structure, not security.",,0,0,1,0
shellcheck,SC2143,Use grep -q instead of comparing output with [ -n .. ].,non_security,,4,"This rule is an optimization recommendation to improve performance and resource usage by using grep -q. While resource exhaustion can be a security concern, this rule is primarily about code efficiency and standard practice.",,0,0,6,0
shellcheck,SC2144,-e doesn't work with globs. Use a for loop.,non_security,,5,This rule addresses a common misunderstanding of how shell globs interact with the -e test operator. It is a functional correctness issue regarding shell expansion behavior.,,0,0,2,0
shellcheck,SC2145,Argument mixes string and array. Use * or separate argument.,non_security,,4,"This rule warns about the unexpected behavior of mixing strings and arrays in shell arguments. It is a matter of code correctness and avoiding unintended side effects in argument expansion, not a security vulnerability.",,0,2,8,2
shellcheck,SC2146,This action ignores everything before the -o. Use \( \) to group.,non_security,,5,"This rule addresses logical operator precedence in the 'find' command, which is a functional correctness and syntax issue rather than a security concern.",None,0,1,4,1
shellcheck,SC2147,Literal tilde in PATH works poorly across programs.,non_security,,5,"This rule concerns shell portability and environment variable resolution behavior, which is a functional/compatibility issue.",None,0,0,10,0
shellcheck,SC2148,Tips depend on target shell and yours is unknown. Add a shebang.,non_security,,5,"This rule is about providing metadata (shebang) to ensure correct interpreter selection for static analysis, which is a development/tooling quality issue.",None,0,1,0,1
shellcheck,SC2149,"Remove $/${} for numeric index, or escape it for string.",non_security,,5,"This rule addresses syntax and variable expansion behavior in array indexing, which is a functional correctness issue.",None,0,1,9,1
shellcheck,SC2150,-exec does not automatically invoke a shell. Use -exec sh -c .. for that.,security_related,injection_command_execution,5,The rule explicitly warns about command injection risks when using 'find -exec' and provides guidance on how to securely pass arguments to a shell to prevent arbitrary command execution.,None,0,4,6,4
shellcheck,SC2151,Only one integer 0-255 can be returned. Use stdout for other data.,non_security,,5,"This rule is about the correct usage of the return statement in shell functions, which is a matter of language syntax and functional correctness rather than security.",None,0,1,9,1
shellcheck,SC2152,Can only return 0-255. Other data should be written to stdout.,non_security,,5,"Similar to SC2151, this rule addresses the functional limitation of the return statement in shell scripts, focusing on proper data handling rather than security.",None,0,1,9,1
shellcheck,SC2153,Possible Misspelling: MYVARIABLE may not be assigned. Did you mean MY_VARIABLE?,non_security,,4,"This is a static analysis check for potential typos in variable names. While incorrect variable usage can lead to logic errors, the primary intent is code quality and correctness.",None,0,2,5,2
shellcheck,SC2154,var is referenced but not assigned.,non_security,,4,"This rule identifies unassigned variables. While uninitialized variables can sometimes lead to security issues (e.g., if they control sensitive logic), the rule's primary purpose is to catch bugs and typos.",None,0,2,5,2
shellcheck,SC2155,Declare and assign separately to avoid masking return values.,non_security,,4,"This rule addresses the masking of exit codes when declaring variables. While checking exit codes is a best practice for robust error handling, the rule itself is focused on language-specific behavior and preventing logic errors.",None,1,3,6,4
shellcheck,SC2156,Injecting filenames is fragile and insecure. Use parameters.,security_related,injection_command_execution,5,The rule explicitly addresses the risk of arbitrary code execution by preventing shell injection when handling filenames.,None,1,3,6,4
shellcheck,SC2157,Argument to implicit -n is always true due to literal strings.,non_security,,5,"This rule identifies a logic error where a condition is always true due to syntax, which is a code quality/correctness issue rather than a security vulnerability.",None,0,1,0,1
shellcheck,SC2158,[ false ] is true. Remove the brackets,non_security,,5,"This rule addresses a misunderstanding of shell syntax regarding the test command, which is a code correctness issue.",None,0,1,3,1
shellcheck,SC2159,[ 0 ] is true. Use false instead.,non_security,,5,"This rule addresses a misunderstanding of shell syntax regarding the test command, which is a code correctness issue.",None,0,1,7,1
shellcheck,SC2160,"Instead of [ true ], just use true.",non_security,,5,This is explicitly described as a stylistic suggestion to improve code clarity.,None,0,0,2,0
shellcheck,SC2161,"Instead of [ 1 ], use true.",non_security,,5,"This rule is purely stylistic, focusing on code readability and idiomatic usage of shell commands rather than security properties.",None,0,0,8,0
shellcheck,SC2162,read without -r will mangle backslashes.,security_related,input_validation,4,Improper handling of input via read can lead to unexpected behavior or command injection vulnerabilities if the input is later processed by other commands that interpret backslashes or special characters.,"While primarily about data integrity and input handling, it has security implications regarding how input is sanitized and processed.",1,0,9,1
shellcheck,SC2163,"This does not export FOO. Remove $/${} for that, or use ${var?} to quiet.",non_security,,5,"This rule addresses a logic error in variable expansion during export, which is a functional correctness issue rather than a security vulnerability.",None,0,2,8,2
shellcheck,SC2164,Use cd ... || exit in case cd fails.,security_related,secure_configuration,4,"Failing to verify directory changes can lead to executing commands in the wrong context, potentially resulting in unauthorized file deletion or modification if the script runs with elevated privileges or in sensitive directories.",This is a common source of 'confused deputy' style vulnerabilities in shell scripts.,0,0,2,0
shellcheck,SC2165,This nested loop overrides the index variable of its parent.,non_security,,5,"This rule identifies a logic error related to variable shadowing in loops, which affects program correctness but does not inherently compromise security.",None,0,0,3,0
shellcheck,SC2166,Prefer [ p ] && [ q ] as [ p -a q ] is not well-defined.,security_related,input_validation,4,"The rule addresses ambiguity in test expressions that can lead to incorrect logic when processing user-supplied input, potentially allowing for bypasses or unexpected behavior in conditional checks.","While primarily a correctness issue, the rationale explicitly mentions the risk of handling user-supplied input.",0,2,8,2
shellcheck,SC2167,This parent loop has its index variable overridden.,non_security,,5,"This rule identifies a logic error where a loop index variable is accidentally overridden, which is a maintenance and correctness issue rather than a security vulnerability.",,0,0,7,0
shellcheck,SC2168,local is only valid in functions.,non_security,,5,"This rule enforces correct shell syntax regarding the scope of the 'local' keyword, which is a language-specific correctness issue.",,0,0,5,0
shellcheck,SC2169,"In dash, something is not supported.",non_security,,5,"This rule identifies shell-specific portability issues where certain features are not supported in the 'dash' shell, which is a compatibility and portability concern.",,0,1,2,1
shellcheck,SC2170,Invalid number for -eq. Use = to compare as string (or use $var to expand as a variable).,non_security,,5,"This rule addresses syntax errors related to using numerical comparison operators on string values, which is a code correctness issue.",,1,0,5,1
shellcheck,SC2171,Found trailing ] outside test. Add missing [ or quote if intentional.,non_security,,5,This rule is a syntax and parsing check to ensure correct command structure. It does not address security vulnerabilities.,,1,1,4,2
shellcheck,SC2172,Trapping signals by number is not well-defined. Prefer signal names.,non_security,,4,"This rule concerns portability and reliability of signal handling across different platforms, which is a maintenance and robustness issue rather than a security one.",,0,0,2,0
shellcheck,SC2173,SIGKILL/SIGSTOP can not be trapped.,non_security,,4,"This rule identifies an invalid programming attempt to trap signals that cannot be trapped. While signal handling can be security-relevant, this specific rule is about POSIX compliance and runtime correctness.",,0,2,6,2
shellcheck,SC2174,"When used with -p, -m only applies to the deepest directory.",security_related,secure_configuration,4,This rule addresses incorrect file permission settings during directory creation. Improper permissions on parent directories can lead to unauthorized access or information exposure.,,0,2,8,2
shellcheck,SC2175,Quote this invalid brace expansion since it should be passed literally to eval,non_security,,4,"This rule is about shell syntax and the correct usage of brace expansion within eval. While eval can be a security risk, this rule focuses on the correctness of the expansion syntax.",,1,0,1,1
shellcheck,SC2176,time is undefined for pipelines. time single stage or bash -c instead.,non_security,,5,"This rule addresses undefined behavior in POSIX shell pipelines regarding the 'time' utility, which is a matter of language specification and portability, not security.",,0,0,3,0
shellcheck,SC2177,"time is undefined for compound commands, use time sh -c instead.",non_security,,5,This rule addresses POSIX compliance for the 'time' utility when used with compound commands. It is a portability and syntax issue.,,0,0,3,0
shellcheck,SC2178,Variable was used as an array but is now assigned a string.,non_security,,5,"This rule identifies a type mismatch between array and string assignments, which is a logic and code correctness issue.",,0,1,9,1
shellcheck,SC2179,"Use array+=(""item"") to append items to an array.",non_security,,5,"This rule addresses incorrect syntax for appending elements to an array, which is a language-specific syntax and logic issue.",,0,0,10,0
shellcheck,SC2180,Bash does not support multidimensional arrays. Use 1D or associative arrays.,non_security,,5,"This rule addresses the lack of support for multidimensional arrays in Bash, which is a language feature limitation and code structure issue.",,0,0,10,0
shellcheck,SC2181,"Check exit code directly with e.g. if mycmd;, not indirectly with $?.",non_security,,5,"This rule is about code correctness and avoiding logic errors related to exit code handling. While incorrect exit code handling can lead to security issues in specific contexts, the rule itself is a general programming best practice for script reliability.",None,1,1,1,2
shellcheck,SC2182,This printf format string has no variables. Other arguments are ignored.,non_security,,5,"This rule addresses a syntax/usage error in the printf command where arguments are ignored. It is a matter of code correctness and functionality, not security.",None,0,1,6,1
shellcheck,SC2183,"This format string has 2 variables, but is passed 1 argument.",non_security,,5,"This rule identifies a mismatch between format string placeholders and provided arguments. It is a functional correctness issue, not a security vulnerability.",None,0,0,3,0
shellcheck,SC2184,Quote arguments to unset so they're not glob expanded.,security_related,secure_configuration,4,"Unintended glob expansion in commands like 'unset' can lead to unexpected behavior where the wrong variable is unset, potentially bypassing security checks or leaving sensitive variables active when they should have been cleared.",None,0,1,1,1
shellcheck,SC2185,Some finds don't have a default path. Specify . explicitly.,non_security,,5,"This rule addresses portability issues with the 'find' command. It is a functional requirement for cross-platform compatibility, not a security control.",None,0,0,4,0
shellcheck,SC2186,tempfile is deprecated. Use mktemp instead.,security_related,secure_configuration,4,"Using deprecated temporary file utilities can lead to predictable file naming or insecure file creation patterns. Moving to mktemp is a standard security practice to ensure secure, atomic, and non-predictable temporary file creation.","The rule is primarily about deprecation and portability, but mktemp is the industry standard for preventing race conditions and symlink attacks in temporary directories.",0,0,1,0
shellcheck,SC2187,Ash scripts will be checked as Dash. Add # shellcheck shell=dash to silence.,non_security,,5,This is a tool-specific configuration warning regarding ShellCheck's internal analysis engine and shell compatibility. It does not impact the security of the script itself.,None.,0,0,10,0
shellcheck,SC2188,This redirection doesn't have a command. Move to its command (or use true as no-op).,non_security,,4,"This rule identifies syntax errors or logical mistakes in redirection that result in unintended behavior (e.g., truncating a file instead of writing to it). While it prevents data loss, it is primarily a code correctness and logic issue.","Could be argued as availability/integrity, but it is fundamentally a syntax/logic warning.",0,0,10,0
shellcheck,SC2189,You can't have | between this redirection and the command it should apply to.,non_security,,5,"This rule identifies a syntax error where a redirection is placed incorrectly in a pipeline, causing the command to fail or behave unexpectedly. It is a matter of shell syntax and code correctness.",None.,0,1,9,1
shellcheck,SC2190,"Elements in associative arrays need index, e.g. array=( [index]=value ) .",non_security,,5,This is a syntax and language-usage rule regarding the initialization of associative arrays in Bash. It does not have a direct impact on security properties.,None.,0,1,9,1
shellcheck,SC2191,"The = here is literal. To assign by index, use ( [index]=value ) with no spaces. To keep as literal, quote it.",non_security,,5,This rule addresses syntax and formatting issues related to array assignment in shell scripts. It does not impact security properties.,None,0,1,2,1
shellcheck,SC2192,"This array element has no value. Remove spaces after = or use """" for empty string.",non_security,,5,"This rule identifies syntax errors in array definitions. It is a matter of code correctness and clarity, not security.",None,0,1,9,1
shellcheck,SC2193,The arguments to this comparison can never be equal. Make sure your syntax is correct.,non_security,,4,"This rule identifies logic bugs where comparisons will always fail due to syntax errors. While logic bugs can sometimes lead to security issues, this rule is primarily focused on code correctness and debugging.",None,0,2,2,2
shellcheck,SC2194,This word is constant. Did you forget the $ on a variable?,non_security,,4,This rule identifies a likely coding error where a literal string is used instead of a variable. It is a code quality and logic issue.,None,0,1,9,1
shellcheck,SC2195,This pattern will never match the case statement's word. Double check them.,non_security,,4,This rule identifies logic errors in case statements where patterns will never match due to syntax mistakes. It is a code correctness issue.,None,0,1,0,1
shellcheck,SC2196,egrep is non-standard and deprecated. Use grep -E instead.,non_security,,5,"The rule addresses the use of deprecated, non-standard commands in favor of POSIX-compliant alternatives. This is a matter of code portability and maintenance, not security.",None,0,0,10,0
shellcheck,SC2197,fgrep is non-standard and deprecated. Use grep -F instead.,non_security,,5,"The rule addresses the use of deprecated, non-standard commands in favor of POSIX-compliant alternatives. This is a matter of code portability and maintenance, not security.",None,0,0,10,0
shellcheck,SC2198,Arrays don't work as operands in [ ]. Use a loop (or concatenate with * instead of @).,non_security,,5,"The rule addresses syntax errors related to array expansion in test expressions. While incorrect logic can lead to bugs, the primary objective here is fixing invalid syntax.",None,1,1,5,2
shellcheck,SC2199,Arrays implicitly concatenate in [[ ]]. Use a loop (or explicit * instead of @).,non_security,,5,"The rule addresses implicit concatenation behavior in bash arrays within conditional expressions. This is a language-specific behavior and syntax issue, not a security vulnerability.",None,1,1,8,2
shellcheck,SC2200,Brace expansions don't work as operands in [ ]. Use a loop.,non_security,,5,The rule addresses syntax errors caused by brace expansion in test expressions. This is a matter of language syntax and code correctness.,None,0,1,2,1
shellcheck,SC2201,Brace expansion doesn't happen in [[ ]]. Use a loop.,non_security,,5,"This rule addresses a syntax/behavioral misunderstanding regarding brace expansion in conditional expressions. It is a functional correctness issue, not a security vulnerability.",None,0,1,3,1
shellcheck,SC2202,Globs don't work as operands in [ ]. Use a loop.,non_security,,5,"This rule addresses incorrect usage of globbing in test expressions, which leads to syntax errors or unexpected behavior. It is a functional correctness issue.",None,0,3,1,3
shellcheck,SC2203,Globs are ignored in [[ ]] except right of =/!=. Use a loop.,non_security,,5,"This rule addresses the literal interpretation of globs in conditional expressions, which is a functional correctness issue rather than a security concern.",None,0,2,0,2
shellcheck,SC2204,"(..) is a subshell. Did you mean [ .. ], a test expression?",non_security,,5,This rule identifies a syntax error where a subshell is used instead of a test expression. It is a functional correctness issue.,None,0,0,10,0
shellcheck,SC2205,"(..) is a subshell. Did you mean [ .. ], a test expression?",non_security,,5,This rule identifies a syntax error where a subshell is used instead of a test expression. It is a functional correctness issue.,None,0,1,3,1
shellcheck,SC2206,"Quote to prevent word splitting/globbing, or split robustly with mapfile or read -a.",security_related,injection_command_execution,4,Unquoted variable expansion in shell scripts is a classic vector for command injection and unexpected behavior when variables contain malicious input or special characters.,"While primarily a robustness issue, it is a prerequisite for preventing shell injection vulnerabilities.",1,0,0,1
shellcheck,SC2207,Prefer mapfile or read -a to split command output (or quote to avoid splitting).,security_related,injection_command_execution,4,"Unquoted command substitution allows for word splitting and globbing, which can be exploited if the command output is influenced by external or untrusted data.","Primarily a robustness issue, but critical for preventing injection when handling dynamic command output.",1,0,4,1
shellcheck,SC2208,Use [[ ]] or quote arguments to -v to avoid glob expansion.,security_related,injection_command_execution,3,"Glob expansion on arguments can lead to unexpected file system interactions or logic bypasses if an attacker can influence the environment (e.g., creating files with specific names).",The security impact is context-dependent but relates to unintended file system interaction.,0,2,8,2
shellcheck,SC2209,Use var=$(command) to assign output (or quote to assign string).,non_security,,5,This is a syntax and logic error regarding variable assignment. It does not directly impact security properties.,None.,0,0,3,0
shellcheck,SC2210,This is a file redirection. Was it supposed to be a comparison or fd operation?,non_security,,5,This rule identifies syntax errors related to file redirection and numeric comparisons. It is a functional correctness issue.,None.,0,3,7,3
shellcheck,SC2211,"This is a glob used as a command name. Was it supposed to be in ${..}, array, or is it missing quoting?",non_security,,5,"This rule addresses syntax errors related to glob expansion and array handling. It is a matter of code correctness and syntax, not security.",None,0,1,9,1
shellcheck,SC2212,Use false instead of empty [/[[ conditionals.,non_security,,5,This is a stylistic suggestion to use 'false' instead of an empty test command. It has no impact on security.,None,0,0,10,0
shellcheck,SC2213,"getopts specified -n, but it's not handled by this case.",non_security,,4,"This rule identifies a mismatch between defined command-line options and the logic handling them. While it relates to input processing, it is primarily a functional correctness issue rather than a security vulnerability.",None,0,2,8,2
shellcheck,SC2214,This case is not specified by getopts.,non_security,,4,"Similar to SC2213, this identifies a logic error in command-line argument parsing. It is a functional bug, not a security flaw.",None,0,1,6,1
shellcheck,SC2215,This flag is used as a command name. Bad line break or missing [ .. ]?,non_security,,5,This rule identifies syntax errors where a flag is mistaken for a command. It is a syntax and code structure issue.,None,0,2,7,2
shellcheck,SC2216,"Piping to rm, a command that doesn't read stdin. Wrong command or missing xargs?",non_security,,5,"This rule identifies logical errors in command piping where the target command does not consume stdin. While it prevents script failure, it is primarily a functional correctness and maintenance issue rather than a security control.",None,0,1,6,1
shellcheck,SC2217,"Redirecting to echo, a command that doesn't read stdin. Bad quoting or missing xargs?",non_security,,5,This rule addresses incorrect redirection syntax where a command does not read from stdin. It is a functional correctness issue related to script logic and syntax.,None,0,0,6,0
shellcheck,SC2218,This function is only defined later. Move the definition up.,non_security,,5,"This rule addresses the order of function definitions in a script. It is a matter of language syntax and script execution flow, not security.",None,0,0,9,0
shellcheck,SC2219,"Instead of let expr, prefer (( expr )) .",non_security,,5,"This rule suggests a preferred syntax for arithmetic operations in Bash. It is a matter of code style and best practices for readability and robustness, not security.",None,0,0,10,0
shellcheck,SC2220,Invalid flags are not handled. Add a *) case.,security_related,secure_configuration,4,"Handling invalid flags in command-line arguments is a security best practice to prevent unexpected behavior, potential bypasses of intended logic, or improper execution states when a script is invoked with malicious or malformed parameters.","While primarily about robust error handling, it prevents undefined behavior in command-line interfaces.",1,1,0,2
shellcheck,SC2221,This pattern always overrides a later one.,non_security,,5,"This rule identifies logic errors in case statement pattern matching. While it affects program flow, it is primarily a functional correctness issue rather than a security control.",None,1,2,7,3
shellcheck,SC2222,This pattern never matches because of a previous pattern.,non_security,,5,"This rule identifies unreachable code in case statements. It is a functional correctness issue related to code logic, not security.",None,0,0,7,0
shellcheck,SC2223,This default assignment may cause DoS due to globbing. Quote it.,security_related,availability,4,"The rule explicitly warns about a potential Denial of Service (DoS) condition caused by unintended globbing expansion, which directly impacts system availability.","The rationale acknowledges the issue is largely theoretical, but the objective is explicitly to prevent a DoS condition.",1,2,7,3
shellcheck,SC2224,This mv has no destination. Check the arguments.,non_security,,5,This rule identifies a syntax or usage error where a command is missing an argument. It is a functional correctness issue.,None,0,1,7,1
shellcheck,SC2225,This cp has no destination. Check the arguments.,non_security,,5,This rule identifies a syntax or usage error where a command is missing an argument. It is a functional correctness issue.,None,0,2,2,2
shellcheck,SC2226,"This ln has no destination. Check the arguments, or specify . explicitly.",non_security,,5,"This rule addresses syntax and command usage errors related to the 'ln' command, focusing on ensuring the correct number of arguments are provided for file linking. It does not address security properties.",None,0,0,5,0
shellcheck,SC2227,Redirection applies to the find command itself. Rewrite to work per action (or move to end).,non_security,,5,"This rule identifies a logic error in shell redirection scope within a 'find' command. While incorrect redirection can lead to data loss or unexpected file overwrites, the rule's primary focus is on command syntax and intent, not security.",None,0,0,10,0
shellcheck,SC2229,"This does not read foo. Remove $/${} for that, or use ${var?} to quiet.",non_security,,5,"This rule identifies a common programming mistake where a variable is expanded before being passed to 'read', causing the input to be stored in the wrong variable. This is a functional bug, not a security vulnerability.",None,0,2,8,2
shellcheck,SC2230,which is non-standard. Use builtin command -v instead.,non_security,,5,"This rule suggests using a POSIX-standard builtin instead of an external tool for portability and performance. It is a best practice for code quality and portability, not security.",None,0,0,10,0
shellcheck,SC2231,"Quote expansions in this for loop glob to prevent word splitting, e.g. ""${dir}""/*.txt.",security_related,input_validation,4,"Unquoted expansions in shell scripts are a common source of vulnerabilities, as they allow for word splitting and globbing that can be exploited if the variable content is influenced by an attacker (e.g., filenames containing spaces or special characters).","While primarily a robustness issue, it is a standard defense against shell injection and unexpected behavior in file handling.",0,1,8,1
shellcheck,SC2232,Can't use sudo with builtins like cd. Did you want sudo sh -c .. instead?,security_related,authorization_access_control,5,"The rule addresses the misuse of 'sudo' with shell builtins, which fails to apply elevated privileges as intended. This leads to a false sense of security where a user believes a command is running with higher privileges when it is not, potentially causing authorization bypasses or logic errors in security-sensitive scripts.",The rule is primarily about the correct usage of the sudo mechanism to ensure intended privilege escalation occurs.,0,0,10,0
shellcheck,SC2233,Remove superfluous (..) around condition to avoid subshell overhead.,non_security,,5,The rule is strictly focused on performance optimization by removing unnecessary subshells. It does not impact the security posture of the script.,None.,0,0,10,0
shellcheck,SC2234,Remove superfluous (..) around test command to avoid subshell overhead.,non_security,,5,The rule is strictly focused on performance optimization by removing unnecessary subshells. It does not impact the security posture of the script.,None.,0,0,10,0
shellcheck,SC2235,Use { ..; } instead of (..) to avoid subshell overhead.,non_security,,5,The rule is strictly focused on performance optimization by replacing subshells with grouping operators. It does not impact the security posture of the script.,None.,0,0,7,0
shellcheck,SC2236,Use -n instead of ! -z.,non_security,,5,The rule is a stylistic recommendation to improve code readability by avoiding double negatives. It does not affect the logic or security of the conditional checks.,None.,0,0,10,0
shellcheck,SC2237,Use [ -n .. ] instead of ! [ -z .. ].,non_security,,5,This rule addresses code style and readability by eliminating double negatives. It does not impact the security posture of the script.,,0,0,10,0
shellcheck,SC2238,Redirecting to/from command name instead of file. Did you want pipes/xargs (or quote to ignore)?,security_related,injection_command_execution,4,"The rule identifies a logic error where a user intends to pipe data to a command but instead creates a file named after that command. This can lead to unexpected behavior, such as failing to execute intended security-critical commands or creating files that might be misinterpreted by other system processes.",,0,2,4,2
shellcheck,SC2239,Ensure the shebang uses the absolute path to the interpreter.,security_related,secure_configuration,4,Using absolute paths in shebangs is a best practice for secure configuration. Relying on relative paths can lead to path hijacking or execution of unintended binaries if the working directory is manipulated by an attacker.,,0,3,7,3
shellcheck,SC2240,The dot command does not support arguments in sh/dash. Set them as variables.,non_security,,5,This rule addresses shell portability and compatibility issues between different shells (Bash vs. Dash/POSIX sh). It does not have a direct impact on security.,,0,1,9,1
shellcheck,SC2241,The exit status can only be one integer 0-255. Use stdout for other data.,non_security,,5,This rule addresses syntax and functional correctness regarding how exit codes are handled in shell scripts. It does not relate to security properties.,,0,1,8,1
shellcheck,SC2242,Can only exit with status 0-255. Other data should be written to stdout/stderr.,non_security,,5,"This rule is about correct usage of exit codes and standard streams for error reporting, which is a matter of script correctness and POSIX compliance rather than a direct security control.","While proper error handling is good practice, this rule specifically addresses the syntax and semantics of the exit command.",1,0,3,1
shellcheck,SC2243,Prefer explicit -n to check for output (or run command without [/[[ to check for success),non_security,,5,This rule is purely about code clarity and avoiding confusion regarding how shell commands return values versus output strings.,None,0,2,8,2
shellcheck,SC2244,Prefer explicit -n to check non-empty string (or use =/-ne to check boolean/integer).,non_security,,5,This rule is a stylistic suggestion to improve code readability and prevent logic errors caused by misunderstanding shell string evaluation.,None,0,1,3,1
shellcheck,SC2245,-d only applies to the first expansion of this glob. Use a loop to check any/all.,non_security,,4,"This rule addresses a specific shell behavior (glob expansion in ksh) that leads to incorrect logic. It is a functional correctness issue, not a security vulnerability.",None,0,3,7,3
shellcheck,SC2246,This shebang specifies a directory. Ensure the interpreter is a file.,security_related,secure_configuration,4,A malformed shebang can lead to execution failures or unexpected behavior in the execution environment. Ensuring the interpreter is a valid file is a basic requirement for secure and predictable script execution.,"While primarily a functional error, it relates to the integrity of the execution environment.",0,2,5,2
shellcheck,SC2247,"Flip leading $ and "" if this should be a quoted substitution.",non_security,,5,This rule addresses a syntax error related to localized string resources versus command substitution. It is a matter of correct language syntax rather than a security vulnerability.,,1,0,0,1
shellcheck,SC2248,Problematic code:,security_related,injection_command_execution,4,"Quoting variables is a fundamental defense against shell injection and word splitting vulnerabilities. While this is an optional warning, it promotes secure coding practices that prevent unexpected command execution or path traversal.","The rule is marked as optional in ShellCheck, but the underlying mechanism (unquoted variables) is a primary vector for shell injection.",0,2,6,2
shellcheck,SC2249,"Consider adding a default *) case, even if it just exits with error.",security_related,secure_configuration,3,"Ensuring all paths in a case statement are handled prevents undefined behavior and logic errors. In security-sensitive scripts (like init scripts), failing to handle unexpected inputs can lead to insecure states or bypasses of intended logic.","The primary intent is robustness, but it directly impacts the secure configuration of system services.",1,2,4,3
shellcheck,SC2250,Prefer putting braces around variable references even when not strictly required.,non_security,,5,This rule is about code correctness and avoiding variable name ambiguity. It does not address a security property.,,0,1,7,1
shellcheck,SC2251,This ! is not on a condition and skips errexit. Add || exit 1 or make sure $? is checked.,security_related,secure_configuration,4,"This rule addresses the failure of 'set -e' (errexit) when using the '!' operator. In security-critical scripts, relying on 'set -e' to stop execution on failure is a standard defense-in-depth measure. Bypassing this check can lead to the execution of subsequent commands despite a previous failure, potentially leading to insecure states.",,1,1,2,2
shellcheck,SC2252,"You probably wanted && here, otherwise it's always true.",non_security,,5,"This rule identifies a logical error in conditional expressions that leads to incorrect program flow. While incorrect logic can lead to security vulnerabilities, the rule itself is focused on correcting a fundamental programming mistake rather than addressing a specific security property.",None,1,0,3,1
shellcheck,SC2253,"Use -R to recurse, or explicitly a-r to remove read permissions.",security_related,authorization_access_control,4,"The rule addresses the misuse of the chmod command, which directly impacts file system permissions. Using -r instead of -R can lead to unintended removal of read permissions or failure to apply security-critical permission changes recursively, directly affecting access control.",None,0,1,0,1
shellcheck,SC2254,Quote expansions in case patterns to match literally rather than as a glob.,security_related,input_validation,3,"Unquoted variables in case patterns are interpreted as globs. This can lead to unexpected matching behavior where malicious or unexpected input could bypass intended logic or trigger incorrect branches, which is a form of input validation failure.",None,1,1,1,2
shellcheck,SC2255,"[ ] does not apply arithmetic evaluation. Evaluate with $((..)) for numbers, or use string comparator for strings.",non_security,,5,"This rule addresses syntax and arithmetic evaluation errors in shell scripts. It ensures that expressions are evaluated correctly as numbers or strings, which is a matter of code correctness rather than security.",None,1,1,1,2
shellcheck,SC2256,"This translated string is the name of a variable. Flip leading $ and "" if this should be a quoted substitution.",non_security,,5,This rule identifies a likely typo where a user intended to reference a variable but instead invoked localized string translation. It is a code quality and intent-matching issue.,None,0,1,0,1
shellcheck,SC2257,Arithmetic modifications in command redirections may be discarded. Do them separately.,non_security,,5,"This rule addresses shell behavior regarding variable scope and side effects during command redirection. It is a matter of language semantics and code correctness, not security.",,0,0,10,0
shellcheck,SC2258,"The trailing comma is part of the value, not a separator. Delete or quote it.",non_security,,5,"This rule addresses syntax and data interpretation in a loop, specifically regarding how commas are handled in shell word splitting. It is a functional correctness issue.",,0,1,1,1
shellcheck,SC2259,"This redirection overrides piped input. To use both, merge or pass filenames.",non_security,,5,This rule addresses the functional limitation of standard input streams in shell commands. It is a matter of command logic and data flow correctness.,,0,2,8,2
shellcheck,SC2260,This redirection overrides the output pipe. Use tee to output to both.,non_security,,5,This rule addresses the functional limitation of standard output streams in shell commands. It is a matter of command logic and data flow correctness.,,0,0,10,0
shellcheck,SC2261,"Multiple redirections compete for stdout. Use cat, tee, or pass filenames instead.",non_security,,5,This rule addresses the functional limitation of file descriptors in shell commands. It is a matter of command logic and data flow correctness.,,0,1,9,1
shellcheck,SC2262,This alias can't be defined and used in the same parsing unit. Use a function instead.,non_security,,5,"This rule addresses shell parsing behavior and syntax limitations regarding alias expansion. It is a matter of language semantics and code correctness, not security.",,0,1,7,1
shellcheck,SC2263,"Since they're in the same parsing unit, this command will not refer to the previously mentioned alias.",non_security,,5,"Similar to SC2262, this rule addresses shell parsing behavior and the scope of alias definitions. It is a functional correctness issue.",,0,0,6,0
shellcheck,SC2264,This function unconditionally re-invokes itself. Missing command?,non_security,,4,"This rule identifies infinite recursion in shell functions. While infinite recursion can lead to a denial-of-service (resource exhaustion), the rule's primary intent is to fix unintentional programming bugs in wrapper functions, not to prevent malicious fork bombs.","Could be argued as availability-related in specific contexts, but primarily a functional bug.",0,0,10,0
shellcheck,SC2265,Use && for logical AND. Single & will background and return true.,security_related,authorization_access_control,4,"The problematic code shows a check for root privileges being bypassed because the single '&' operator backgrounds the command instead of performing a logical AND. This leads to incorrect authorization logic, potentially allowing unauthorized execution.",,0,1,6,1
shellcheck,SC2266,Use || for logical OR. Single | will pipe.,non_security,,5,"This rule addresses the misuse of the pipe operator '|' instead of the logical OR operator '||'. It is a syntax and logic error related to conditional branching, not a security control.",,0,1,4,1
shellcheck,SC2267,GNU xargs -i is deprecated in favor of -I{},non_security,,5,"This rule is about syntax and POSIX compliance regarding the xargs command, not security.",,0,1,9,1
shellcheck,SC2268,Avoid x-prefix in comparisons as it no longer serves a purpose.,non_security,,5,This rule addresses a legacy coding style/workaround for shell compatibility issues that are no longer relevant in modern shells.,,0,1,9,1
shellcheck,SC2269,"This variable is assigned to itself, so the assignment does nothing.",non_security,,5,This rule identifies redundant code (self-assignment) which is a matter of code quality and maintenance.,,0,0,6,0
shellcheck,SC2270,"To assign positional parameters, use set -- first second .. (or use [ ] to compare).",non_security,,5,"This rule addresses incorrect syntax for variable assignment and comparison, which is a functional/syntax issue.",,0,2,8,2
shellcheck,SC2271,"For indirection, use arrays, declare ""var$n=value"", or (for sh) read/eval",non_security,,5,"This rule addresses invalid syntax for dynamic variable assignment, which is a functional/language usage issue.",,1,1,6,2
shellcheck,SC2272,"Command name contains ==. For comparison, use [ ""$var"" = value ].",non_security,,5,"This rule is purely syntactic, focusing on correct shell comparison syntax rather than security properties.",None,0,1,8,1
shellcheck,SC2273,Sequence of ===s found. Merge conflict or intended as a commented border?,non_security,,5,"This rule identifies syntax errors or leftover merge conflict markers, which are maintenance issues rather than security vulnerabilities.",None,0,2,4,2
shellcheck,SC2274,Command name starts with ===. Intended as a commented border?,non_security,,5,"This rule identifies a formatting issue where a comment is missing a hash character, preventing it from being interpreted as a command.",None,0,0,3,0
shellcheck,SC2275,Command name starts with =. Bad line break?,non_security,,5,This rule addresses syntax errors related to line breaks and variable assignment formatting.,None,0,1,2,1
shellcheck,SC2276,This is interpreted as a command name containing =. Bad assignment or comparison?,non_security,,5,"This rule addresses incorrect shell syntax for variable assignment and comparison, which is a functional/syntactic issue.",None,0,1,7,1
shellcheck,SC2277,Use BASH_ARGV0 to assign to $0 in bash (or use [ ] to compare).,non_security,,5,This rule is about correct syntax for variable assignment in Bash. It does not address security properties.,None,0,1,9,1
shellcheck,SC2278,$0 can't be assigned in Ksh (but it does reflect the current function).,non_security,,5,This rule is about language-specific syntax limitations and workarounds in Ksh. It does not address security properties.,None,0,0,10,0
shellcheck,SC2279,$0 can't be assigned in Dash. This becomes a command name.,non_security,,5,This rule is about language-specific syntax limitations in Dash. It does not address security properties.,None,0,0,3,0
shellcheck,SC2280,"$0 can't be assigned this way, and there is no portable alternative.",non_security,,5,This rule is about language-specific syntax limitations in sh. It does not address security properties.,None,0,0,6,0
shellcheck,SC2281,Don't use $/${} on the left side of assignments.,non_security,,5,This rule is about correct syntax for variable assignment in shell scripts. It does not address security properties.,None,0,1,2,1
shellcheck,SC2282,"Variable names can't start with numbers, so this is interpreted as a command.",non_security,,5,"This rule addresses a syntax error regarding variable naming conventions in shell scripts. It is a matter of language specification and syntax, not security.",None,0,0,10,0
shellcheck,SC2283,"Use [ ] to compare values, or remove spaces around = to assign (or quote '=' if literal).",non_security,,5,"This rule addresses syntax errors related to variable assignment and comparison operators. It is a matter of language syntax and correctness, not security.",None,1,0,0,1
shellcheck,SC2284,Use [ x = y ] to compare values (or quote '==' if literal).,non_security,,5,"This rule addresses syntax errors related to comparison operators. It is a matter of language syntax and correctness, not security.",None,0,0,1,0
shellcheck,SC2285,Remove spaces around += to assign (or quote '+=' if literal).,non_security,,5,"This rule addresses syntax errors related to variable assignment operators. It is a matter of language syntax and correctness, not security.",None,0,0,1,0
shellcheck,SC2286,This empty string is interpreted as a command name. Double check syntax (or use 'true' as a no-op).,non_security,,5,"This rule addresses syntax errors where an empty string is interpreted as a command. It is a matter of language syntax and script structure, not security.",None,0,2,8,2
shellcheck,SC2287,This is interpreted as a command name ending with '/'. Double check syntax.,non_security,,5,This rule is purely related to syntax and command parsing errors in shell scripts.,None,0,1,6,1
shellcheck,SC2288,This is interpreted as a command name ending with apostrophe. Double check syntax.,non_security,,5,This rule addresses syntax errors where symbols are misinterpreted as part of command names.,None,0,1,1,1
shellcheck,SC2289,This is interpreted as a command name containing a linefeed. Double check syntax.,non_security,,5,This rule identifies syntax errors involving invalid characters in command names.,None,1,0,4,1
shellcheck,SC2290,Remove spaces around = to assign.,non_security,,5,This rule is related to shell syntax for variable assignment and export commands.,None,0,1,6,1
shellcheck,SC2291,Quote repeated spaces to avoid them collapsing into one.,non_security,,5,"This rule concerns output formatting and whitespace handling, which is a matter of presentation rather than security.",None,0,1,4,1
shellcheck,SC2292,Prefer [[ ]] over [ ] for tests in Bash/Ksh.,non_security,,5,"This rule is primarily about syntax preference and robustness of shell test expressions. While [[ ]] is safer against word splitting, the rule's primary focus is on language features and best practices rather than a direct security vulnerability.","While [[ ]] prevents some common shell pitfalls, the rule itself is categorized as a best practice for shell scripting rather than a security-specific control.",0,2,5,2
shellcheck,SC2293,"When eval'ing @Q-quoted words, use * rather than @ as the index.",non_security,,4,This rule addresses the correct usage of array expansion within eval to ensure proper string construction. It is a functional correctness and maintenance rule.,"Improper use of eval can lead to security issues, but this specific rule focuses on the syntax of array indexing rather than preventing command injection directly.",1,1,5,2
shellcheck,SC2294,eval negates the benefit of arrays. Drop eval to preserve whitespace/symbols (or eval as string).,security_related,injection_command_execution,5,"The use of eval on arbitrary input (like $@) is a classic source of command injection vulnerabilities. By discouraging eval in favor of direct execution, this rule directly mitigates the risk of unintended command execution.",The rule is highly relevant to security because it prevents the dangerous practice of re-parsing shell arguments through eval.,1,1,1,2
shellcheck,SC2295,"Expansions inside ${..} need to be quoted separately, otherwise they will match as a pattern.",non_security,,4,This rule addresses logic errors in parameter expansion where characters are misinterpreted as glob patterns. It is a functional correctness issue.,"While logic errors can sometimes lead to security bypasses, the primary intent here is to ensure the code behaves as the developer intended regarding string manipulation.",1,0,9,1
shellcheck,SC2296,Parameter expansions can't start with {. Double check syntax.,non_security,,5,This is a syntax error detection rule. It identifies malformed parameter expansion syntax.,Syntax errors are generally considered non-security related as they prevent the code from running correctly rather than introducing a vulnerability.,0,2,8,2
shellcheck,SC2297,"Double quotes must be outside ${}: ${""invalid""} vs ""${valid}"".",non_security,,5,This rule is strictly about shell syntax correctness for parameter expansion. It does not address security vulnerabilities.,None,0,1,0,1
shellcheck,SC2298,"${$x} is invalid. For expansion, use ${x}. For indirection, use arrays, ${!x} or (for sh) eval.",non_security,,5,"This rule identifies invalid shell syntax for parameter expansion and indirection. It is a matter of language correctness, not security.",None,0,2,5,2
shellcheck,SC2299,Parameter expansions can't be nested. Use temporary variables.,non_security,,5,This rule addresses a limitation in shell syntax regarding nested parameter expansions. It is a functional/syntax issue.,None,0,0,10,0
shellcheck,SC2300,Parameter expansion can't be applied to command substitutions. Use temporary variables.,non_security,,5,This rule enforces correct syntax for applying parameter expansion to variables rather than command substitutions. It is a language constraint issue.,None,0,1,9,1
shellcheck,SC2301,Parameter expansion starts with unexpected quotes. Double check syntax.,non_security,,5,This rule identifies invalid syntax within parameter expansions. It is a syntax error and does not relate to security properties.,None,0,1,9,1
shellcheck,SC2302,"This loops over values. To loop over keys, use ""${!array[@]}"".",non_security,,5,"This rule addresses a logic error in array iteration and indexing, which is a matter of code correctness rather than security.",,0,1,4,1
shellcheck,SC2303,"i is an array value, not a key. Use directly or loop over keys instead.",non_security,,5,"This rule is a companion to SC2302, focusing on the correct usage of array keys versus values, which is a code correctness issue.",,0,1,9,1
shellcheck,SC2304,must be escaped to multiply: \. Modern $((x * y)) avoids this issue.,non_security,,4,"This rule addresses shell globbing behavior that causes syntax errors in the 'expr' command. While it prevents unexpected command behavior, it is primarily a functional correctness issue regarding shell expansion.","While globbing issues can sometimes lead to unexpected command execution, this specific rule is focused on preventing syntax errors in arithmetic expressions.",1,1,8,2
shellcheck,SC2305,Quote regex argument to expr to avoid it expanding as a glob.,security_related,input_validation,3,"Failure to quote regex arguments in 'expr' allows shell globbing to interfere with the regex pattern. This can lead to incorrect matching logic, which in a security context could result in improper input validation or bypasses.","The primary intent is to prevent glob expansion, but the impact on regex-based validation makes it security-relevant.",1,0,0,1
shellcheck,SC2306,Escape glob characters in arguments to expr to avoid pathname expansion.,non_security,,4,This rule addresses shell globbing interference with arithmetic expressions in 'expr'. It is primarily a functional correctness issue to ensure the command executes as intended.,,1,2,7,3
shellcheck,SC2307,"'expr' expects 3+ arguments but sees 1. Make sure each operator/operand is a separate argument, and escape <>&|.",non_security,,5,"This rule is about syntax and argument handling for the 'expr' command. It addresses potential runtime errors due to incorrect argument count or unescaped shell metacharacters, which is a matter of code correctness rather than a security vulnerability.",None,1,1,5,2
shellcheck,SC2308,expr length has unspecified results. Prefer ${#var}.,non_security,,5,"This rule focuses on portability and best practices for string manipulation in shell scripts. It advises replacing non-POSIX 'expr' features with standard parameter expansion, which is a maintenance and portability concern.",None,0,1,5,1
shellcheck,SC2309,-eq treats this as a variable. Use = to compare as string (or expand explicitly with $var),non_security,,5,"This rule addresses a logic error where a string is incorrectly compared using a numerical operator. While logic errors can sometimes lead to security issues, this is primarily a bug-prevention rule regarding operator usage.",None,1,1,8,2
shellcheck,SC2310,This function is invoked in an 'if' condition so set -e will be disabled. Invoke separately if failures should cause the script to exit.,security_related,secure_configuration,4,"This rule identifies a scenario where 'set -e' (errexit) is implicitly disabled, causing a script to continue execution despite failures in critical operations (like file operations). This can lead to insecure states, such as proceeding with a deployment or cleanup after a failed prerequisite step.",None,3,3,3,6
shellcheck,SC2311,Bash implicitly disabled set -e for this function invocation because it's inside a command substitution. Add set -e; before it or enable inherit_errexit.,security_related,secure_configuration,4,"Similar to SC2310, this rule highlights that Bash disables 'set -e' inside command substitutions. This can lead to silent failures in critical automation tasks, potentially resulting in insecure deployments or incomplete operations that bypass error handling.",None,1,2,7,3
shellcheck,SC2312,Consider invoking this command separately to avoid masking its return value (or use '|| true' to ignore).,security_related,secure_configuration,5,"The rule prevents silent failures in scripts that use 'set -e'. If a command fails to provide a critical path (like a chroot directory), the script continues execution in an incorrect context, which can lead to unauthorized file system operations or privilege escalation.",,1,3,6,4
shellcheck,SC2313,Quote array indices to avoid them expanding as globs.,non_security,,5,"This is a syntax and behavior correctness issue related to glob expansion. While it can cause logic errors, it does not inherently compromise security properties.",,1,1,8,2
shellcheck,SC2314,"In bats, ! does not cause a test failure.",non_security,,4,"This rule addresses a testing framework limitation where tests fail to report errors correctly. While testing is important for security, the rule itself is about test framework correctness rather than a direct security vulnerability.",,0,2,1,2
shellcheck,SC2315,"In bats, ! does not cause a test failure. Fold the ! into the conditional!",non_security,,4,"Similar to SC2314, this is a test framework correctness issue. It ensures that tests actually validate conditions as intended, but the rule itself is focused on test reliability.",,0,2,0,2
shellcheck,SC2316,"This applies local to the variable named readonly, which is probably not what you want. Use a separate command or the appropriate declare options instead.",non_security,,5,This is a syntax and language usage rule regarding variable declaration modifiers. It does not directly impact security controls.,,0,0,10,0
shellcheck,SC2317,Command appears to be unreachable. Check usage (or ignore if invoked indirectly).,non_security,,5,"This rule identifies unreachable code, which is a matter of code correctness and maintenance rather than a security vulnerability.",,0,2,8,2
shellcheck,SC2318,"This assignment is used again in this declare, but won't have taken effect. Use two declares.",non_security,,5,"This rule addresses variable assignment behavior in shell commands, which is a functional correctness issue.",,0,0,10,0
shellcheck,SC2319,"This $? refers to a condition, not a command. Assign to a variable to avoid it being overwritten.",non_security,,4,"This rule identifies logic errors where the exit status variable ($?) is overwritten by subsequent conditional checks. While logic errors can lead to security bypasses, the rule itself is focused on general programming correctness.","While this is a logic error, it is primarily a functional bug rather than a security-specific rule.",1,2,2,3
shellcheck,SC2320,"This $? refers to echo/printf, not a previous command. Assign to variable to avoid it being overwritten.",non_security,,4,"Similar to SC2319, this rule identifies logic errors where the exit status is overwritten by an echo/printf command. It is a functional correctness issue.","While this could lead to incorrect error handling, the rule's primary purpose is to fix a logic bug in script flow.",1,2,6,3
shellcheck,SC2321,Array indices are already arithmetic contexts. Prefer removing the $(( and )).,non_security,,5,"This rule is purely stylistic, suggesting the removal of redundant arithmetic expansion syntax in array indices.",,0,0,1,0
shellcheck,SC2322,"In arithmetic contexts, ((x)) is the same as (x). Prefer only one layer of parentheses.",non_security,,5,"This rule is purely stylistic, focusing on redundant syntax in arithmetic expressions.",None,0,0,6,0
shellcheck,SC2323,a[(x)] is the same as a[x]. Prefer not wrapping in additional parentheses.,non_security,,5,This rule addresses redundant parentheses for code clarity and style.,None,0,0,1,0
shellcheck,SC2324,"var+=1 will append, not increment. Use (( var += 1 )), declare -i var, or quote number to silence.",non_security,,5,"This rule addresses a common logic error regarding variable type handling (string concatenation vs arithmetic addition), which is a functional/correctness issue rather than a security vulnerability.",None,0,1,9,1
shellcheck,SC2325,Multiple ! in front of pipelines are a bash/ksh extension. Use only 0 or 1.,non_security,,5,This rule addresses POSIX compliance and code cleanliness regarding redundant logical negations.,None,0,0,10,0
shellcheck,SC2326,! is not allowed in the middle of pipelines. Use command group as in cmd | { ! cmd; } if necessary.,non_security,,5,This rule addresses POSIX compliance regarding pipeline syntax and command structure.,None,0,0,6,0
shellcheck,SC2327,This command substitution will be empty because the command's output gets redirected away.,non_security,,5,"This rule identifies a logic error where command substitution output is redirected away, resulting in an empty variable. This is a functional correctness issue, not a security vulnerability.",,0,0,9,0
shellcheck,SC2328,This redirection takes output away from the command substitution.,non_security,,5,"This rule addresses a logic error in command substitution where output is redirected to a file instead of being captured. It relates to script behavior and correctness, not security.",,0,0,3,0
shellcheck,SC2329,This function is never invoked. Check usage (or ignored if invoked indirectly).,non_security,,5,"This rule identifies dead code (unused functions). While dead code can sometimes be a maintenance risk, it does not inherently constitute a security vulnerability.",,0,2,3,2
shellcheck,SC2330,BusyBox [[ .. ]] does not support glob matching. Use a case statement.,non_security,,5,This rule addresses shell portability and syntax compatibility between BusyBox and Bash. It is a functional/compatibility issue.,,0,0,10,0
shellcheck,SC2331,"For file existence, prefer standard -e over legacy -a.",non_security,,5,"This rule recommends using a standard, portable operator (-e) over a legacy one (-a) to avoid ambiguity in shell evaluation. It is a best practice for code quality and portability.",,0,2,8,2
shellcheck,SC2332,[ ! -o opt ] is always true because -o becomes logical OR. Use [[ ]] or ! [ -o opt ].,non_security,,5,"This rule addresses a syntax and logical error in shell condition evaluation. While logic errors can lead to unexpected behavior, this specific rule is about ensuring the shell correctly interprets the intended boolean condition, which is a matter of correctness rather than a security control.",None,0,3,2,3
shellcheck,SC2333,"You probably wanted || here, otherwise it's always false.",non_security,,5,"This rule identifies a logical error where a condition is impossible to satisfy. It is a functional correctness issue, not a security vulnerability.",None,0,1,6,1
shellcheck,SC2334,"You probably wanted || here, otherwise it's always false.",non_security,,5,"This rule identifies a logical error where a condition is impossible to satisfy. It is a functional correctness issue, not a security vulnerability.",None,0,3,7,3
shellcheck,SC2335,"Use [ ""$var"" -ne 1 ] instead of [ ! ""$var"" -eq 1 ]",non_security,,5,The rule explicitly states that this is a stylistic issue that does not affect correctness. It is about code readability and simplification.,None,0,0,4,0
shellcheck,SC3001,"In POSIX sh, process substitution is undefined.",non_security,,5,"This rule is about shell portability and compatibility. It ensures that scripts intended for POSIX sh do not use non-standard extensions, which is a maintenance and portability concern.",None,0,1,9,1
shellcheck,SC3002,"In POSIX sh, extglob is undefined.",non_security,,5,This rule is strictly about shell compatibility and syntax support (POSIX vs Bash/Ksh extensions). It does not address security vulnerabilities.,None,0,0,10,0
shellcheck,SC3003,"In POSIX sh, $'..' is undefined.",non_security,,5,"This rule addresses ANSI-C quoting syntax compatibility. It is a portability and syntax issue, not a security issue.",None,0,1,4,1
shellcheck,SC3004,"In POSIX sh, $"".."" is undefined",non_security,,5,This rule concerns the use of locale-specific string translation syntax which is not POSIX compliant. It is a portability issue.,None,0,2,8,2
shellcheck,SC3005,"In POSIX sh, arithmetic for loops are undefined.",non_security,,5,"This rule addresses the syntax of C-style for loops in shell scripts. It is a language feature and portability concern, not a security concern.",None,0,0,5,0
shellcheck,SC3006,"In POSIX sh, standalone ((..)) is undefined.",non_security,,5,"This rule addresses the syntax of arithmetic conditional expressions. It is a language feature and portability concern, not a security concern.",None,0,1,9,1
shellcheck,SC3007,"In POSIX sh, $[..] in place of $((..)) is undefined.",non_security,,5,This rule is strictly about POSIX portability and syntax compatibility for arithmetic expansion.,None,0,0,10,0
shellcheck,SC3008,"In POSIX sh, select loops are undefined.",non_security,,5,"This rule addresses shell feature support and portability, not security.",None,0,0,2,0
shellcheck,SC3009,"In POSIX sh, brace expansion is undefined.",non_security,,5,This rule is about POSIX portability and syntax differences regarding brace expansion.,None,0,1,2,1
shellcheck,SC3010,"In POSIX sh, [[ ]] is undefined.",non_security,,5,This rule is about POSIX portability and syntax differences regarding conditional expressions.,None,0,1,9,1
shellcheck,SC3011,"In POSIX sh, here-strings are undefined.",non_security,,5,This rule is about POSIX portability and syntax differences regarding here-strings.,None,0,0,10,0
shellcheck,SC3012,"In POSIX sh, lexicographical \< is undefined.",non_security,,5,"This rule is about shell portability and syntax compatibility with POSIX standards, not security.",,0,1,9,1
shellcheck,SC3013,"In POSIX sh, -nt is undefined.",non_security,,5,"This rule addresses shell compatibility and feature availability, which is a matter of portability, not security.",,0,0,10,0
shellcheck,SC3014,"In POSIX sh, == in place of = is undefined.",non_security,,5,"This rule is about syntax correctness and POSIX compliance for equality operators, not security.",,0,1,9,1
shellcheck,SC3015,"In POSIX sh, =~ regex matching is undefined.",non_security,,5,"This rule addresses shell portability and the use of non-standard regex operators, not security.",,0,2,7,2
shellcheck,SC3016,"In POSIX sh, unary -v (in place of [ -n ""${var+x}"" ]) is undefined.",non_security,,5,"This rule is about shell portability and the use of non-standard variable testing syntax, not security.",,0,1,8,1
shellcheck,SC3017,"In POSIX sh, unary -a in place of -e is undefined.",non_security,,5,"This rule is strictly about POSIX shell compatibility and syntax standards, not security.",None,0,0,8,0
shellcheck,SC3018,"In POSIX sh, ++ is undefined.",non_security,,5,"This rule addresses shell syntax compatibility and language features, not security.",None,0,0,10,0
shellcheck,SC3019,"In POSIX sh, exponentials are undefined.",non_security,,5,"This rule is about mathematical operator support in different shell environments, which is a portability issue.",None,0,0,1,0
shellcheck,SC3020,"In POSIX sh, &> is undefined.",non_security,,5,"This rule concerns shell syntax for output redirection and portability, not security.",None,0,0,9,0
shellcheck,SC3021,"In POSIX sh, >& filename (as opposed to >& fd) is undefined.",non_security,,5,"This rule is about the correct syntax for file descriptor redirection to ensure portability, not security.",None,0,0,5,0
shellcheck,SC3022,"In POSIX sh, named file descriptors is undefined.",non_security,,5,This rule is strictly about shell portability and syntax compatibility between POSIX sh and bash/ksh extensions.,None,0,0,10,0
shellcheck,SC3023,"In POSIX sh, FDs outside 0-9 are undefined.",non_security,,5,This rule addresses shell portability and the limitations of file descriptor ranges in POSIX-compliant shells.,None,0,1,9,1
shellcheck,SC3024,"In POSIX sh, += is undefined.",non_security,,5,"This rule is about syntax portability for variable concatenation, which is a matter of language specification rather than security.",None,0,0,8,0
shellcheck,SC3025,"In POSIX sh, /dev/{tcp,udp} is undefined.",non_security,,4,"While the rule discusses network-related features (/dev/tcp), the rule itself is a portability warning about the lack of support for these features in POSIX sh, not a security vulnerability warning.",None,0,2,8,2
shellcheck,SC3026,"In POSIX sh, ^ in place of ! in glob bracket expressions is undefined.",non_security,,5,This rule concerns the syntax of glob pattern matching and ensuring consistent behavior across different shell implementations.,None,1,1,7,2
shellcheck,SC3028,"In POSIX sh, VARIABLE is undefined.",non_security,,5,This rule is strictly about shell compatibility and portability of syntax/features between POSIX sh and Bash/Ksh.,,1,0,2,1
shellcheck,SC3029,"In POSIX sh, |& in place of 2>&1 | is undefined.",non_security,,5,"This rule addresses shell syntax portability and compatibility, not security properties.",,0,1,9,1
shellcheck,SC3030,"In POSIX sh, arrays are undefined.",non_security,,5,"This rule is about language feature support and portability, not security.",,0,1,5,1
shellcheck,SC3031,"In POSIX sh, redirecting from/to globs is undefined.",non_security,,5,"This rule concerns shell behavior regarding pathname expansion in redirections, which is a portability and correctness issue, not a security one.",,0,0,10,0
shellcheck,SC3032,"In POSIX sh, coproc is undefined.",non_security,,5,This rule is about shell feature availability and portability.,,0,0,1,0
shellcheck,SC3033,"In POSIX sh, naming functions outside [a-zA-Z][a-zA-Z0-9]* is undefined.",non_security,,5,This rule is strictly about POSIX shell portability and syntax compliance for function naming conventions.,,0,0,5,0
shellcheck,SC3034,"In POSIX sh, $(<file) is undefined.",non_security,,5,"This rule addresses shell-specific syntax differences and portability, not security vulnerabilities.",,0,1,8,1
shellcheck,SC3035,"In POSIX sh,  <file  is undefined.",non_security,,5,"This rule addresses shell-specific syntax differences and portability, not security vulnerabilities.",,0,1,9,1
shellcheck,SC3036,"In Dash, echo flags besides -n are not supported.",non_security,,5,"This rule is about ensuring consistent behavior of the echo command across different shells, which is a portability and maintenance concern.",,0,0,7,0
shellcheck,SC3037,"In POSIX sh, echo flags are undefined.",non_security,,5,"This rule promotes the use of printf over echo for cross-shell compatibility, which is a best practice for portability and reliability, not security.",,0,0,5,0
shellcheck,SC3038,"In POSIX sh, exec flags are undefined.",non_security,,5,This rule is strictly about shell compatibility and portability of the exec command flags.,,0,0,4,0
shellcheck,SC3039,"In POSIX sh, let is undefined.",non_security,,5,"This rule addresses the use of non-standard shell syntax for arithmetic operations, which is a portability and syntax issue.",,0,1,5,1
shellcheck,SC3040,"In POSIX sh, set option [name] is undefined.",non_security,,4,"While pipefail can be useful for error handling, this rule specifically flags the use of a non-POSIX set option in a script declared as POSIX sh, focusing on compatibility rather than security enforcement.","If pipefail is used to ensure error detection in security-critical pipelines, its absence could lead to silent failures, but the rule itself is a portability warning.",0,1,0,1
shellcheck,SC3041,"In POSIX sh, set flag -E is undefined",non_security,,5,"This rule warns about the use of shell-specific set flags that are not supported by the POSIX standard, which is a portability concern.",,0,1,9,1
shellcheck,SC3042,"In POSIX sh, set flag --default is undefined",non_security,,5,"This rule warns about the use of shell-specific set flags that are not supported by the POSIX standard, which is a portability concern.",,0,2,8,2
shellcheck,SC3043,"In POSIX sh, local is undefined.",non_security,,5,"This rule is strictly about POSIX compatibility and shell portability. It addresses the lack of the 'local' keyword in standard POSIX sh, which is a language feature/syntax issue, not a security control.",,0,2,8,2
shellcheck,SC3044,"In POSIX sh, declare is undefined.",non_security,,5,"This rule concerns the non-standard 'declare' command in POSIX sh. It is a portability and syntax issue, not a security-related constraint.",,0,0,10,0
shellcheck,SC3045,"In POSIX sh, some-command-with-flag is undefined.",non_security,,5,"This rule identifies the use of shell-specific flags that are not supported in POSIX sh. While some flags (like ulimit) have security implications, the rule itself is triggered by portability/compatibility concerns, not by the security impact of the flags.",,0,1,8,1
shellcheck,SC3046,"In POSIX sh, source in place of . is undefined.",non_security,,5,This rule is purely about syntax compatibility (using 'source' vs '.'). It has no impact on security properties.,,0,0,10,0
shellcheck,SC3047,"In POSIX sh, trapping ERR is undefined.",non_security,,5,"This rule addresses the lack of support for 'trap ERR' in POSIX sh. While error handling can be related to robustness, this specific rule is categorized as a portability/compatibility issue regarding shell features.",,0,2,0,2
shellcheck,SC3048,"In POSIX sh, prefixing signal names with 'SIG' is undefined.",non_security,,5,This rule is strictly about POSIX compliance and syntax portability regarding signal naming conventions.,None,0,0,4,0
shellcheck,SC3049,"In POSIX sh, using lower/mixed case for signal names is undefined.",non_security,,5,"This rule enforces POSIX standard compliance for signal name casing, which is a matter of portability and syntax, not security.",None,0,1,3,1
shellcheck,SC3050,"In POSIX sh, printf %q is undefined.",security_related,injection_command_execution,4,The rule addresses the lack of a built-in shell escaping mechanism for remote command execution. Improper escaping of variables passed to shells is a primary vector for command injection vulnerabilities.,"While the rule is framed as a portability issue, the problematic code example demonstrates a direct risk of command injection when passing variables to ssh.",0,2,8,2
shellcheck,SC3051,"In POSIX sh, source in place of . is undefined",non_security,,5,This rule is about shell portability and syntax differences between POSIX sh and Bash/Ksh.,None,0,0,10,0
shellcheck,SC3052,"In POSIX sh, arithmetic base conversion is undefined",non_security,,5,This rule concerns the portability of arithmetic expansion syntax across different shell implementations.,None,0,2,3,2
shellcheck,SC3053,"In POSIX sh, indirect expansion is undefined.",non_security,,5,"This rule is about shell compatibility and syntax. While the rationale mentions that improper use of eval can lead to code injection, the rule itself is a warning about POSIX compliance, not a security check.","The rationale mentions code injection as a side note, but the rule's primary purpose is portability.",1,2,7,3
shellcheck,SC3054,"In POSIX sh, array references are undefined.",non_security,,5,This rule is strictly about shell compatibility regarding array support in POSIX sh versus bash/ksh.,,0,0,7,0
shellcheck,SC3055,"In POSIX sh, array key expansion is undefined.",non_security,,5,This rule is about shell compatibility regarding array key expansion.,,0,0,10,0
shellcheck,SC3056,"In POSIX sh, name matching prefixes are undefined.",non_security,,5,This rule is about shell compatibility regarding name matching prefixes.,,0,0,10,0
shellcheck,SC3057,"In POSIX sh, string indexing is undefined.",non_security,,5,This rule is about shell compatibility regarding string indexing syntax.,,0,1,9,1
shellcheck,SC3059,"In POSIX sh, case modification is undefined.",non_security,,5,"This rule is strictly about POSIX compatibility and shell feature support, which falls under portability.",,0,0,10,0
shellcheck,SC3060,"In POSIX sh, string replacement is undefined.",non_security,,5,"This rule addresses shell compatibility and syntax support for string manipulation, not security.",,0,1,9,1
shellcheck,SC3061,"In POSIX sh, read without a variable is undefined.",non_security,,5,This rule is about POSIX compliance regarding the 'read' command syntax.,,0,1,5,1
shellcheck,SC3062,"In POSIX sh, unary -o to check options is undefined.",non_security,,5,This rule concerns shell portability and the correct way to check shell options in a POSIX-compliant manner.,,0,0,10,0
shellcheck,SC3063,"In POSIX sh, test -R and namerefs in general are undefined.",non_security,,5,This rule is about language feature support (namerefs) and POSIX compatibility.,,0,0,10,0
shellcheck,SC3064,"In POSIX sh, test -N is undefined.",non_security,,5,This rule is strictly about POSIX portability and syntax compatibility for the 'test' command. It does not address security properties.,None,0,0,8,0
shellcheck,SC3065,"In POSIX sh, test -k is undefined.",non_security,,5,"This rule is about POSIX portability. While the sticky bit is a security feature, the rule itself is only concerned with the syntax compatibility of the test command across different shells.",None,0,1,8,1
shellcheck,SC3066,"In POSIX sh, test -G is undefined.",non_security,,5,"This rule is about POSIX portability. Checking file ownership is a functional requirement, and the rule's purpose is to ensure the syntax works across different shell implementations.",None,0,0,10,0
shellcheck,SC3067,"In POSIX sh, test -O is undefined.",non_security,,5,"This rule is about POSIX portability. Checking file ownership is a functional requirement, and the rule's purpose is to ensure the syntax works across different shell implementations.",None,0,0,3,0
